<?xml version="1.0" encoding="UTF-8"?>
<Instance>
    <MetaData>
        <InstanceName>Middle9</InstanceName>
        <DataType>A</DataType>
        <Contributor>ITC2021</Contributor>
	<Date year="2021" month="1"/>
    </MetaData>
    <Structure>
        <Format leagueIds="0">
            <numberRoundRobin>2</numberRoundRobin>
            <compactness>C</compactness>
            <gameMode>NULL</gameMode>
        </Format>
        <AdditionalGames/>
    </Structure>
    <ObjectiveFunction>
        <Objective>SC</Objective>
    </ObjectiveFunction>
    <Data>
        <Distances/>
        <COEWeights/>
        <Costs/>
    </Data>
    <Resources>
        <LeagueGroups/>
        <Leagues>
            <league id="0" leagueGroups="" name="League 0"/>
        </Leagues>
        <TeamGroups/>
        <Teams>
            <team id="0" league="0" name="Team 0" teamGroups=""/>
            <team id="1" league="0" name="Team 1" teamGroups=""/>
            <team id="2" league="0" name="Team 2" teamGroups=""/>
            <team id="3" league="0" name="Team 3" teamGroups=""/>
            <team id="4" league="0" name="Team 4" teamGroups=""/>
            <team id="5" league="0" name="Team 5" teamGroups=""/>
            <team id="6" league="0" name="Team 6" teamGroups=""/>
            <team id="7" league="0" name="Team 7" teamGroups=""/>
            <team id="8" league="0" name="Team 8" teamGroups=""/>
            <team id="9" league="0" name="Team 9" teamGroups=""/>
            <team id="10" league="0" name="Team 10" teamGroups=""/>
            <team id="11" league="0" name="Team 11" teamGroups=""/>
            <team id="12" league="0" name="Team 12" teamGroups=""/>
            <team id="13" league="0" name="Team 13" teamGroups=""/>
            <team id="14" league="0" name="Team 14" teamGroups=""/>
            <team id="15" league="0" name="Team 15" teamGroups=""/>
            <team id="16" league="0" name="Team 16" teamGroups=""/>
            <team id="17" league="0" name="Team 17" teamGroups=""/>
        </Teams>
        <SlotGroups/>
        <Slots>
            <slot id="0" name="Slot 0" slotGroup=""/>
            <slot id="1" name="Slot 1" slotGroup=""/>
            <slot id="2" name="Slot 2" slotGroup=""/>
            <slot id="3" name="Slot 3" slotGroup=""/>
            <slot id="4" name="Slot 4" slotGroup=""/>
            <slot id="5" name="Slot 5" slotGroup=""/>
            <slot id="6" name="Slot 6" slotGroup=""/>
            <slot id="7" name="Slot 7" slotGroup=""/>
            <slot id="8" name="Slot 8" slotGroup=""/>
            <slot id="9" name="Slot 9" slotGroup=""/>
            <slot id="10" name="Slot 10" slotGroup=""/>
            <slot id="11" name="Slot 11" slotGroup=""/>
            <slot id="12" name="Slot 12" slotGroup=""/>
            <slot id="13" name="Slot 13" slotGroup=""/>
            <slot id="14" name="Slot 14" slotGroup=""/>
            <slot id="15" name="Slot 15" slotGroup=""/>
            <slot id="16" name="Slot 16" slotGroup=""/>
            <slot id="17" name="Slot 17" slotGroup=""/>
            <slot id="18" name="Slot 18" slotGroup=""/>
            <slot id="19" name="Slot 19" slotGroup=""/>
            <slot id="20" name="Slot 20" slotGroup=""/>
            <slot id="21" name="Slot 21" slotGroup=""/>
            <slot id="22" name="Slot 22" slotGroup=""/>
            <slot id="23" name="Slot 23" slotGroup=""/>
            <slot id="24" name="Slot 24" slotGroup=""/>
            <slot id="25" name="Slot 25" slotGroup=""/>
            <slot id="26" name="Slot 26" slotGroup=""/>
            <slot id="27" name="Slot 27" slotGroup=""/>
            <slot id="28" name="Slot 28" slotGroup=""/>
            <slot id="29" name="Slot 29" slotGroup=""/>
            <slot id="30" name="Slot 30" slotGroup=""/>
            <slot id="31" name="Slot 31" slotGroup=""/>
            <slot id="32" name="Slot 32" slotGroup=""/>
            <slot id="33" name="Slot 33" slotGroup=""/>
        </Slots>
    </Resources>
    <Constraints>
        <BasicConstraints/>
        <CapacityConstraints>
            <CA1 max="0" min="0" mode="H" penalty="1" slotGroups="" slots="1" teamGroups="" teams="10" type="HARD"/>
            <CA1 max="0" min="0" mode="A" penalty="1" slotGroups="" slots="30" teamGroups="" teams="11" type="HARD"/>
            <CA1 max="1" min="0" mode="H" penalty="1" slotGroups="" slots="16;29" teamGroups="" teams="1" type="HARD"/>
            <CA1 max="1" min="0" mode="A" penalty="1" slotGroups="" slots="1;24" teamGroups="" teams="7" type="HARD"/>
            <CA1 max="1" min="0" mode="A" penalty="1" slotGroups="" slots="30;20" teamGroups="" teams="1" type="HARD"/>
            <CA1 max="0" min="0" mode="A" penalty="1" slotGroups="" slots="7" teamGroups="" teams="3" type="HARD"/>
            <CA1 max="1" min="0" mode="A" penalty="1" slotGroups="" slots="32;12;27" teamGroups="" teams="12" type="HARD"/>
            <CA1 max="0" min="0" mode="A" penalty="1" slotGroups="" slots="14" teamGroups="" teams="12" type="HARD"/>
            <CA1 max="1" min="0" mode="H" penalty="1" slotGroups="" slots="30;26;21;24" teamGroups="" teams="14" type="HARD"/>
            <CA1 max="1" min="0" mode="A" penalty="1" slotGroups="" slots="17;24" teamGroups="" teams="13" type="HARD"/>
            <CA1 max="2" min="0" mode="A" penalty="1" slotGroups="" slots="10;1;21;3" teamGroups="" teams="10" type="HARD"/>
            <CA1 max="0" min="0" mode="A" penalty="1" slotGroups="" slots="0" teamGroups="" teams="9" type="HARD"/>
            <CA1 max="0" min="0" mode="H" penalty="1" slotGroups="" slots="7" teamGroups="" teams="10" type="HARD"/>
            <CA1 max="1" min="0" mode="A" penalty="1" slotGroups="" slots="4;24" teamGroups="" teams="10" type="HARD"/>
            <CA1 max="0" min="0" mode="H" penalty="1" slotGroups="" slots="6" teamGroups="" teams="15" type="HARD"/>
            <CA1 max="1" min="0" mode="H" penalty="1" slotGroups="" slots="30;8;26;27" teamGroups="" teams="9" type="HARD"/>
            <CA1 max="0" min="0" mode="A" penalty="1" slotGroups="" slots="15" teamGroups="" teams="9" type="HARD"/>
            <CA1 max="1" min="0" mode="A" penalty="1" slotGroups="" slots="19;16;7" teamGroups="" teams="5" type="HARD"/>
            <CA1 max="0" min="0" mode="H" penalty="1" slotGroups="" slots="5" teamGroups="" teams="16" type="HARD"/>
            <CA1 max="0" min="0" mode="H" penalty="1" slotGroups="" slots="31" teamGroups="" teams="16" type="HARD"/>
            <CA1 max="1" min="0" mode="A" penalty="1" slotGroups="" slots="28;1;25;27" teamGroups="" teams="1" type="HARD"/>
            <CA1 max="0" min="0" mode="A" penalty="1" slotGroups="" slots="26" teamGroups="" teams="0" type="HARD"/>
            <CA1 max="1" min="0" mode="H" penalty="1" slotGroups="" slots="20;24" teamGroups="" teams="10" type="HARD"/>
            <CA1 max="1" min="0" mode="H" penalty="1" slotGroups="" slots="30;18;22;8" teamGroups="" teams="10" type="HARD"/>
            <CA1 max="0" min="0" mode="A" penalty="1" slotGroups="" slots="20" teamGroups="" teams="0" type="HARD"/>
            <CA1 max="2" min="0" mode="A" penalty="1" slotGroups="" slots="28;13;3;27" teamGroups="" teams="16" type="HARD"/>
            <CA1 max="2" min="0" mode="A" penalty="1" slotGroups="" slots="33;12;7;27" teamGroups="" teams="17" type="HARD"/>
            <CA1 max="0" min="0" mode="H" penalty="1" slotGroups="" slots="16" teamGroups="" teams="9" type="HARD"/>
            <CA1 max="0" min="0" mode="A" penalty="1" slotGroups="" slots="4" teamGroups="" teams="16" type="HARD"/>
            <CA1 max="1" min="0" mode="H" penalty="1" slotGroups="" slots="28;0;5" teamGroups="" teams="6" type="HARD"/>
            <CA1 max="1" min="0" mode="A" penalty="1" slotGroups="" slots="8;11" teamGroups="" teams="8" type="HARD"/>
            <CA1 max="1" min="0" mode="A" penalty="1" slotGroups="" slots="20;2" teamGroups="" teams="0" type="HARD"/>
            <CA1 max="0" min="0" mode="H" penalty="1" slotGroups="" slots="27" teamGroups="" teams="15" type="HARD"/>
            <CA1 max="0" min="0" mode="H" penalty="1" slotGroups="" slots="30" teamGroups="" teams="6" type="HARD"/>
            <CA1 max="2" min="0" mode="A" penalty="1" slotGroups="" slots="6;33;5;3" teamGroups="" teams="10" type="HARD"/>
            <CA1 max="1" min="0" mode="A" penalty="1" slotGroups="" slots="18;17" teamGroups="" teams="15" type="HARD"/>
            <CA1 max="1" min="0" mode="A" penalty="1" slotGroups="" slots="17;16;23" teamGroups="" teams="5" type="HARD"/>
            <CA1 max="0" min="0" mode="H" penalty="1" slotGroups="" slots="16" teamGroups="" teams="13" type="HARD"/>
            <CA1 max="0" min="0" mode="A" penalty="1" slotGroups="" slots="23" teamGroups="" teams="1" type="HARD"/>
            <CA1 max="0" min="0" mode="H" penalty="1" slotGroups="" slots="15" teamGroups="" teams="8" type="HARD"/>
            <CA1 max="0" min="0" mode="H" penalty="1" slotGroups="" slots="5" teamGroups="" teams="10" type="HARD"/>
            <CA1 max="0" min="0" mode="A" penalty="1" slotGroups="" slots="29" teamGroups="" teams="16" type="HARD"/>
            <CA2 max="2" min="0" mode1="HA" mode2="GLOBAL" penalty="5" slotGroups="" slots="6;10;28;5;24;11;15;29" teamGroups1="" teamGroups2="" teams1="15" teams2="5;10;16;9;0;12;13;4" type="SOFT"/>
            <CA2 max="2" min="0" mode1="HA" mode2="GLOBAL" penalty="5" slotGroups="" slots="30;6;19;17;0;4;31;23" teamGroups1="" teamGroups2="" teams1="10" teams2="1;16;11;9;14;0;15;13" type="SOFT"/>
            <CA2 max="1" min="0" mode1="HA" mode2="GLOBAL" penalty="5" slotGroups="" slots="19;17;4;1;2;3" teamGroups1="" teamGroups2="" teams1="17" teams2="5;1;7;0;15;3" type="SOFT"/>
            <CA2 max="2" min="0" mode1="A" mode2="GLOBAL" penalty="5" slotGroups="" slots="6;17;16;1;25;11;29" teamGroups1="" teamGroups2="" teams1="13" teams2="5;10;8;9;14;3;2" type="SOFT"/>
            <CA2 max="3" min="0" mode1="H" mode2="GLOBAL" penalty="5" slotGroups="" slots="30;18;33;10;22;7;13;31" teamGroups1="" teamGroups2="" teams1="14" teams2="6;5;1;10;16;0;12;3" type="SOFT"/>
            <CA2 max="1" min="0" mode1="HA" mode2="GLOBAL" penalty="5" slotGroups="" slots="12;22;4;26;25;27" teamGroups1="" teamGroups2="" teams1="2" teams2="5;1;8;17;9;12" type="SOFT"/>
            <CA2 max="2" min="0" mode1="A" mode2="GLOBAL" penalty="5" slotGroups="" slots="30;33;10;1;7;21" teamGroups1="" teamGroups2="" teams1="5" teams2="6;16;14;0;15;13" type="SOFT"/>
            <CA2 max="1" min="0" mode1="HA" mode2="GLOBAL" penalty="5" slotGroups="" slots="16;2;24;25;14;15" teamGroups1="" teamGroups2="" teams1="7" teams2="5;11;14;12;13;4" type="SOFT"/>
            <CA2 max="2" min="0" mode1="H" mode2="GLOBAL" penalty="5" slotGroups="" slots="6;16;21;31;11;15;29" teamGroups1="" teamGroups2="" teams1="13" teams2="5;8;11;9;0;3;2" type="SOFT"/>
            <CA2 max="3" min="0" mode1="A" mode2="GLOBAL" penalty="5" slotGroups="" slots="32;30;5;4;1;3;15;29" teamGroups1="" teamGroups2="" teams1="5" teams2="1;17;9;14;0;15;12;13" type="SOFT"/>
            <CA2 max="2" min="0" mode1="H" mode2="GLOBAL" penalty="5" slotGroups="" slots="18;33;4;24;25;23" teamGroups1="" teamGroups2="" teams1="0" teams2="6;1;16;9;14;4" type="SOFT"/>
            <CA2 max="1" min="0" mode1="HA" mode2="GLOBAL" penalty="5" slotGroups="" slots="28;5;26;1;2;29;23" teamGroups1="" teamGroups2="" teams1="12" teams2="6;10;8;11;7;4;2" type="SOFT"/>
            <CA2 max="2" min="0" mode1="HA" mode2="GLOBAL" penalty="5" slotGroups="" slots="30;19;10;5;8;13;2;24" teamGroups1="" teamGroups2="" teams1="13" teams2="6;5;1;16;11;9;12;4" type="SOFT"/>
            <CA2 max="1" min="0" mode1="HA" mode2="GLOBAL" penalty="5" slotGroups="" slots="12;22;20;0;7;31" teamGroups1="" teamGroups2="" teams1="12" teams2="6;17;16;11;9;13" type="SOFT"/>
            <CA2 max="2" min="0" mode1="A" mode2="GLOBAL" penalty="5" slotGroups="" slots="17;8;13;3;14;27" teamGroups1="" teamGroups2="" teams1="1" teams2="10;11;9;7;14;2" type="SOFT"/>
            <CA2 max="1" min="0" mode1="HA" mode2="GLOBAL" penalty="5" slotGroups="" slots="32;6;33;9;1;24;15" teamGroups1="" teamGroups2="" teams1="17" teams2="6;1;7;0;12;4;3" type="SOFT"/>
            <CA2 max="2" min="0" mode1="A" mode2="GLOBAL" penalty="5" slotGroups="" slots="18;33;17;20;5;4;26" teamGroups1="" teamGroups2="" teams1="11" teams2="1;10;8;17;15;3;2" type="SOFT"/>
            <CA2 max="2" min="0" mode1="H" mode2="GLOBAL" penalty="5" slotGroups="" slots="19;1;7;31;24;11;27" teamGroups1="" teamGroups2="" teams1="6" teams2="5;1;10;17;7;0;13" type="SOFT"/>
            <CA2 max="2" min="0" mode1="A" mode2="GLOBAL" penalty="5" slotGroups="" slots="18;28;8;26;3;31;14" teamGroups1="" teamGroups2="" teams1="10" teams2="5;8;17;14;0;15;2" type="SOFT"/>
            <CA2 max="3" min="0" mode1="H" mode2="GLOBAL" penalty="5" slotGroups="" slots="32;33;20;9;26;2;14;23" teamGroups1="" teamGroups2="" teams1="15" teams2="6;8;16;11;9;14;3;2" type="SOFT"/>
            <CA2 max="2" min="0" mode1="HA" mode2="GLOBAL" penalty="5" slotGroups="" slots="33;22;9;1;7;2;11;29" teamGroups1="" teamGroups2="" teams1="2" teams2="1;10;8;11;9;14;15;4" type="SOFT"/>
            <CA2 max="2" min="0" mode1="H" mode2="GLOBAL" penalty="5" slotGroups="" slots="18;16;26;1;7;24;11" teamGroups1="" teamGroups2="" teams1="13" teams2="6;17;16;9;7;15;2" type="SOFT"/>
            <CA2 max="2" min="0" mode1="H" mode2="GLOBAL" penalty="5" slotGroups="" slots="30;6;26;13;3;23" teamGroups1="" teamGroups2="" teams1="1" teams2="5;17;16;13;4;3" type="SOFT"/>
            <CA2 max="2" min="0" mode1="H" mode2="GLOBAL" penalty="5" slotGroups="" slots="19;4;1;13;11;27" teamGroups1="" teamGroups2="" teams1="9" teams2="1;10;8;15;12;13" type="SOFT"/>
            <CA2 max="2" min="0" mode1="H" mode2="GLOBAL" penalty="5" slotGroups="" slots="10;12;1;25;15;27" teamGroups1="" teamGroups2="" teams1="14" teams2="1;17;11;13;4;3" type="SOFT"/>
            <CA2 max="3" min="0" mode1="H" mode2="GLOBAL" penalty="5" slotGroups="" slots="19;10;22;16;28;13;24;27" teamGroups1="" teamGroups2="" teams1="12" teams2="5;17;7;15;13;4;3;2" type="SOFT"/>
            <CA2 max="3" min="0" mode1="A" mode2="GLOBAL" penalty="5" slotGroups="" slots="30;6;33;10;28;0;26;13" teamGroups1="" teamGroups2="" teams1="12" teams2="6;5;10;9;7;15;3;2" type="SOFT"/>
            <CA2 max="1" min="0" mode1="HA" mode2="GLOBAL" penalty="5" slotGroups="" slots="17;12;4;7;2;11;27" teamGroups1="" teamGroups2="" teams1="2" teams2="5;17;7;14;0;15;12" type="SOFT"/>
            <CA2 max="3" min="0" mode1="A" mode2="GLOBAL" penalty="5" slotGroups="" slots="6;17;20;9;26;24;25;15" teamGroups1="" teamGroups2="" teams1="12" teams2="5;8;9;7;14;15;13;4" type="SOFT"/>
            <CA2 max="3" min="0" mode1="H" mode2="GLOBAL" penalty="5" slotGroups="" slots="33;0;8;7;21;24;25;15" teamGroups1="" teamGroups2="" teams1="4" teams2="6;8;17;16;7;0;15;13" type="SOFT"/>
            <CA2 max="2" min="0" mode1="H" mode2="GLOBAL" penalty="5" slotGroups="" slots="30;18;33;12;9;13;11" teamGroups1="" teamGroups2="" teams1="2" teams2="6;5;1;16;11;13;3" type="SOFT"/>
            <CA2 max="2" min="0" mode1="A" mode2="GLOBAL" penalty="5" slotGroups="" slots="0;5;8;2;31;25;29" teamGroups1="" teamGroups2="" teams1="10" teams2="17;16;11;7;14;0;2" type="SOFT"/>
            <CA2 max="2" min="0" mode1="H" mode2="GLOBAL" penalty="5" slotGroups="" slots="30;10;22;21;31;15;29" teamGroups1="" teamGroups2="" teams1="5" teams2="6;10;8;16;0;15;4" type="SOFT"/>
            <CA2 max="3" min="0" mode1="H" mode2="GLOBAL" penalty="5" slotGroups="" slots="6;33;20;5;1;13;3;24" teamGroups1="" teamGroups2="" teams1="11" teams2="6;10;8;9;7;15;13;4" type="SOFT"/>
            <CA2 max="2" min="0" mode1="A" mode2="GLOBAL" penalty="5" slotGroups="" slots="32;6;16;13;21;2;27" teamGroups1="" teamGroups2="" teams1="3" teams2="6;10;16;11;9;14;15" type="SOFT"/>
            <CA2 max="2" min="0" mode1="A" mode2="GLOBAL" penalty="5" slotGroups="" slots="0;1;21;31;25;29" teamGroups1="" teamGroups2="" teams1="3" teams2="8;9;0;12;4;2" type="SOFT"/>
            <CA2 max="2" min="0" mode1="A" mode2="GLOBAL" penalty="5" slotGroups="" slots="30;12;20;8;1;14" teamGroups1="" teamGroups2="" teams1="5" teams2="10;8;17;16;11;4" type="SOFT"/>
            <CA3 intp="3" max="2" min="0" mode1="H" mode2="SLOTS" penalty="1" teamGroups1="" teamGroups2="" teams1="6;5;1;10;8;17;16;11;9;7;14;0;15;12;13;4;3;2" teams2="6;5;1;10;8;17;16;11;9;7;14;0;15;12;13;4;3;2" type="HARD"/>
            <CA3 intp="4" max="2" min="0" mode1="HA" mode2="SLOTS" penalty="5" teamGroups1="" teamGroups2="" teams1="0" teams2="6;1;16;12;13;3" type="SOFT"/>
            <CA3 intp="4" max="2" min="0" mode1="H" mode2="SLOTS" penalty="5" teamGroups1="" teamGroups2="" teams1="0" teams2="6;5;9;15;12;4" type="SOFT"/>
            <CA3 intp="4" max="2" min="0" mode1="H" mode2="SLOTS" penalty="5" teamGroups1="" teamGroups2="" teams1="9" teams2="6;1;11;15;12" type="SOFT"/>
            <CA3 intp="4" max="2" min="0" mode1="HA" mode2="SLOTS" penalty="5" teamGroups1="" teamGroups2="" teams1="17" teams2="1;16;11;0;15;13;3" type="SOFT"/>
            <CA3 intp="4" max="2" min="0" mode1="A" mode2="SLOTS" penalty="5" teamGroups1="" teamGroups2="" teams1="9" teams2="10;11;14;15;12;3" type="SOFT"/>
            <CA3 intp="4" max="2" min="0" mode1="H" mode2="SLOTS" penalty="5" teamGroups1="" teamGroups2="" teams1="15" teams2="5;8;9;7;0;13" type="SOFT"/>
            <CA3 intp="4" max="2" min="0" mode1="HA" mode2="SLOTS" penalty="5" teamGroups1="" teamGroups2="" teams1="7" teams2="6;8;9;12;4;3" type="SOFT"/>
            <CA3 intp="4" max="2" min="0" mode1="A" mode2="SLOTS" penalty="5" teamGroups1="" teamGroups2="" teams1="3" teams2="6;5;11;14;0" type="SOFT"/>
            <CA3 intp="4" max="2" min="0" mode1="A" mode2="SLOTS" penalty="5" teamGroups1="" teamGroups2="" teams1="7" teams2="6;11;9;14;12;4;2" type="SOFT"/>
            <CA3 intp="4" max="2" min="0" mode1="A" mode2="SLOTS" penalty="5" teamGroups1="" teamGroups2="" teams1="13" teams2="10;17;11;15;12;2" type="SOFT"/>
            <CA3 intp="4" max="2" min="0" mode1="HA" mode2="SLOTS" penalty="5" teamGroups1="" teamGroups2="" teams1="2" teams2="10;8;7;14;15;12;3" type="SOFT"/>
            <CA3 intp="4" max="2" min="0" mode1="H" mode2="SLOTS" penalty="5" teamGroups1="" teamGroups2="" teams1="3" teams2="6;8;17;16;14" type="SOFT"/>
            <CA3 intp="4" max="2" min="0" mode1="H" mode2="SLOTS" penalty="5" teamGroups1="" teamGroups2="" teams1="1" teams2="5;10;8;11;7;15;2" type="SOFT"/>
            <CA3 intp="4" max="2" min="0" mode1="HA" mode2="SLOTS" penalty="5" teamGroups1="" teamGroups2="" teams1="0" teams2="6;8;17;16;11;15" type="SOFT"/>
            <CA3 intp="4" max="2" min="0" mode1="H" mode2="SLOTS" penalty="5" teamGroups1="" teamGroups2="" teams1="2" teams2="5;16;9;15;4;3" type="SOFT"/>
            <CA3 intp="4" max="2" min="0" mode1="H" mode2="SLOTS" penalty="5" teamGroups1="" teamGroups2="" teams1="11" teams2="8;17;16;7;15;4;3" type="SOFT"/>
            <CA3 intp="4" max="2" min="0" mode1="HA" mode2="SLOTS" penalty="5" teamGroups1="" teamGroups2="" teams1="2" teams2="6;8;7;14;12;13;3" type="SOFT"/>
            <CA3 intp="4" max="2" min="0" mode1="HA" mode2="SLOTS" penalty="5" teamGroups1="" teamGroups2="" teams1="16" teams2="6;5;9;15;12;4;3" type="SOFT"/>
            <CA3 intp="4" max="2" min="0" mode1="HA" mode2="SLOTS" penalty="5" teamGroups1="" teamGroups2="" teams1="9" teams2="16;7;14;0;15;12;13" type="SOFT"/>
            <CA3 intp="4" max="2" min="0" mode1="H" mode2="SLOTS" penalty="5" teamGroups1="" teamGroups2="" teams1="5" teams2="1;10;11;14;4;2" type="SOFT"/>
            <CA3 intp="4" max="2" min="0" mode1="HA" mode2="SLOTS" penalty="5" teamGroups1="" teamGroups2="" teams1="12" teams2="1;11;9;15;13;4" type="SOFT"/>
            <CA3 intp="4" max="2" min="0" mode1="HA" mode2="SLOTS" penalty="5" teamGroups1="" teamGroups2="" teams1="10" teams2="6;1;8;16;0;13;2" type="SOFT"/>
            <CA3 intp="4" max="2" min="0" mode1="HA" mode2="SLOTS" penalty="5" teamGroups1="" teamGroups2="" teams1="10" teams2="7;0;15;12;2" type="SOFT"/>
            <CA3 intp="4" max="2" min="0" mode1="H" mode2="SLOTS" penalty="5" teamGroups1="" teamGroups2="" teams1="1" teams2="6;5;10;8;11;13" type="SOFT"/>
            <CA3 intp="4" max="2" min="0" mode1="A" mode2="SLOTS" penalty="5" teamGroups1="" teamGroups2="" teams1="8" teams2="6;1;16;7;14;12;2" type="SOFT"/>
            <CA3 intp="4" max="2" min="0" mode1="A" mode2="SLOTS" penalty="5" teamGroups1="" teamGroups2="" teams1="11" teams2="5;16;9;7;14;15" type="SOFT"/>
            <CA3 intp="4" max="2" min="0" mode1="HA" mode2="SLOTS" penalty="5" teamGroups1="" teamGroups2="" teams1="5" teams2="16;11;14;0;15;13;4" type="SOFT"/>
            <CA3 intp="4" max="2" min="0" mode1="A" mode2="SLOTS" penalty="5" teamGroups1="" teamGroups2="" teams1="12" teams2="6;5;10;7;0" type="SOFT"/>
            <CA3 intp="4" max="2" min="0" mode1="H" mode2="SLOTS" penalty="5" teamGroups1="" teamGroups2="" teams1="15" teams2="6;5;17;12;2" type="SOFT"/>
            <CA3 intp="4" max="2" min="0" mode1="HA" mode2="SLOTS" penalty="5" teamGroups1="" teamGroups2="" teams1="8" teams2="6;10;7;14;15" type="SOFT"/>
            <CA3 intp="4" max="2" min="0" mode1="H" mode2="SLOTS" penalty="5" teamGroups1="" teamGroups2="" teams1="8" teams2="1;10;11;9;14;0;12" type="SOFT"/>
            <CA3 intp="4" max="2" min="0" mode1="A" mode2="SLOTS" penalty="5" teamGroups1="" teamGroups2="" teams1="11" teams2="7;0;15;12;4;3;2" type="SOFT"/>
            <CA3 intp="4" max="2" min="0" mode1="HA" mode2="SLOTS" penalty="5" teamGroups1="" teamGroups2="" teams1="14" teams2="10;9;0;12;4;2" type="SOFT"/>
            <CA3 intp="4" max="2" min="0" mode1="A" mode2="SLOTS" penalty="5" teamGroups1="" teamGroups2="" teams1="8" teams2="1;9;15;3;2" type="SOFT"/>
            <CA3 intp="4" max="2" min="0" mode1="H" mode2="SLOTS" penalty="5" teamGroups1="" teamGroups2="" teams1="10" teams2="8;11;0;15;2" type="SOFT"/>
            <CA3 intp="4" max="2" min="0" mode1="H" mode2="SLOTS" penalty="5" teamGroups1="" teamGroups2="" teams1="11" teams2="12;13;4;3;2" type="SOFT"/>
            <CA3 intp="4" max="2" min="0" mode1="H" mode2="SLOTS" penalty="5" teamGroups1="" teamGroups2="" teams1="9" teams2="6;8;14;12;13" type="SOFT"/>
            <CA3 intp="4" max="2" min="0" mode1="H" mode2="SLOTS" penalty="5" teamGroups1="" teamGroups2="" teams1="12" teams2="1;16;7;15;13;2" type="SOFT"/>
            <CA3 intp="4" max="2" min="0" mode1="HA" mode2="SLOTS" penalty="5" teamGroups1="" teamGroups2="" teams1="4" teams2="5;11;9;0;13;2" type="SOFT"/>
            <CA3 intp="4" max="2" min="0" mode1="H" mode2="SLOTS" penalty="5" teamGroups1="" teamGroups2="" teams1="15" teams2="6;5;1;8;4;3" type="SOFT"/>
            <CA3 intp="4" max="2" min="0" mode1="A" mode2="SLOTS" penalty="5" teamGroups1="" teamGroups2="" teams1="7" teams2="5;1;9;13;3" type="SOFT"/>
            <CA3 intp="4" max="2" min="0" mode1="H" mode2="SLOTS" penalty="5" teamGroups1="" teamGroups2="" teams1="1" teams2="6;17;9;7;15" type="SOFT"/>
            <CA3 intp="4" max="2" min="0" mode1="A" mode2="SLOTS" penalty="5" teamGroups1="" teamGroups2="" teams1="16" teams2="10;17;7;14;3;2" type="SOFT"/>
            <CA3 intp="4" max="2" min="0" mode1="A" mode2="SLOTS" penalty="5" teamGroups1="" teamGroups2="" teams1="10" teams2="6;8;17;11;7;12" type="SOFT"/>
            <CA3 intp="4" max="2" min="0" mode1="A" mode2="SLOTS" penalty="5" teamGroups1="" teamGroups2="" teams1="8" teams2="5;1;17;7;14;0;3" type="SOFT"/>
            <CA3 intp="4" max="2" min="0" mode1="H" mode2="SLOTS" penalty="5" teamGroups1="" teamGroups2="" teams1="7" teams2="6;1;8;9;2" type="SOFT"/>
            <CA3 intp="4" max="2" min="0" mode1="HA" mode2="SLOTS" penalty="5" teamGroups1="" teamGroups2="" teams1="6" teams2="5;8;11;0;15;12;3" type="SOFT"/>
            <CA3 intp="4" max="2" min="0" mode1="H" mode2="SLOTS" penalty="5" teamGroups1="" teamGroups2="" teams1="11" teams2="5;10;17;16;15;12" type="SOFT"/>
            <CA3 intp="4" max="2" min="0" mode1="HA" mode2="SLOTS" penalty="5" teamGroups1="" teamGroups2="" teams1="4" teams2="6;16;11;9;7;15;12" type="SOFT"/>
            <CA3 intp="4" max="2" min="0" mode1="A" mode2="SLOTS" penalty="5" teamGroups1="" teamGroups2="" teams1="11" teams2="17;16;14;0;4" type="SOFT"/>
            <CA3 intp="4" max="2" min="0" mode1="A" mode2="SLOTS" penalty="5" teamGroups1="" teamGroups2="" teams1="9" teams2="17;16;12;13;4;2" type="SOFT"/>
            <CA3 intp="4" max="2" min="0" mode1="HA" mode2="SLOTS" penalty="5" teamGroups1="" teamGroups2="" teams1="15" teams2="5;8;11;9;12;2" type="SOFT"/>
            <CA3 intp="4" max="2" min="0" mode1="HA" mode2="SLOTS" penalty="5" teamGroups1="" teamGroups2="" teams1="2" teams2="9;0;15;13;4" type="SOFT"/>
            <CA3 intp="4" max="2" min="0" mode1="A" mode2="SLOTS" penalty="5" teamGroups1="" teamGroups2="" teams1="9" teams2="6;1;16;11;13;2" type="SOFT"/>
            <CA3 intp="4" max="2" min="0" mode1="HA" mode2="SLOTS" penalty="5" teamGroups1="" teamGroups2="" teams1="2" teams2="8;17;11;9;14;0;13" type="SOFT"/>
            <CA3 intp="4" max="2" min="0" mode1="HA" mode2="SLOTS" penalty="5" teamGroups1="" teamGroups2="" teams1="17" teams2="8;11;9;15;12;3" type="SOFT"/>
            <CA3 intp="4" max="2" min="0" mode1="H" mode2="SLOTS" penalty="5" teamGroups1="" teamGroups2="" teams1="5" teams2="6;1;15;12;3" type="SOFT"/>
            <CA3 intp="4" max="2" min="0" mode1="H" mode2="SLOTS" penalty="5" teamGroups1="" teamGroups2="" teams1="16" teams2="6;5;14;0;15;12" type="SOFT"/>
            <CA3 intp="4" max="2" min="0" mode1="A" mode2="SLOTS" penalty="5" teamGroups1="" teamGroups2="" teams1="11" teams2="5;1;17;13;3" type="SOFT"/>
            <CA3 intp="4" max="2" min="0" mode1="HA" mode2="SLOTS" penalty="5" teamGroups1="" teamGroups2="" teams1="5" teams2="1;16;11;14;4;2" type="SOFT"/>
            <CA3 intp="4" max="2" min="0" mode1="HA" mode2="SLOTS" penalty="5" teamGroups1="" teamGroups2="" teams1="11" teams2="17;14;13;3;2" type="SOFT"/>
            <CA3 intp="4" max="2" min="0" mode1="A" mode2="SLOTS" penalty="5" teamGroups1="" teamGroups2="" teams1="10" teams2="5;1;17;14;0;4;3" type="SOFT"/>
            <CA3 intp="4" max="2" min="0" mode1="HA" mode2="SLOTS" penalty="5" teamGroups1="" teamGroups2="" teams1="14" teams2="6;8;11;0;13;2" type="SOFT"/>
            <CA3 intp="4" max="2" min="0" mode1="HA" mode2="SLOTS" penalty="5" teamGroups1="" teamGroups2="" teams1="8" teams2="5;7;14;0;15;4;2" type="SOFT"/>
            <CA3 intp="4" max="2" min="0" mode1="HA" mode2="SLOTS" penalty="5" teamGroups1="" teamGroups2="" teams1="17" teams2="10;8;0;15;13" type="SOFT"/>
            <CA3 intp="4" max="2" min="0" mode1="HA" mode2="SLOTS" penalty="5" teamGroups1="" teamGroups2="" teams1="10" teams2="6;5;1;17;16;2" type="SOFT"/>
            <CA3 intp="4" max="2" min="0" mode1="H" mode2="SLOTS" penalty="5" teamGroups1="" teamGroups2="" teams1="2" teams2="5;8;17;7;14" type="SOFT"/>
            <CA3 intp="4" max="2" min="0" mode1="A" mode2="SLOTS" penalty="5" teamGroups1="" teamGroups2="" teams1="7" teams2="1;10;8;16;15;4;3" type="SOFT"/>
            <CA3 intp="4" max="2" min="0" mode1="A" mode2="SLOTS" penalty="5" teamGroups1="" teamGroups2="" teams1="12" teams2="1;10;8;11;7;13;3" type="SOFT"/>
            <CA3 intp="4" max="2" min="0" mode1="HA" mode2="SLOTS" penalty="5" teamGroups1="" teamGroups2="" teams1="6" teams2="5;8;14;15;3" type="SOFT"/>
            <CA3 intp="4" max="2" min="0" mode1="H" mode2="SLOTS" penalty="5" teamGroups1="" teamGroups2="" teams1="6" teams2="8;7;14;0;12;2" type="SOFT"/>
            <CA3 intp="4" max="2" min="0" mode1="HA" mode2="SLOTS" penalty="5" teamGroups1="" teamGroups2="" teams1="14" teams2="8;17;16;11;7;12;2" type="SOFT"/>
            <CA3 intp="4" max="2" min="0" mode1="H" mode2="SLOTS" penalty="5" teamGroups1="" teamGroups2="" teams1="8" teams2="6;1;11;7;14;12;4" type="SOFT"/>
            <CA3 intp="4" max="2" min="0" mode1="A" mode2="SLOTS" penalty="5" teamGroups1="" teamGroups2="" teams1="11" teams2="6;10;8;9;14;3" type="SOFT"/>
            <CA3 intp="4" max="2" min="0" mode1="A" mode2="SLOTS" penalty="5" teamGroups1="" teamGroups2="" teams1="7" teams2="6;1;8;17;11;15;3" type="SOFT"/>
            <CA3 intp="4" max="2" min="0" mode1="H" mode2="SLOTS" penalty="5" teamGroups1="" teamGroups2="" teams1="9" teams2="6;1;16;0;15;2" type="SOFT"/>
            <CA3 intp="4" max="2" min="0" mode1="A" mode2="SLOTS" penalty="5" teamGroups1="" teamGroups2="" teams1="5" teams2="6;17;11;7;14;0;12" type="SOFT"/>
            <CA3 intp="4" max="2" min="0" mode1="A" mode2="SLOTS" penalty="5" teamGroups1="" teamGroups2="" teams1="15" teams2="17;11;7;14;12;13" type="SOFT"/>
            <CA3 intp="4" max="2" min="0" mode1="A" mode2="SLOTS" penalty="5" teamGroups1="" teamGroups2="" teams1="4" teams2="5;9;7;14;0;15;12" type="SOFT"/>
            <CA3 intp="4" max="2" min="0" mode1="A" mode2="SLOTS" penalty="5" teamGroups1="" teamGroups2="" teams1="13" teams2="1;11;9;12;2" type="SOFT"/>
            <CA3 intp="4" max="2" min="0" mode1="H" mode2="SLOTS" penalty="5" teamGroups1="" teamGroups2="" teams1="2" teams2="5;14;0;15;12;13" type="SOFT"/>
            <CA3 intp="4" max="2" min="0" mode1="H" mode2="SLOTS" penalty="5" teamGroups1="" teamGroups2="" teams1="7" teams2="5;1;10;16;14;15;2" type="SOFT"/>
            <CA3 intp="4" max="2" min="0" mode1="H" mode2="SLOTS" penalty="5" teamGroups1="" teamGroups2="" teams1="8" teams2="10;11;9;14;12;4;3" type="SOFT"/>
            <CA3 intp="4" max="2" min="0" mode1="HA" mode2="SLOTS" penalty="5" teamGroups1="" teamGroups2="" teams1="15" teams2="5;10;8;17;11;3;2" type="SOFT"/>
            <CA3 intp="4" max="2" min="0" mode1="H" mode2="SLOTS" penalty="5" teamGroups1="" teamGroups2="" teams1="12" teams2="6;1;8;14;0;15" type="SOFT"/>
            <CA3 intp="4" max="2" min="0" mode1="HA" mode2="SLOTS" penalty="5" teamGroups1="" teamGroups2="" teams1="5" teams2="8;9;7;0;13;2" type="SOFT"/>
            <CA3 intp="4" max="2" min="0" mode1="HA" mode2="SLOTS" penalty="5" teamGroups1="" teamGroups2="" teams1="8" teams2="6;10;17;16;7;12;4" type="SOFT"/>
            <CA3 intp="4" max="2" min="0" mode1="HA" mode2="SLOTS" penalty="5" teamGroups1="" teamGroups2="" teams1="14" teams2="8;17;16;7;0;12;3" type="SOFT"/>
            <CA3 intp="4" max="2" min="0" mode1="A" mode2="SLOTS" penalty="5" teamGroups1="" teamGroups2="" teams1="2" teams2="1;16;9;0;13;4;3" type="SOFT"/>
            <CA3 intp="4" max="2" min="0" mode1="HA" mode2="SLOTS" penalty="5" teamGroups1="" teamGroups2="" teams1="14" teams2="5;10;16;9;7;3;2" type="SOFT"/>
            <CA3 intp="4" max="2" min="0" mode1="A" mode2="SLOTS" penalty="5" teamGroups1="" teamGroups2="" teams1="5" teams2="6;10;16;9;7;14;12" type="SOFT"/>
            <CA3 intp="4" max="2" min="0" mode1="A" mode2="SLOTS" penalty="5" teamGroups1="" teamGroups2="" teams1="7" teams2="6;5;1;16;11;14;2" type="SOFT"/>
            <CA3 intp="4" max="2" min="0" mode1="HA" mode2="SLOTS" penalty="5" teamGroups1="" teamGroups2="" teams1="11" teams2="10;8;17;7;15;2" type="SOFT"/>
            <CA3 intp="4" max="2" min="0" mode1="H" mode2="SLOTS" penalty="5" teamGroups1="" teamGroups2="" teams1="16" teams2="5;10;14;12;4" type="SOFT"/>
            <CA3 intp="4" max="2" min="0" mode1="H" mode2="SLOTS" penalty="5" teamGroups1="" teamGroups2="" teams1="7" teams2="5;1;0;15;12;13;3" type="SOFT"/>
            <CA3 intp="4" max="2" min="0" mode1="HA" mode2="SLOTS" penalty="5" teamGroups1="" teamGroups2="" teams1="11" teams2="10;8;17;15;13;2" type="SOFT"/>
            <CA3 intp="4" max="2" min="0" mode1="HA" mode2="SLOTS" penalty="5" teamGroups1="" teamGroups2="" teams1="6" teams2="5;10;16;15;4;2" type="SOFT"/>
            <CA3 intp="4" max="2" min="0" mode1="H" mode2="SLOTS" penalty="5" teamGroups1="" teamGroups2="" teams1="17" teams2="6;5;10;16;7;0;2" type="SOFT"/>
            <CA3 intp="4" max="2" min="0" mode1="HA" mode2="SLOTS" penalty="5" teamGroups1="" teamGroups2="" teams1="7" teams2="6;5;8;0;4" type="SOFT"/>
            <CA3 intp="4" max="2" min="0" mode1="A" mode2="SLOTS" penalty="5" teamGroups1="" teamGroups2="" teams1="6" teams2="10;17;11;15;4;3" type="SOFT"/>
            <CA4 max="1" min="0" mode1="H" mode2="EVERY" penalty="1" slotGroups="" slots="33" teamGroups1="" teamGroups2="" teams1="6;3" teams2="6;5;1;10;8;17;16;11;9;7;14;0;15;12;13;4;3;2" type="HARD"/>
            <CA4 max="2" min="0" mode1="H" mode2="GLOBAL" penalty="1" slotGroups="" slots="6;10;20;3;14;15" teamGroups1="" teamGroups2="" teams1="6;5;0;13;4;2" teams2="6;5;0;13;4;2" type="HARD"/>
            <CA4 max="2" min="0" mode1="H" mode2="GLOBAL" penalty="1" slotGroups="" slots="12;0;4;8;7;15" teamGroups1="" teamGroups2="" teams1="5;1;17;15;13;2" teams2="5;1;17;15;13;2" type="HARD"/>
            <CA4 max="1" min="0" mode1="H" mode2="EVERY" penalty="1" slotGroups="" slots="5" teamGroups1="" teamGroups2="" teams1="8;9" teams2="6;5;1;10;8;17;16;11;9;7;14;0;15;12;13;4;3;2" type="HARD"/>
            <CA4 max="2" min="0" mode1="H" mode2="GLOBAL" penalty="1" slotGroups="" slots="5;4;2;3" teamGroups1="" teamGroups2="" teams1="10;15;13;3" teams2="10;15;13;3" type="HARD"/>
            <CA4 max="1" min="0" mode1="H" mode2="EVERY" penalty="1" slotGroups="" slots="20" teamGroups1="" teamGroups2="" teams1="10;7" teams2="6;5;1;10;8;17;16;11;9;7;14;0;15;12;13;4;3;2" type="HARD"/>
            <CA4 max="1" min="0" mode1="H" mode2="EVERY" penalty="1" slotGroups="" slots="31" teamGroups1="" teamGroups2="" teams1="8;15" teams2="6;5;1;10;8;17;16;11;9;7;14;0;15;12;13;4;3;2" type="HARD"/>
            <CA4 max="2" min="0" mode1="H" mode2="GLOBAL" penalty="1" slotGroups="" slots="16;0;5;8;2;3" teamGroups1="" teamGroups2="" teams1="1;10;11;14;13;3" teams2="1;10;11;14;13;3" type="HARD"/>
            <CA4 max="2" min="0" mode1="H" mode2="GLOBAL" penalty="1" slotGroups="" slots="5;1;2;3" teamGroups1="" teamGroups2="" teams1="6;10;9;15" teams2="6;10;9;15" type="HARD"/>
            <CA4 max="1" min="0" mode1="H" mode2="EVERY" penalty="1" slotGroups="" slots="24" teamGroups1="" teamGroups2="" teams1="16;11" teams2="6;5;1;10;8;17;16;11;9;7;14;0;15;12;13;4;3;2" type="HARD"/>
            <CA4 max="1" min="0" mode1="H" mode2="EVERY" penalty="1" slotGroups="" slots="31" teamGroups1="" teamGroups2="" teams1="1;9" teams2="6;5;1;10;8;17;16;11;9;7;14;0;15;12;13;4;3;2" type="HARD"/>
            <CA4 max="2" min="0" mode1="H" mode2="GLOBAL" penalty="1" slotGroups="" slots="0;1;2;3" teamGroups1="" teamGroups2="" teams1="5;8;9;7" teams2="5;8;9;7" type="HARD"/>
            <CA4 max="2" min="0" mode1="H" mode2="GLOBAL" penalty="1" slotGroups="" slots="6;10;0;8;7" teamGroups1="" teamGroups2="" teams1="1;8;11;0;12" teams2="1;8;11;0;12" type="HARD"/>
            <CA4 max="1" min="0" mode1="H" mode2="EVERY" penalty="1" slotGroups="" slots="1" teamGroups1="" teamGroups2="" teams1="15;2" teams2="6;5;1;10;8;17;16;11;9;7;14;0;15;12;13;4;3;2" type="HARD"/>
            <CA4 max="2" min="0" mode1="H" mode2="GLOBAL" penalty="1" slotGroups="" slots="5;1;2;3" teamGroups1="" teamGroups2="" teams1="1;17;9;7" teams2="1;17;9;7" type="HARD"/>
            <CA4 max="1" min="0" mode1="H" mode2="EVERY" penalty="1" slotGroups="" slots="8" teamGroups1="" teamGroups2="" teams1="6;14" teams2="6;5;1;10;8;17;16;11;9;7;14;0;15;12;13;4;3;2" type="HARD"/>
            <CA4 max="1" min="0" mode1="H" mode2="EVERY" penalty="1" slotGroups="" slots="19" teamGroups1="" teamGroups2="" teams1="13;4" teams2="6;5;1;10;8;17;16;11;9;7;14;0;15;12;13;4;3;2" type="HARD"/>
            <CA4 max="1" min="0" mode1="H" mode2="EVERY" penalty="1" slotGroups="" slots="2" teamGroups1="" teamGroups2="" teams1="3;2" teams2="6;5;1;10;8;17;16;11;9;7;14;0;15;12;13;4;3;2" type="HARD"/>
            <CA4 max="1" min="0" mode1="H" mode2="EVERY" penalty="1" slotGroups="" slots="20" teamGroups1="" teamGroups2="" teams1="5;12" teams2="6;5;1;10;8;17;16;11;9;7;14;0;15;12;13;4;3;2" type="HARD"/>
            <CA4 max="1" min="0" mode1="H" mode2="EVERY" penalty="5" slotGroups="" slots="12" teamGroups1="" teamGroups2="" teams1="1;16" teams2="6;5;1;10;8;17;16;11;9;7;14;0;15;12;13;4;3;2" type="SOFT"/>
            <CA4 max="2" min="0" mode1="H" mode2="GLOBAL" penalty="5" slotGroups="" slots="19;16;26;7;2;29" teamGroups1="" teamGroups2="" teams1="5;1;16;7;15;4" teams2="5;1;16;7;15;4" type="SOFT"/>
            <CA4 max="1" min="0" mode1="H" mode2="EVERY" penalty="5" slotGroups="" slots="11" teamGroups1="" teamGroups2="" teams1="5;8" teams2="6;5;1;10;8;17;16;11;9;7;14;0;15;12;13;4;3;2" type="SOFT"/>
            <CA4 max="1" min="0" mode1="H" mode2="EVERY" penalty="5" slotGroups="" slots="3" teamGroups1="" teamGroups2="" teams1="1;11" teams2="6;5;1;10;8;17;16;11;9;7;14;0;15;12;13;4;3;2" type="SOFT"/>
            <CA4 max="2" min="0" mode1="H" mode2="GLOBAL" penalty="5" slotGroups="" slots="6;10;12;5;1;31" teamGroups1="" teamGroups2="" teams1="5;8;17;9;7;15" teams2="5;8;17;9;7;15" type="SOFT"/>
            <CA4 max="2" min="0" mode1="H" mode2="GLOBAL" penalty="5" slotGroups="" slots="30;33;17;0;25;23" teamGroups1="" teamGroups2="" teams1="6;5;17;9;0;12" teams2="6;5;17;9;0;12" type="SOFT"/>
            <CA4 max="1" min="0" mode1="H" mode2="EVERY" penalty="5" slotGroups="" slots="14" teamGroups1="" teamGroups2="" teams1="1;15" teams2="6;5;1;10;8;17;16;11;9;7;14;0;15;12;13;4;3;2" type="SOFT"/>
            <CA4 max="1" min="0" mode1="H" mode2="GLOBAL" penalty="5" slotGroups="" slots="32;18;20;24;23" teamGroups1="" teamGroups2="" teams1="6;5;17;13;2" teams2="6;5;17;13;2" type="SOFT"/>
            <CA4 max="1" min="0" mode1="H" mode2="GLOBAL" penalty="5" slotGroups="" slots="10;0;2;24;14" teamGroups1="" teamGroups2="" teams1="6;5;10;17;3" teams2="6;5;10;17;3" type="SOFT"/>
            <CA4 max="2" min="0" mode1="H" mode2="GLOBAL" penalty="5" slotGroups="" slots="32;19;22;16;13;23" teamGroups1="" teamGroups2="" teams1="6;17;16;12;3;2" teams2="6;17;16;12;3;2" type="SOFT"/>
            <CA4 max="2" min="0" mode1="H" mode2="GLOBAL" penalty="5" slotGroups="" slots="32;19;12;26;13;15" teamGroups1="" teamGroups2="" teams1="8;17;16;7;0;3" teams2="8;17;16;7;0;3" type="SOFT"/>
            <CA4 max="1" min="0" mode1="H" mode2="EVERY" penalty="5" slotGroups="" slots="5" teamGroups1="" teamGroups2="" teams1="1;8" teams2="6;5;1;10;8;17;16;11;9;7;14;0;15;12;13;4;3;2" type="SOFT"/>
            <CA4 max="1" min="0" mode1="H" mode2="GLOBAL" penalty="5" slotGroups="" slots="17;9;15;29" teamGroups1="" teamGroups2="" teams1="9;15;4;3" teams2="9;15;4;3" type="SOFT"/>
            <CA4 max="1" min="0" mode1="H" mode2="GLOBAL" penalty="5" slotGroups="" slots="12;13;11;29" teamGroups1="" teamGroups2="" teams1="6;7;14;15" teams2="6;7;14;15" type="SOFT"/>
            <CA4 max="1" min="0" mode1="H" mode2="GLOBAL" penalty="5" slotGroups="" slots="32;10;17;16;29" teamGroups1="" teamGroups2="" teams1="6;1;17;16;7" teams2="6;1;17;16;7" type="SOFT"/>
            <CA4 max="2" min="0" mode1="H" mode2="GLOBAL" penalty="5" slotGroups="" slots="32;30;1;13;3;27" teamGroups1="" teamGroups2="" teams1="6;5;8;14;3;2" teams2="6;5;8;14;3;2" type="SOFT"/>
            <CA4 max="1" min="0" mode1="H" mode2="EVERY" penalty="5" slotGroups="" slots="5" teamGroups1="" teamGroups2="" teams1="5;9" teams2="6;5;1;10;8;17;16;11;9;7;14;0;15;12;13;4;3;2" type="SOFT"/>
            <CA4 max="1" min="0" mode1="H" mode2="GLOBAL" penalty="5" slotGroups="" slots="20;7;31;11" teamGroups1="" teamGroups2="" teams1="10;9;7;2" teams2="10;9;7;2" type="SOFT"/>
            <CA4 max="1" min="0" mode1="H" mode2="EVERY" penalty="5" slotGroups="" slots="15" teamGroups1="" teamGroups2="" teams1="6;15" teams2="6;5;1;10;8;17;16;11;9;7;14;0;15;12;13;4;3;2" type="SOFT"/>
            <CA4 max="1" min="0" mode1="H" mode2="GLOBAL" penalty="5" slotGroups="" slots="32;19;4;31" teamGroups1="" teamGroups2="" teams1="8;15;3;2" teams2="8;15;3;2" type="SOFT"/>
            <CA4 max="1" min="0" mode1="H" mode2="GLOBAL" penalty="5" slotGroups="" slots="18;6;10;22;20" teamGroups1="" teamGroups2="" teams1="6;1;10;12;3" teams2="6;1;10;12;3" type="SOFT"/>
            <CA4 max="1" min="0" mode1="H" mode2="EVERY" penalty="5" slotGroups="" slots="15" teamGroups1="" teamGroups2="" teams1="5;3" teams2="6;5;1;10;8;17;16;11;9;7;14;0;15;12;13;4;3;2" type="SOFT"/>
            <CA4 max="2" min="0" mode1="H" mode2="GLOBAL" penalty="5" slotGroups="" slots="30;19;22;0;5;1" teamGroups1="" teamGroups2="" teams1="6;1;17;11;7;13" teams2="6;1;17;11;7;13" type="SOFT"/>
            <CA4 max="1" min="0" mode1="H" mode2="GLOBAL" penalty="5" slotGroups="" slots="32;30;18;0;26" teamGroups1="" teamGroups2="" teams1="6;5;16;11;13" teams2="6;5;16;11;13" type="SOFT"/>
            <CA4 max="1" min="0" mode1="H" mode2="GLOBAL" penalty="5" slotGroups="" slots="31;24;25;29;23" teamGroups1="" teamGroups2="" teams1="10;8;9;0;12" teams2="10;8;9;0;12" type="SOFT"/>
            <CA4 max="1" min="0" mode1="H" mode2="EVERY" penalty="5" slotGroups="" slots="24" teamGroups1="" teamGroups2="" teams1="15;13" teams2="6;5;1;10;8;17;16;11;9;7;14;0;15;12;13;4;3;2" type="SOFT"/>
            <CA4 max="1" min="0" mode1="H" mode2="GLOBAL" penalty="5" slotGroups="" slots="6;10;20;0;2" teamGroups1="" teamGroups2="" teams1="5;17;9;15;13" teams2="5;17;9;15;13" type="SOFT"/>
            <CA4 max="2" min="0" mode1="H" mode2="GLOBAL" penalty="5" slotGroups="" slots="32;28;0;1;7;25" teamGroups1="" teamGroups2="" teams1="10;8;13;4;3;2" teams2="10;8;13;4;3;2" type="SOFT"/>
            <CA4 max="1" min="0" mode1="H" mode2="GLOBAL" penalty="5" slotGroups="" slots="33;10;9;11" teamGroups1="" teamGroups2="" teams1="0;15;12;3" teams2="0;15;12;3" type="SOFT"/>
            <CA4 max="1" min="0" mode1="H" mode2="EVERY" penalty="5" slotGroups="" slots="9" teamGroups1="" teamGroups2="" teams1="8;9" teams2="6;5;1;10;8;17;16;11;9;7;14;0;15;12;13;4;3;2" type="SOFT"/>
            <CA4 max="2" min="0" mode1="H" mode2="GLOBAL" penalty="5" slotGroups="" slots="33;17;1;13;31;14" teamGroups1="" teamGroups2="" teams1="10;11;14;15;3;2" teams2="10;11;14;15;3;2" type="SOFT"/>
            <CA4 max="1" min="0" mode1="H" mode2="EVERY" penalty="5" slotGroups="" slots="32" teamGroups1="" teamGroups2="" teams1="6;8" teams2="6;5;1;10;8;17;16;11;9;7;14;0;15;12;13;4;3;2" type="SOFT"/>
            <CA4 max="1" min="0" mode1="H" mode2="GLOBAL" penalty="5" slotGroups="" slots="32;26;25;14" teamGroups1="" teamGroups2="" teams1="6;8;0;3" teams2="6;8;0;3" type="SOFT"/>
            <CA4 max="1" min="0" mode1="H" mode2="GLOBAL" penalty="5" slotGroups="" slots="30;4;26;31;15" teamGroups1="" teamGroups2="" teams1="5;10;17;16;14" teams2="5;10;17;16;14" type="SOFT"/>
            <CA4 max="2" min="0" mode1="H" mode2="GLOBAL" penalty="5" slotGroups="" slots="10;9;28;31;11;23" teamGroups1="" teamGroups2="" teams1="8;17;9;14;0;2" teams2="8;17;9;14;0;2" type="SOFT"/>
            <CA4 max="2" min="0" mode1="H" mode2="GLOBAL" penalty="5" slotGroups="" slots="33;19;21;31;15;27" teamGroups1="" teamGroups2="" teams1="6;17;9;14;0;3" teams2="6;17;9;14;0;3" type="SOFT"/>
            <CA4 max="1" min="0" mode1="H" mode2="GLOBAL" penalty="5" slotGroups="" slots="13;24;14;27" teamGroups1="" teamGroups2="" teams1="5;1;13;2" teams2="5;1;13;2" type="SOFT"/>
            <CA4 max="2" min="0" mode1="H" mode2="GLOBAL" penalty="5" slotGroups="" slots="32;18;28;13;11;15" teamGroups1="" teamGroups2="" teams1="6;5;17;11;12;3" teams2="6;5;17;11;12;3" type="SOFT"/>
            <CA4 max="1" min="0" mode1="H" mode2="GLOBAL" penalty="5" slotGroups="" slots="30;6;28;7" teamGroups1="" teamGroups2="" teams1="5;14;0;4" teams2="5;14;0;4" type="SOFT"/>
        </CapacityConstraints>
        <GameConstraints>
            <GA1 max="1" meetings="2,1;15,7;" min="0" penalty="1" slotGroups="" slots="17;25" type="HARD"/>
            <GA1 max="1" meetings="0,1;0,12;" min="0" penalty="1" slotGroups="" slots="28;3" type="HARD"/>
            <GA1 max="2" meetings="0,11;11,12;12,1;16,11;" min="0" penalty="1" slotGroups="" slots="9;8;24;29" type="HARD"/>
            <GA1 max="0" meetings="12,13;" min="0" penalty="1" slotGroups="" slots="0" type="HARD"/>
        </GameConstraints>
        <BreakConstraints>
            <BR1 intp="0" mode1="LEQ" mode2="HA" penalty="1" slotGroups="" slots="24" teamGroups="" teams="10" type="HARD"/>
            <BR1 intp="2" mode1="LEQ" mode2="HA" penalty="1" slotGroups="" slots="19;20;5;2;25;29" teamGroups="" teams="4" type="HARD"/>
            <BR1 intp="1" mode1="LEQ" mode2="HA" penalty="1" slotGroups="" slots="5;25;29" teamGroups="" teams="12" type="HARD"/>
            <BR1 intp="1" mode1="LEQ" mode2="HA" penalty="1" slotGroups="" slots="9;1;25" teamGroups="" teams="17" type="HARD"/>
            <BR1 intp="1" mode1="LEQ" mode2="HA" penalty="1" slotGroups="" slots="2;27;23" teamGroups="" teams="6" type="HARD"/>
            <BR1 intp="2" mode1="LEQ" mode2="HA" penalty="1" slotGroups="" slots="32;18;22;13;27;23" teamGroups="" teams="17" type="HARD"/>
            <BR1 intp="2" mode1="LEQ" mode2="HA" penalty="1" slotGroups="" slots="32;30;18;19;17;1" teamGroups="" teams="2" type="HARD"/>
            <BR1 intp="1" mode1="LEQ" mode2="HA" penalty="1" slotGroups="" slots="9;0;4" teamGroups="" teams="14" type="HARD"/>
            <BR1 intp="0" mode1="LEQ" mode2="HA" penalty="1" slotGroups="" slots="10" teamGroups="" teams="6" type="HARD"/>
            <BR1 intp="0" mode1="LEQ" mode2="HA" penalty="1" slotGroups="" slots="8" teamGroups="" teams="4" type="HARD"/>
            <BR1 intp="0" mode1="LEQ" mode2="HA" penalty="1" slotGroups="" slots="1" teamGroups="" teams="12" type="HARD"/>
            <BR1 intp="1" mode1="LEQ" mode2="HA" penalty="1" slotGroups="" slots="6;7;21" teamGroups="" teams="9" type="HARD"/>
            <BR1 intp="2" mode1="LEQ" mode2="HA" penalty="1" slotGroups="" slots="18;8;13;25;27;23" teamGroups="" teams="2" type="HARD"/>
            <BR1 intp="1" mode1="LEQ" mode2="HA" penalty="1" slotGroups="" slots="13;24;29" teamGroups="" teams="10" type="HARD"/>
            <BR1 intp="2" mode1="LEQ" mode2="HA" penalty="1" slotGroups="" slots="10;1;3;25;15;23" teamGroups="" teams="11" type="HARD"/>
            <BR1 intp="2" mode1="LEQ" mode2="HA" penalty="1" slotGroups="" slots="30;19;8;14;27;29" teamGroups="" teams="9" type="HARD"/>
            <BR1 intp="2" mode1="LEQ" mode2="HA" penalty="1" slotGroups="" slots="6;28;8;2;24;25" teamGroups="" teams="12" type="HARD"/>
            <BR1 intp="0" mode1="LEQ" mode2="HA" penalty="1" slotGroups="" slots="10" teamGroups="" teams="6" type="HARD"/>
            <BR1 intp="1" mode1="LEQ" mode2="HA" penalty="1" slotGroups="" slots="18;21;23" teamGroups="" teams="17" type="HARD"/>
            <BR1 intp="0" mode1="LEQ" mode2="HA" penalty="1" slotGroups="" slots="28" teamGroups="" teams="6" type="HARD"/>
            <BR1 intp="0" mode1="LEQ" mode2="HA" penalty="1" slotGroups="" slots="18" teamGroups="" teams="4" type="HARD"/>
            <BR1 intp="2" mode1="LEQ" mode2="HA" penalty="1" slotGroups="" slots="32;16;5;1;3;14" teamGroups="" teams="13" type="HARD"/>
            <BR1 intp="0" mode1="LEQ" mode2="HA" penalty="1" slotGroups="" slots="16" teamGroups="" teams="13" type="HARD"/>
            <BR1 intp="2" mode1="LEQ" mode2="HA" penalty="1" slotGroups="" slots="18;33;19;26;1;7" teamGroups="" teams="9" type="HARD"/>
            <BR1 intp="1" mode1="LEQ" mode2="HA" penalty="1" slotGroups="" slots="30;19;25" teamGroups="" teams="11" type="HARD"/>
            <BR1 intp="1" mode1="LEQ" mode2="HA" penalty="1" slotGroups="" slots="33;10;24" teamGroups="" teams="5" type="HARD"/>
            <BR1 intp="0" mode1="LEQ" mode2="HA" penalty="1" slotGroups="" slots="14" teamGroups="" teams="8" type="HARD"/>
            <BR1 intp="0" mode1="LEQ" mode2="HA" penalty="1" slotGroups="" slots="11" teamGroups="" teams="1" type="HARD"/>
            <BR1 intp="0" mode1="LEQ" mode2="HA" penalty="5" slotGroups="" slots="17" teamGroups="" teams="16" type="SOFT"/>
            <BR1 intp="0" mode1="LEQ" mode2="HA" penalty="5" slotGroups="" slots="31" teamGroups="" teams="5" type="SOFT"/>
            <BR1 intp="2" mode1="LEQ" mode2="HA" penalty="5" slotGroups="" slots="6;5;13;15;29;23" teamGroups="" teams="7" type="SOFT"/>
            <BR1 intp="0" mode1="LEQ" mode2="HA" penalty="5" slotGroups="" slots="6" teamGroups="" teams="16" type="SOFT"/>
            <BR1 intp="1" mode1="LEQ" mode2="HA" penalty="5" slotGroups="" slots="6;4;29" teamGroups="" teams="14" type="SOFT"/>
            <BR1 intp="1" mode1="LEQ" mode2="HA" penalty="5" slotGroups="" slots="10;9;3" teamGroups="" teams="9" type="SOFT"/>
            <BR1 intp="2" mode1="LEQ" mode2="HA" penalty="5" slotGroups="" slots="30;19;9;26;13;23" teamGroups="" teams="8" type="SOFT"/>
            <BR1 intp="2" mode1="LEQ" mode2="HA" penalty="5" slotGroups="" slots="30;33;19;31;15;23" teamGroups="" teams="11" type="SOFT"/>
            <BR1 intp="1" mode1="LEQ" mode2="HA" penalty="5" slotGroups="" slots="0;13;27" teamGroups="" teams="2" type="SOFT"/>
            <BR1 intp="0" mode1="LEQ" mode2="HA" penalty="5" slotGroups="" slots="25" teamGroups="" teams="16" type="SOFT"/>
            <BR1 intp="2" mode1="LEQ" mode2="HA" penalty="5" slotGroups="" slots="6;8;13;21;24;23" teamGroups="" teams="7" type="SOFT"/>
            <BR1 intp="0" mode1="LEQ" mode2="HA" penalty="5" slotGroups="" slots="16" teamGroups="" teams="10" type="SOFT"/>
            <BR1 intp="1" mode1="LEQ" mode2="HA" penalty="5" slotGroups="" slots="18;17;22" teamGroups="" teams="12" type="SOFT"/>
            <BR1 intp="1" mode1="LEQ" mode2="HA" penalty="5" slotGroups="" slots="18;7;27" teamGroups="" teams="11" type="SOFT"/>
            <BR1 intp="2" mode1="LEQ" mode2="HA" penalty="5" slotGroups="" slots="28;1;25;15;27;29" teamGroups="" teams="9" type="SOFT"/>
            <BR1 intp="2" mode1="LEQ" mode2="HA" penalty="5" slotGroups="" slots="16;28;5;1;21;23" teamGroups="" teams="1" type="SOFT"/>
            <BR1 intp="2" mode1="LEQ" mode2="HA" penalty="5" slotGroups="" slots="6;17;16;28;26;25" teamGroups="" teams="2" type="SOFT"/>
            <BR1 intp="2" mode1="LEQ" mode2="HA" penalty="5" slotGroups="" slots="10;12;16;0;8;2" teamGroups="" teams="4" type="SOFT"/>
            <BR1 intp="1" mode1="LEQ" mode2="HA" penalty="5" slotGroups="" slots="18;5;15" teamGroups="" teams="6" type="SOFT"/>
            <BR1 intp="2" mode1="LEQ" mode2="HA" penalty="5" slotGroups="" slots="30;21;25;11;15;27" teamGroups="" teams="17" type="SOFT"/>
            <BR1 intp="0" mode1="LEQ" mode2="HA" penalty="5" slotGroups="" slots="24" teamGroups="" teams="16" type="SOFT"/>
            <BR1 intp="2" mode1="LEQ" mode2="HA" penalty="5" slotGroups="" slots="32;19;4;8;1;29" teamGroups="" teams="5" type="SOFT"/>
            <BR1 intp="1" mode1="LEQ" mode2="HA" penalty="5" slotGroups="" slots="12;28;0" teamGroups="" teams="12" type="SOFT"/>
            <BR2 intp="16" homeMode="HA" mode2="LEQ" penalty="10" slotGroups="" slots="32;30;18;6;33;19;10;17;12;22;20;9;16;28;0;5;4;8;26;1;7;13;21;2;3;31;24;25;14;11;15;27;29;23" teamGroups="" teams="6;5;1;10;8;17;16;11;9;7;14;0;15;12;13;4;3;2" type="SOFT"/>
        </BreakConstraints>
        <FairnessConstraints>
            <FA2 intp="2" mode="H" penalty="10" slotGroups="" slots="32;30;18;6;33;19;10;17;12;22;20;9;16;28;0;5;4;8;26;1;7;13;21;2;3;31;24;25;14;11;15;27;29;23" teamGroups="" teams="6;5;1;10;8;17;16;11;9;7;14;0;15;12;13;4;3;2" type="SOFT"/>
        </FairnessConstraints>
        <SeparationConstraints/>
    </Constraints>
</Instance>
