<?xml version="1.0" encoding="UTF-8"?>
<Instance>
    <MetaData>
        <InstanceName>Middle6</InstanceName>
        <DataType>A</DataType>
        <Contributor>ITC2021</Contributor>
	<Date year="2021" month="1"/>
    </MetaData>
    <Structure>
        <Format leagueIds="0">
            <numberRoundRobin>2</numberRoundRobin>
            <compactness>C</compactness>
            <gameMode>P</gameMode>
        </Format>
        <AdditionalGames/>
    </Structure>
    <ObjectiveFunction>
        <Objective>SC</Objective>
    </ObjectiveFunction>
    <Data>
        <Distances/>
        <COEWeights/>
        <Costs/>
    </Data>
    <Resources>
        <LeagueGroups/>
        <Leagues>
            <league id="0" leagueGroups="" name="League 0"/>
        </Leagues>
        <TeamGroups/>
        <Teams>
            <team id="0" league="0" name="Team 0" teamGroups=""/>
            <team id="1" league="0" name="Team 1" teamGroups=""/>
            <team id="2" league="0" name="Team 2" teamGroups=""/>
            <team id="3" league="0" name="Team 3" teamGroups=""/>
            <team id="4" league="0" name="Team 4" teamGroups=""/>
            <team id="5" league="0" name="Team 5" teamGroups=""/>
            <team id="6" league="0" name="Team 6" teamGroups=""/>
            <team id="7" league="0" name="Team 7" teamGroups=""/>
            <team id="8" league="0" name="Team 8" teamGroups=""/>
            <team id="9" league="0" name="Team 9" teamGroups=""/>
            <team id="10" league="0" name="Team 10" teamGroups=""/>
            <team id="11" league="0" name="Team 11" teamGroups=""/>
            <team id="12" league="0" name="Team 12" teamGroups=""/>
            <team id="13" league="0" name="Team 13" teamGroups=""/>
            <team id="14" league="0" name="Team 14" teamGroups=""/>
            <team id="15" league="0" name="Team 15" teamGroups=""/>
            <team id="16" league="0" name="Team 16" teamGroups=""/>
            <team id="17" league="0" name="Team 17" teamGroups=""/>
        </Teams>
        <SlotGroups/>
        <Slots>
            <slot id="0" name="Slot 0" slotGroup=""/>
            <slot id="1" name="Slot 1" slotGroup=""/>
            <slot id="2" name="Slot 2" slotGroup=""/>
            <slot id="3" name="Slot 3" slotGroup=""/>
            <slot id="4" name="Slot 4" slotGroup=""/>
            <slot id="5" name="Slot 5" slotGroup=""/>
            <slot id="6" name="Slot 6" slotGroup=""/>
            <slot id="7" name="Slot 7" slotGroup=""/>
            <slot id="8" name="Slot 8" slotGroup=""/>
            <slot id="9" name="Slot 9" slotGroup=""/>
            <slot id="10" name="Slot 10" slotGroup=""/>
            <slot id="11" name="Slot 11" slotGroup=""/>
            <slot id="12" name="Slot 12" slotGroup=""/>
            <slot id="13" name="Slot 13" slotGroup=""/>
            <slot id="14" name="Slot 14" slotGroup=""/>
            <slot id="15" name="Slot 15" slotGroup=""/>
            <slot id="16" name="Slot 16" slotGroup=""/>
            <slot id="17" name="Slot 17" slotGroup=""/>
            <slot id="18" name="Slot 18" slotGroup=""/>
            <slot id="19" name="Slot 19" slotGroup=""/>
            <slot id="20" name="Slot 20" slotGroup=""/>
            <slot id="21" name="Slot 21" slotGroup=""/>
            <slot id="22" name="Slot 22" slotGroup=""/>
            <slot id="23" name="Slot 23" slotGroup=""/>
            <slot id="24" name="Slot 24" slotGroup=""/>
            <slot id="25" name="Slot 25" slotGroup=""/>
            <slot id="26" name="Slot 26" slotGroup=""/>
            <slot id="27" name="Slot 27" slotGroup=""/>
            <slot id="28" name="Slot 28" slotGroup=""/>
            <slot id="29" name="Slot 29" slotGroup=""/>
            <slot id="30" name="Slot 30" slotGroup=""/>
            <slot id="31" name="Slot 31" slotGroup=""/>
            <slot id="32" name="Slot 32" slotGroup=""/>
            <slot id="33" name="Slot 33" slotGroup=""/>
        </Slots>
    </Resources>
    <Constraints>
        <BasicConstraints/>
        <CapacityConstraints>
            <CA1 max="0" min="0" mode="H" penalty="1" slotGroups="" slots="0" teamGroups="" teams="0" type="HARD"/>
            <CA1 max="0" min="0" mode="A" penalty="1" slotGroups="" slots="11" teamGroups="" teams="5" type="HARD"/>
            <CA1 max="1" min="0" mode="A" penalty="1" slotGroups="" slots="8;7" teamGroups="" teams="3" type="HARD"/>
            <CA1 max="1" min="0" mode="A" penalty="1" slotGroups="" slots="13;30" teamGroups="" teams="1" type="HARD"/>
            <CA1 max="1" min="0" mode="H" penalty="1" slotGroups="" slots="13;15;8;18" teamGroups="" teams="4" type="HARD"/>
            <CA1 max="0" min="0" mode="A" penalty="1" slotGroups="" slots="24" teamGroups="" teams="3" type="HARD"/>
            <CA1 max="1" min="0" mode="A" penalty="1" slotGroups="" slots="2;28;22" teamGroups="" teams="2" type="HARD"/>
            <CA1 max="2" min="0" mode="A" penalty="1" slotGroups="" slots="6;5;24;4" teamGroups="" teams="2" type="HARD"/>
            <CA1 max="1" min="0" mode="A" penalty="1" slotGroups="" slots="21;23" teamGroups="" teams="5" type="HARD"/>
            <CA1 max="0" min="0" mode="H" penalty="1" slotGroups="" slots="31" teamGroups="" teams="4" type="HARD"/>
            <CA1 max="1" min="0" mode="A" penalty="1" slotGroups="" slots="27;11" teamGroups="" teams="0" type="HARD"/>
            <CA1 max="0" min="0" mode="H" penalty="1" slotGroups="" slots="25" teamGroups="" teams="1" type="HARD"/>
            <CA1 max="1" min="0" mode="A" penalty="1" slotGroups="" slots="26;8;28;24" teamGroups="" teams="10" type="HARD"/>
            <CA1 max="1" min="0" mode="A" penalty="1" slotGroups="" slots="13;5" teamGroups="" teams="3" type="HARD"/>
            <CA1 max="0" min="0" mode="H" penalty="1" slotGroups="" slots="25" teamGroups="" teams="5" type="HARD"/>
            <CA1 max="1" min="0" mode="A" penalty="1" slotGroups="" slots="15;10" teamGroups="" teams="4" type="HARD"/>
            <CA1 max="1" min="0" mode="A" penalty="1" slotGroups="" slots="9;32" teamGroups="" teams="2" type="HARD"/>
            <CA1 max="1" min="0" mode="H" penalty="1" slotGroups="" slots="19;25;2;22" teamGroups="" teams="5" type="HARD"/>
            <CA1 max="1" min="0" mode="H" penalty="1" slotGroups="" slots="12;16;32;30" teamGroups="" teams="9" type="HARD"/>
            <CA1 max="0" min="0" mode="A" penalty="1" slotGroups="" slots="31" teamGroups="" teams="0" type="HARD"/>
            <CA1 max="0" min="0" mode="H" penalty="1" slotGroups="" slots="19" teamGroups="" teams="16" type="HARD"/>
            <CA1 max="0" min="0" mode="A" penalty="1" slotGroups="" slots="15" teamGroups="" teams="4" type="HARD"/>
            <CA1 max="0" min="0" mode="H" penalty="1" slotGroups="" slots="14" teamGroups="" teams="8" type="HARD"/>
            <CA1 max="1" min="0" mode="A" penalty="1" slotGroups="" slots="13;19;26;18" teamGroups="" teams="1" type="HARD"/>
            <CA1 max="1" min="0" mode="A" penalty="1" slotGroups="" slots="4;30" teamGroups="" teams="1" type="HARD"/>
            <CA1 max="1" min="0" mode="A" penalty="1" slotGroups="" slots="11;0" teamGroups="" teams="3" type="HARD"/>
            <CA1 max="1" min="0" mode="A" penalty="1" slotGroups="" slots="19;28" teamGroups="" teams="15" type="HARD"/>
            <CA1 max="1" min="0" mode="A" penalty="1" slotGroups="" slots="23;5" teamGroups="" teams="5" type="HARD"/>
            <CA1 max="1" min="0" mode="A" penalty="1" slotGroups="" slots="17;0" teamGroups="" teams="11" type="HARD"/>
            <CA1 max="0" min="0" mode="H" penalty="1" slotGroups="" slots="8" teamGroups="" teams="9" type="HARD"/>
            <CA1 max="0" min="0" mode="A" penalty="1" slotGroups="" slots="32" teamGroups="" teams="1" type="HARD"/>
            <CA1 max="0" min="0" mode="H" penalty="1" slotGroups="" slots="20" teamGroups="" teams="3" type="HARD"/>
            <CA1 max="0" min="0" mode="H" penalty="1" slotGroups="" slots="28" teamGroups="" teams="8" type="HARD"/>
            <CA1 max="1" min="0" mode="A" penalty="1" slotGroups="" slots="25;8;0" teamGroups="" teams="10" type="HARD"/>
            <CA1 max="0" min="0" mode="A" penalty="1" slotGroups="" slots="11" teamGroups="" teams="17" type="HARD"/>
            <CA1 max="1" min="0" mode="H" penalty="1" slotGroups="" slots="15;11;2" teamGroups="" teams="3" type="HARD"/>
            <CA1 max="0" min="0" mode="H" penalty="1" slotGroups="" slots="17" teamGroups="" teams="17" type="HARD"/>
            <CA1 max="1" min="0" mode="H" penalty="1" slotGroups="" slots="21;1;11;33" teamGroups="" teams="2" type="HARD"/>
            <CA1 max="1" min="0" mode="H" penalty="1" slotGroups="" slots="13;4" teamGroups="" teams="7" type="HARD"/>
            <CA2 max="1" min="0" mode1="HA" mode2="GLOBAL" penalty="1" slotGroups="" slots="6;14;17;11;29" teamGroups1="" teamGroups2="" teams1="4" teams2="9;15;12;14;13" type="HARD"/>
            <CA2 max="1" min="0" mode1="HA" mode2="GLOBAL" penalty="1" slotGroups="" slots="27;13;9;33" teamGroups1="" teamGroups2="" teams1="13" teams2="17;15;11;1" type="HARD"/>
            <CA2 max="0" min="0" mode1="A" mode2="GLOBAL" penalty="1" slotGroups="" slots="22" teamGroups1="" teamGroups2="" teams1="14" teams2="6" type="HARD"/>
            <CA2 max="1" min="0" mode1="HA" mode2="GLOBAL" penalty="1" slotGroups="" slots="13;14;25;0" teamGroups1="" teamGroups2="" teams1="0" teams2="4;15;6;1" type="HARD"/>
            <CA2 max="0" min="0" mode1="A" mode2="GLOBAL" penalty="1" slotGroups="" slots="22" teamGroups1="" teamGroups2="" teams1="8" teams2="14" type="HARD"/>
            <CA2 max="0" min="0" mode1="H" mode2="GLOBAL" penalty="1" slotGroups="" slots="0" teamGroups1="" teamGroups2="" teams1="7" teams2="14" type="HARD"/>
            <CA2 max="0" min="0" mode1="A" mode2="GLOBAL" penalty="1" slotGroups="" slots="4" teamGroups1="" teamGroups2="" teams1="14" teams2="5" type="HARD"/>
            <CA2 max="0" min="0" mode1="A" mode2="GLOBAL" penalty="1" slotGroups="" slots="23" teamGroups1="" teamGroups2="" teams1="11" teams2="6" type="HARD"/>
            <CA2 max="0" min="0" mode1="H" mode2="GLOBAL" penalty="1" slotGroups="" slots="3" teamGroups1="" teamGroups2="" teams1="10" teams2="11" type="HARD"/>
            <CA2 max="0" min="0" mode1="H" mode2="GLOBAL" penalty="1" slotGroups="" slots="4" teamGroups1="" teamGroups2="" teams1="1" teams2="17" type="HARD"/>
            <CA2 max="0" min="0" mode1="A" mode2="GLOBAL" penalty="1" slotGroups="" slots="8" teamGroups1="" teamGroups2="" teams1="0" teams2="6" type="HARD"/>
            <CA2 max="0" min="0" mode1="H" mode2="GLOBAL" penalty="1" slotGroups="" slots="13" teamGroups1="" teamGroups2="" teams1="1" teams2="13" type="HARD"/>
            <CA2 max="0" min="0" mode1="H" mode2="GLOBAL" penalty="1" slotGroups="" slots="33" teamGroups1="" teamGroups2="" teams1="8" teams2="5" type="HARD"/>
            <CA2 max="0" min="0" mode1="A" mode2="GLOBAL" penalty="1" slotGroups="" slots="6" teamGroups1="" teamGroups2="" teams1="11" teams2="16" type="HARD"/>
            <CA2 max="1" min="0" mode1="HA" mode2="GLOBAL" penalty="1" slotGroups="" slots="11;8;0;18" teamGroups1="" teamGroups2="" teams1="5" teams2="10;9;13;2" type="HARD"/>
            <CA2 max="0" min="0" mode1="H" mode2="GLOBAL" penalty="1" slotGroups="" slots="24" teamGroups1="" teamGroups2="" teams1="10" teams2="15" type="HARD"/>
            <CA2 max="0" min="0" mode1="H" mode2="GLOBAL" penalty="1" slotGroups="" slots="23" teamGroups1="" teamGroups2="" teams1="11" teams2="12" type="HARD"/>
            <CA2 max="0" min="0" mode1="H" mode2="GLOBAL" penalty="1" slotGroups="" slots="32" teamGroups1="" teamGroups2="" teams1="0" teams2="17" type="HARD"/>
            <CA2 max="1" min="0" mode1="HA" mode2="GLOBAL" penalty="1" slotGroups="" slots="31;25;15;29;24" teamGroups1="" teamGroups2="" teams1="16" teams2="4;10;9;17;6" type="HARD"/>
            <CA2 max="2" min="0" mode1="HA" mode2="GLOBAL" penalty="1" slotGroups="" slots="19;12;10;0;7;18" teamGroups1="" teamGroups2="" teams1="15" teams2="16;4;0;14;13;7" type="HARD"/>
            <CA2 max="0" min="0" mode1="A" mode2="GLOBAL" penalty="1" slotGroups="" slots="8" teamGroups1="" teamGroups2="" teams1="8" teams2="12" type="HARD"/>
            <CA2 max="0" min="0" mode1="H" mode2="GLOBAL" penalty="1" slotGroups="" slots="1" teamGroups1="" teamGroups2="" teams1="6" teams2="10" type="HARD"/>
            <CA2 max="1" min="0" mode1="HA" mode2="GLOBAL" penalty="1" slotGroups="" slots="25;1;15;0;32" teamGroups1="" teamGroups2="" teams1="14" teams2="5;0;10;15;6" type="HARD"/>
            <CA2 max="2" min="0" mode1="HA" mode2="GLOBAL" penalty="1" slotGroups="" slots="15;17;9;7;33" teamGroups1="" teamGroups2="" teams1="17" teams2="5;0;13;8;1" type="HARD"/>
            <CA2 max="1" min="0" mode1="HA" mode2="GLOBAL" penalty="1" slotGroups="" slots="23;16;2;7;18" teamGroups1="" teamGroups2="" teams1="10" teams2="0;15;11;7;2" type="HARD"/>
            <CA2 max="3" min="0" mode1="HA" mode2="GLOBAL" penalty="1" slotGroups="" slots="19;23;5;24;32;4" teamGroups1="" teamGroups2="" teams1="15" teams2="16;4;9;17;7;2" type="HARD"/>
            <CA2 max="1" min="0" mode1="HA" mode2="GLOBAL" penalty="1" slotGroups="" slots="3;16;18;24;33" teamGroups1="" teamGroups2="" teams1="9" teams2="4;3;14;8;2" type="HARD"/>
            <CA2 max="2" min="0" mode1="HA" mode2="GLOBAL" penalty="1" slotGroups="" slots="31;26;12;16;2;24" teamGroups1="" teamGroups2="" teams1="10" teams2="15;12;13;8;6;1" type="HARD"/>
            <CA2 max="0" min="0" mode1="A" mode2="GLOBAL" penalty="1" slotGroups="" slots="24" teamGroups1="" teamGroups2="" teams1="17" teams2="14" type="HARD"/>
            <CA2 max="0" min="0" mode1="H" mode2="GLOBAL" penalty="1" slotGroups="" slots="11" teamGroups1="" teamGroups2="" teams1="5" teams2="15" type="HARD"/>
            <CA2 max="0" min="0" mode1="H" mode2="GLOBAL" penalty="1" slotGroups="" slots="0" teamGroups1="" teamGroups2="" teams1="13" teams2="12" type="HARD"/>
            <CA2 max="0" min="0" mode1="H" mode2="GLOBAL" penalty="1" slotGroups="" slots="7" teamGroups1="" teamGroups2="" teams1="13" teams2="2" type="HARD"/>
            <CA2 max="0" min="0" mode1="A" mode2="GLOBAL" penalty="1" slotGroups="" slots="8" teamGroups1="" teamGroups2="" teams1="5" teams2="11" type="HARD"/>
            <CA2 max="0" min="0" mode1="A" mode2="GLOBAL" penalty="1" slotGroups="" slots="21" teamGroups1="" teamGroups2="" teams1="14" teams2="3" type="HARD"/>
            <CA2 max="2" min="0" mode1="HA" mode2="GLOBAL" penalty="1" slotGroups="" slots="25;1;9;16;22;30" teamGroups1="" teamGroups2="" teams1="7" teams2="4;10;9;3;12;1" type="HARD"/>
            <CA2 max="1" min="0" mode1="HA" mode2="GLOBAL" penalty="1" slotGroups="" slots="6;26;18;30" teamGroups1="" teamGroups2="" teams1="10" teams2="16;5;0;9" type="HARD"/>
            <CA2 max="0" min="0" mode1="H" mode2="GLOBAL" penalty="1" slotGroups="" slots="27" teamGroups1="" teamGroups2="" teams1="16" teams2="6" type="HARD"/>
            <CA2 max="1" min="0" mode1="HA" mode2="GLOBAL" penalty="1" slotGroups="" slots="12;20;7;24" teamGroups1="" teamGroups2="" teams1="17" teams2="5;4;7;1" type="HARD"/>
            <CA2 max="0" min="0" mode1="A" mode2="GLOBAL" penalty="1" slotGroups="" slots="3" teamGroups1="" teamGroups2="" teams1="7" teams2="12" type="HARD"/>
            <CA2 max="1" min="0" mode1="HA" mode2="GLOBAL" penalty="1" slotGroups="" slots="19;16;11;18;4" teamGroups1="" teamGroups2="" teams1="7" teams2="5;11;14;13;6" type="HARD"/>
            <CA2 max="0" min="0" mode1="H" mode2="GLOBAL" penalty="1" slotGroups="" slots="0" teamGroups1="" teamGroups2="" teams1="3" teams2="7" type="HARD"/>
            <CA3 intp="3" max="2" min="0" mode1="A" mode2="SLOTS" penalty="1" teamGroups1="" teamGroups2="" teams1="16;5;4;0;10;9;17;15;3;11;12;14;13;7;8;6;2;1" teams2="16;5;4;0;10;9;17;15;3;11;12;14;13;7;8;6;2;1" type="HARD"/>
            <CA3 intp="3" max="2" min="0" mode1="H" mode2="SLOTS" penalty="1" teamGroups1="" teamGroups2="" teams1="16;5;4;0;10;9;17;15;3;11;12;14;13;7;8;6;2;1" teams2="16;5;4;0;10;9;17;15;3;11;12;14;13;7;8;6;2;1" type="HARD"/>
            <CA3 intp="4" max="2" min="0" mode1="H" mode2="SLOTS" penalty="5" teamGroups1="" teamGroups2="" teams1="15" teams2="11;12;7;8;6;2;1" type="SOFT"/>
            <CA3 intp="4" max="2" min="0" mode1="HA" mode2="SLOTS" penalty="5" teamGroups1="" teamGroups2="" teams1="0" teams2="5;4;9;15;11;6;1" type="SOFT"/>
            <CA3 intp="4" max="2" min="0" mode1="HA" mode2="SLOTS" penalty="5" teamGroups1="" teamGroups2="" teams1="13" teams2="16;5;0;11;12;6" type="SOFT"/>
            <CA3 intp="4" max="2" min="0" mode1="A" mode2="SLOTS" penalty="5" teamGroups1="" teamGroups2="" teams1="6" teams2="4;9;17;12;14;1" type="SOFT"/>
            <CA3 intp="4" max="2" min="0" mode1="HA" mode2="SLOTS" penalty="5" teamGroups1="" teamGroups2="" teams1="7" teams2="5;4;10;15;13;6;2" type="SOFT"/>
            <CA3 intp="4" max="2" min="0" mode1="H" mode2="SLOTS" penalty="5" teamGroups1="" teamGroups2="" teams1="16" teams2="5;4;3;11;13" type="SOFT"/>
            <CA3 intp="4" max="2" min="0" mode1="A" mode2="SLOTS" penalty="5" teamGroups1="" teamGroups2="" teams1="6" teams2="16;4;0;10;15;12;13" type="SOFT"/>
            <CA3 intp="4" max="2" min="0" mode1="H" mode2="SLOTS" penalty="5" teamGroups1="" teamGroups2="" teams1="15" teams2="9;3;14;13;8;6;1" type="SOFT"/>
            <CA3 intp="4" max="2" min="0" mode1="A" mode2="SLOTS" penalty="5" teamGroups1="" teamGroups2="" teams1="0" teams2="9;17;12;8;2" type="SOFT"/>
            <CA3 intp="4" max="2" min="0" mode1="HA" mode2="SLOTS" penalty="5" teamGroups1="" teamGroups2="" teams1="17" teams2="5;15;11;14;13;1" type="SOFT"/>
            <CA3 intp="4" max="2" min="0" mode1="A" mode2="SLOTS" penalty="5" teamGroups1="" teamGroups2="" teams1="4" teams2="17;3;7;2;1" type="SOFT"/>
            <CA3 intp="4" max="2" min="0" mode1="H" mode2="SLOTS" penalty="5" teamGroups1="" teamGroups2="" teams1="10" teams2="9;15;11;14;13" type="SOFT"/>
            <CA3 intp="4" max="2" min="0" mode1="A" mode2="SLOTS" penalty="5" teamGroups1="" teamGroups2="" teams1="15" teams2="0;17;11;12;14;8;2" type="SOFT"/>
            <CA3 intp="4" max="2" min="0" mode1="A" mode2="SLOTS" penalty="5" teamGroups1="" teamGroups2="" teams1="9" teams2="10;15;3;12;14;13;7" type="SOFT"/>
            <CA3 intp="4" max="2" min="0" mode1="H" mode2="SLOTS" penalty="5" teamGroups1="" teamGroups2="" teams1="9" teams2="17;3;11;12;13;2" type="SOFT"/>
            <CA3 intp="4" max="2" min="0" mode1="HA" mode2="SLOTS" penalty="5" teamGroups1="" teamGroups2="" teams1="8" teams2="16;4;12;13;7;1" type="SOFT"/>
            <CA3 intp="4" max="2" min="0" mode1="HA" mode2="SLOTS" penalty="5" teamGroups1="" teamGroups2="" teams1="9" teams2="10;15;3;12;13;7;6" type="SOFT"/>
            <CA3 intp="4" max="2" min="0" mode1="A" mode2="SLOTS" penalty="5" teamGroups1="" teamGroups2="" teams1="16" teams2="10;9;17;11;14;13;7" type="SOFT"/>
            <CA3 intp="4" max="2" min="0" mode1="A" mode2="SLOTS" penalty="5" teamGroups1="" teamGroups2="" teams1="16" teams2="5;10;9;17;11;6;2" type="SOFT"/>
            <CA3 intp="4" max="2" min="0" mode1="H" mode2="SLOTS" penalty="5" teamGroups1="" teamGroups2="" teams1="7" teams2="16;4;17;15;3;12;14" type="SOFT"/>
            <CA3 intp="4" max="2" min="0" mode1="A" mode2="SLOTS" penalty="5" teamGroups1="" teamGroups2="" teams1="0" teams2="16;4;17;15;11" type="SOFT"/>
            <CA3 intp="4" max="2" min="0" mode1="A" mode2="SLOTS" penalty="5" teamGroups1="" teamGroups2="" teams1="6" teams2="16;0;10;3;12;14;13" type="SOFT"/>
            <CA3 intp="4" max="2" min="0" mode1="HA" mode2="SLOTS" penalty="5" teamGroups1="" teamGroups2="" teams1="9" teams2="10;15;3;8;1" type="SOFT"/>
            <CA3 intp="4" max="2" min="0" mode1="HA" mode2="SLOTS" penalty="5" teamGroups1="" teamGroups2="" teams1="4" teams2="16;10;13;8;2;1" type="SOFT"/>
            <CA3 intp="4" max="2" min="0" mode1="HA" mode2="SLOTS" penalty="5" teamGroups1="" teamGroups2="" teams1="5" teams2="4;0;10;9;11;13;7" type="SOFT"/>
            <CA3 intp="4" max="2" min="0" mode1="H" mode2="SLOTS" penalty="5" teamGroups1="" teamGroups2="" teams1="14" teams2="0;15;11;12;1" type="SOFT"/>
            <CA3 intp="4" max="2" min="0" mode1="HA" mode2="SLOTS" penalty="5" teamGroups1="" teamGroups2="" teams1="17" teams2="10;9;15;8;2" type="SOFT"/>
            <CA3 intp="4" max="2" min="0" mode1="HA" mode2="SLOTS" penalty="5" teamGroups1="" teamGroups2="" teams1="11" teams2="4;12;13;8;6" type="SOFT"/>
            <CA3 intp="4" max="2" min="0" mode1="H" mode2="SLOTS" penalty="5" teamGroups1="" teamGroups2="" teams1="15" teams2="16;9;3;12;14;13" type="SOFT"/>
            <CA3 intp="4" max="2" min="0" mode1="HA" mode2="SLOTS" penalty="5" teamGroups1="" teamGroups2="" teams1="12" teams2="4;17;3;14;13" type="SOFT"/>
            <CA3 intp="4" max="2" min="0" mode1="H" mode2="SLOTS" penalty="5" teamGroups1="" teamGroups2="" teams1="7" teams2="16;0;8;6;1" type="SOFT"/>
            <CA3 intp="4" max="2" min="0" mode1="HA" mode2="SLOTS" penalty="5" teamGroups1="" teamGroups2="" teams1="17" teams2="16;4;10;9;13;6;2" type="SOFT"/>
            <CA3 intp="4" max="2" min="0" mode1="H" mode2="SLOTS" penalty="5" teamGroups1="" teamGroups2="" teams1="12" teams2="16;5;4;17;3;14" type="SOFT"/>
            <CA3 intp="4" max="2" min="0" mode1="H" mode2="SLOTS" penalty="5" teamGroups1="" teamGroups2="" teams1="12" teams2="15;3;11;7;1" type="SOFT"/>
            <CA3 intp="4" max="2" min="0" mode1="HA" mode2="SLOTS" penalty="5" teamGroups1="" teamGroups2="" teams1="8" teams2="5;4;9;17;6" type="SOFT"/>
            <CA3 intp="4" max="2" min="0" mode1="HA" mode2="SLOTS" penalty="5" teamGroups1="" teamGroups2="" teams1="1" teams2="4;9;11;13;7" type="SOFT"/>
            <CA3 intp="4" max="2" min="0" mode1="H" mode2="SLOTS" penalty="5" teamGroups1="" teamGroups2="" teams1="0" teams2="16;4;11;7;8" type="SOFT"/>
            <CA3 intp="4" max="2" min="0" mode1="H" mode2="SLOTS" penalty="5" teamGroups1="" teamGroups2="" teams1="14" teams2="10;3;8;2;1" type="SOFT"/>
            <CA3 intp="4" max="2" min="0" mode1="H" mode2="SLOTS" penalty="5" teamGroups1="" teamGroups2="" teams1="14" teams2="16;4;0;9;3;8;2" type="SOFT"/>
            <CA3 intp="4" max="2" min="0" mode1="A" mode2="SLOTS" penalty="5" teamGroups1="" teamGroups2="" teams1="2" teams2="15;14;7;8;1" type="SOFT"/>
            <CA3 intp="4" max="2" min="0" mode1="A" mode2="SLOTS" penalty="5" teamGroups1="" teamGroups2="" teams1="7" teams2="15;11;14;13;8" type="SOFT"/>
            <CA3 intp="4" max="2" min="0" mode1="A" mode2="SLOTS" penalty="5" teamGroups1="" teamGroups2="" teams1="6" teams2="0;15;3;7;2" type="SOFT"/>
            <CA3 intp="4" max="2" min="0" mode1="A" mode2="SLOTS" penalty="5" teamGroups1="" teamGroups2="" teams1="17" teams2="9;11;12;8;6" type="SOFT"/>
            <CA3 intp="4" max="2" min="0" mode1="HA" mode2="SLOTS" penalty="5" teamGroups1="" teamGroups2="" teams1="5" teams2="16;4;10;9;14;7;2" type="SOFT"/>
            <CA3 intp="4" max="2" min="0" mode1="H" mode2="SLOTS" penalty="5" teamGroups1="" teamGroups2="" teams1="6" teams2="16;4;0;14;13;1" type="SOFT"/>
            <CA3 intp="4" max="2" min="0" mode1="A" mode2="SLOTS" penalty="5" teamGroups1="" teamGroups2="" teams1="8" teams2="4;14;7;6;2;1" type="SOFT"/>
            <CA3 intp="4" max="2" min="0" mode1="HA" mode2="SLOTS" penalty="5" teamGroups1="" teamGroups2="" teams1="14" teams2="0;10;17;13;1" type="SOFT"/>
            <CA3 intp="4" max="2" min="0" mode1="HA" mode2="SLOTS" penalty="5" teamGroups1="" teamGroups2="" teams1="15" teams2="16;4;9;14;13;8;6" type="SOFT"/>
            <CA3 intp="4" max="2" min="0" mode1="HA" mode2="SLOTS" penalty="5" teamGroups1="" teamGroups2="" teams1="4" teams2="16;9;3;11;12;14;6" type="SOFT"/>
            <CA3 intp="4" max="2" min="0" mode1="H" mode2="SLOTS" penalty="5" teamGroups1="" teamGroups2="" teams1="10" teams2="16;0;17;15;14;13;6" type="SOFT"/>
            <CA3 intp="4" max="2" min="0" mode1="A" mode2="SLOTS" penalty="5" teamGroups1="" teamGroups2="" teams1="12" teams2="16;4;10;17;3;14;6" type="SOFT"/>
            <CA3 intp="4" max="2" min="0" mode1="HA" mode2="SLOTS" penalty="5" teamGroups1="" teamGroups2="" teams1="10" teams2="4;15;11;13;1" type="SOFT"/>
            <CA3 intp="4" max="2" min="0" mode1="HA" mode2="SLOTS" penalty="5" teamGroups1="" teamGroups2="" teams1="6" teams2="5;4;10;17;11;1" type="SOFT"/>
            <CA3 intp="4" max="2" min="0" mode1="A" mode2="SLOTS" penalty="5" teamGroups1="" teamGroups2="" teams1="16" teams2="10;9;17;14;13;8;6" type="SOFT"/>
            <CA3 intp="4" max="2" min="0" mode1="H" mode2="SLOTS" penalty="5" teamGroups1="" teamGroups2="" teams1="0" teams2="5;3;8;2;1" type="SOFT"/>
            <CA3 intp="4" max="2" min="0" mode1="HA" mode2="SLOTS" penalty="5" teamGroups1="" teamGroups2="" teams1="4" teams2="10;9;7;2;1" type="SOFT"/>
            <CA3 intp="4" max="2" min="0" mode1="A" mode2="SLOTS" penalty="5" teamGroups1="" teamGroups2="" teams1="11" teams2="16;10;9;17;13;7;8" type="SOFT"/>
            <CA3 intp="4" max="2" min="0" mode1="HA" mode2="SLOTS" penalty="5" teamGroups1="" teamGroups2="" teams1="7" teams2="16;5;9;17;3;11;14" type="SOFT"/>
            <CA3 intp="4" max="2" min="0" mode1="A" mode2="SLOTS" penalty="5" teamGroups1="" teamGroups2="" teams1="4" teams2="3;11;12;8;1" type="SOFT"/>
            <CA3 intp="4" max="2" min="0" mode1="H" mode2="SLOTS" penalty="5" teamGroups1="" teamGroups2="" teams1="17" teams2="4;10;11;14;6" type="SOFT"/>
            <CA3 intp="4" max="2" min="0" mode1="A" mode2="SLOTS" penalty="5" teamGroups1="" teamGroups2="" teams1="8" teams2="16;4;10;9;17;3;2" type="SOFT"/>
            <CA3 intp="4" max="2" min="0" mode1="A" mode2="SLOTS" penalty="5" teamGroups1="" teamGroups2="" teams1="8" teams2="16;10;9;2;1" type="SOFT"/>
            <CA3 intp="4" max="2" min="0" mode1="A" mode2="SLOTS" penalty="5" teamGroups1="" teamGroups2="" teams1="13" teams2="16;4;7;8;2" type="SOFT"/>
            <CA3 intp="4" max="2" min="0" mode1="H" mode2="SLOTS" penalty="5" teamGroups1="" teamGroups2="" teams1="4" teams2="16;5;10;17;15;7" type="SOFT"/>
            <CA3 intp="4" max="2" min="0" mode1="HA" mode2="SLOTS" penalty="5" teamGroups1="" teamGroups2="" teams1="3" teams2="5;9;7;8;6;2" type="SOFT"/>
            <CA3 intp="4" max="2" min="0" mode1="HA" mode2="SLOTS" penalty="5" teamGroups1="" teamGroups2="" teams1="16" teams2="5;10;12;2;1" type="SOFT"/>
            <CA3 intp="4" max="2" min="0" mode1="HA" mode2="SLOTS" penalty="5" teamGroups1="" teamGroups2="" teams1="1" teams2="16;10;15;11;14;13;8" type="SOFT"/>
            <CA3 intp="4" max="2" min="0" mode1="H" mode2="SLOTS" penalty="5" teamGroups1="" teamGroups2="" teams1="16" teams2="9;17;12;7;8" type="SOFT"/>
            <CA3 intp="4" max="2" min="0" mode1="H" mode2="SLOTS" penalty="5" teamGroups1="" teamGroups2="" teams1="8" teams2="16;5;10;3;11;2" type="SOFT"/>
            <CA3 intp="4" max="2" min="0" mode1="HA" mode2="SLOTS" penalty="5" teamGroups1="" teamGroups2="" teams1="15" teams2="4;10;3;11;13;8;2" type="SOFT"/>
            <CA3 intp="4" max="2" min="0" mode1="A" mode2="SLOTS" penalty="5" teamGroups1="" teamGroups2="" teams1="2" teams2="0;10;9;15;13;7" type="SOFT"/>
            <CA3 intp="4" max="2" min="0" mode1="HA" mode2="SLOTS" penalty="5" teamGroups1="" teamGroups2="" teams1="16" teams2="5;4;10;15;7;1" type="SOFT"/>
            <CA3 intp="4" max="2" min="0" mode1="A" mode2="SLOTS" penalty="5" teamGroups1="" teamGroups2="" teams1="17" teams2="16;5;4;15;11;12;1" type="SOFT"/>
            <CA3 intp="4" max="2" min="0" mode1="A" mode2="SLOTS" penalty="5" teamGroups1="" teamGroups2="" teams1="13" teams2="10;9;3;2;1" type="SOFT"/>
            <CA3 intp="4" max="2" min="0" mode1="H" mode2="SLOTS" penalty="5" teamGroups1="" teamGroups2="" teams1="17" teams2="16;5;9;11;13;2" type="SOFT"/>
            <CA3 intp="4" max="2" min="0" mode1="H" mode2="SLOTS" penalty="5" teamGroups1="" teamGroups2="" teams1="8" teams2="0;15;3;13;7;6;2" type="SOFT"/>
            <CA3 intp="4" max="2" min="0" mode1="H" mode2="SLOTS" penalty="5" teamGroups1="" teamGroups2="" teams1="17" teams2="15;3;6;2;1" type="SOFT"/>
            <CA3 intp="4" max="2" min="0" mode1="HA" mode2="SLOTS" penalty="5" teamGroups1="" teamGroups2="" teams1="0" teams2="5;4;17;3;7;2" type="SOFT"/>
            <CA3 intp="4" max="2" min="0" mode1="A" mode2="SLOTS" penalty="5" teamGroups1="" teamGroups2="" teams1="13" teams2="16;17;11;7;6;2;1" type="SOFT"/>
            <CA3 intp="4" max="2" min="0" mode1="A" mode2="SLOTS" penalty="5" teamGroups1="" teamGroups2="" teams1="14" teams2="17;11;13;7;8" type="SOFT"/>
            <CA3 intp="4" max="2" min="0" mode1="H" mode2="SLOTS" penalty="5" teamGroups1="" teamGroups2="" teams1="10" teams2="16;3;14;7;8;6" type="SOFT"/>
            <CA3 intp="4" max="2" min="0" mode1="H" mode2="SLOTS" penalty="5" teamGroups1="" teamGroups2="" teams1="9" teams2="5;7;6;2;1" type="SOFT"/>
            <CA3 intp="4" max="2" min="0" mode1="HA" mode2="SLOTS" penalty="5" teamGroups1="" teamGroups2="" teams1="5" teams2="16;0;15;7;8;6" type="SOFT"/>
            <CA3 intp="4" max="2" min="0" mode1="H" mode2="SLOTS" penalty="5" teamGroups1="" teamGroups2="" teams1="3" teams2="5;0;17;13;7" type="SOFT"/>
            <CA3 intp="4" max="2" min="0" mode1="A" mode2="SLOTS" penalty="5" teamGroups1="" teamGroups2="" teams1="10" teams2="15;3;8;2;1" type="SOFT"/>
            <CA3 intp="4" max="2" min="0" mode1="H" mode2="SLOTS" penalty="5" teamGroups1="" teamGroups2="" teams1="6" teams2="5;10;15;11;1" type="SOFT"/>
            <CA3 intp="4" max="2" min="0" mode1="HA" mode2="SLOTS" penalty="5" teamGroups1="" teamGroups2="" teams1="12" teams2="16;4;10;17;3;14" type="SOFT"/>
            <CA3 intp="4" max="2" min="0" mode1="HA" mode2="SLOTS" penalty="5" teamGroups1="" teamGroups2="" teams1="16" teams2="0;17;12;13;2;1" type="SOFT"/>
            <CA3 intp="4" max="2" min="0" mode1="H" mode2="SLOTS" penalty="5" teamGroups1="" teamGroups2="" teams1="16" teams2="4;9;12;7;2" type="SOFT"/>
            <CA3 intp="4" max="2" min="0" mode1="HA" mode2="SLOTS" penalty="5" teamGroups1="" teamGroups2="" teams1="17" teams2="16;4;14;13;7;8;2" type="SOFT"/>
            <CA3 intp="4" max="2" min="0" mode1="A" mode2="SLOTS" penalty="5" teamGroups1="" teamGroups2="" teams1="12" teams2="5;0;17;14;7;8;6" type="SOFT"/>
            <CA3 intp="4" max="2" min="0" mode1="HA" mode2="SLOTS" penalty="5" teamGroups1="" teamGroups2="" teams1="11" teams2="16;4;17;15;13;6;2" type="SOFT"/>
            <CA3 intp="4" max="2" min="0" mode1="A" mode2="SLOTS" penalty="5" teamGroups1="" teamGroups2="" teams1="17" teams2="4;10;3;11;12;1" type="SOFT"/>
            <CA3 intp="4" max="2" min="0" mode1="A" mode2="SLOTS" penalty="5" teamGroups1="" teamGroups2="" teams1="7" teams2="16;4;10;9;15;14;13" type="SOFT"/>
            <CA3 intp="4" max="2" min="0" mode1="A" mode2="SLOTS" penalty="5" teamGroups1="" teamGroups2="" teams1="8" teams2="16;4;10;7;1" type="SOFT"/>
            <CA3 intp="4" max="2" min="0" mode1="H" mode2="SLOTS" penalty="5" teamGroups1="" teamGroups2="" teams1="0" teams2="16;5;9;12;7;6" type="SOFT"/>
            <CA3 intp="4" max="2" min="0" mode1="A" mode2="SLOTS" penalty="5" teamGroups1="" teamGroups2="" teams1="3" teams2="16;0;17;11;12;14;8" type="SOFT"/>
            <CA3 intp="4" max="2" min="0" mode1="HA" mode2="SLOTS" penalty="5" teamGroups1="" teamGroups2="" teams1="9" teams2="16;0;15;12;14;8;6" type="SOFT"/>
            <CA3 intp="4" max="2" min="0" mode1="A" mode2="SLOTS" penalty="5" teamGroups1="" teamGroups2="" teams1="14" teams2="16;5;9;12;7;6" type="SOFT"/>
            <CA3 intp="4" max="2" min="0" mode1="A" mode2="SLOTS" penalty="5" teamGroups1="" teamGroups2="" teams1="10" teams2="16;4;0;15;7;6;2" type="SOFT"/>
            <CA3 intp="4" max="2" min="0" mode1="H" mode2="SLOTS" penalty="5" teamGroups1="" teamGroups2="" teams1="12" teams2="5;9;15;11;8;2;1" type="SOFT"/>
            <CA3 intp="4" max="2" min="0" mode1="A" mode2="SLOTS" penalty="5" teamGroups1="" teamGroups2="" teams1="3" teams2="5;0;15;13;7;8;2" type="SOFT"/>
            <CA3 intp="4" max="2" min="0" mode1="A" mode2="SLOTS" penalty="5" teamGroups1="" teamGroups2="" teams1="9" teams2="16;3;12;13;7;2" type="SOFT"/>
            <CA3 intp="4" max="2" min="0" mode1="A" mode2="SLOTS" penalty="5" teamGroups1="" teamGroups2="" teams1="4" teams2="10;9;17;13;8;1" type="SOFT"/>
            <CA3 intp="4" max="2" min="0" mode1="H" mode2="SLOTS" penalty="5" teamGroups1="" teamGroups2="" teams1="13" teams2="10;17;3;2;1" type="SOFT"/>
            <CA3 intp="4" max="2" min="0" mode1="H" mode2="SLOTS" penalty="5" teamGroups1="" teamGroups2="" teams1="17" teams2="5;10;3;14;13;8;6" type="SOFT"/>
            <CA3 intp="4" max="2" min="0" mode1="H" mode2="SLOTS" penalty="5" teamGroups1="" teamGroups2="" teams1="4" teams2="0;3;13;8;6" type="SOFT"/>
            <CA3 intp="4" max="2" min="0" mode1="H" mode2="SLOTS" penalty="5" teamGroups1="" teamGroups2="" teams1="7" teams2="9;17;3;12;14" type="SOFT"/>
            <CA3 intp="4" max="2" min="0" mode1="H" mode2="SLOTS" penalty="5" teamGroups1="" teamGroups2="" teams1="14" teams2="5;9;11;12;2;1" type="SOFT"/>
            <CA3 intp="4" max="2" min="0" mode1="A" mode2="SLOTS" penalty="5" teamGroups1="" teamGroups2="" teams1="0" teams2="16;4;10;12;6" type="SOFT"/>
            <CA3 intp="4" max="2" min="0" mode1="HA" mode2="SLOTS" penalty="5" teamGroups1="" teamGroups2="" teams1="8" teams2="9;17;11;14;1" type="SOFT"/>
            <CA4 max="1" min="0" mode1="H" mode2="EVERY" penalty="1" slotGroups="" slots="6" teamGroups1="" teamGroups2="" teams1="6;2" teams2="16;5;4;0;10;9;17;15;3;11;12;14;13;7;8;6;2;1" type="HARD"/>
            <CA4 max="2" min="0" mode1="H" mode2="GLOBAL" penalty="1" slotGroups="" slots="3;5;9;11;8" teamGroups1="" teamGroups2="" teams1="17;15;12;7;1" teams2="17;15;12;7;1" type="HARD"/>
            <CA4 max="2" min="0" mode1="H" mode2="GLOBAL" penalty="1" slotGroups="" slots="6;13;12;17;2;24" teamGroups1="" teamGroups2="" teams1="16;5;0;10;7;1" teams2="16;5;0;10;7;1" type="HARD"/>
            <CA4 max="2" min="0" mode1="H" mode2="GLOBAL" penalty="1" slotGroups="" slots="6;10;0;2;4" teamGroups1="" teamGroups2="" teams1="16;5;0;17;13" teams2="16;5;0;17;13" type="HARD"/>
            <CA4 max="1" min="0" mode1="H" mode2="EVERY" penalty="1" slotGroups="" slots="3" teamGroups1="" teamGroups2="" teams1="15;1" teams2="16;5;4;0;10;9;17;15;3;11;12;14;13;7;8;6;2;1" type="HARD"/>
            <CA4 max="2" min="0" mode1="H" mode2="GLOBAL" penalty="1" slotGroups="" slots="15;5;16;0;2;20" teamGroups1="" teamGroups2="" teams1="4;0;10;14;2;1" teams2="4;0;10;14;2;1" type="HARD"/>
            <CA4 max="2" min="0" mode1="H" mode2="GLOBAL" penalty="1" slotGroups="" slots="1;3;0;2" teamGroups1="" teamGroups2="" teams1="16;4;10;15" teams2="16;4;10;15" type="HARD"/>
            <CA4 max="2" min="0" mode1="H" mode2="GLOBAL" penalty="1" slotGroups="" slots="6;19;3;12;17;0" teamGroups1="" teamGroups2="" teams1="5;4;10;11;13;8" teams2="5;4;10;11;13;8" type="HARD"/>
            <CA4 max="2" min="0" mode1="H" mode2="GLOBAL" penalty="1" slotGroups="" slots="6;1;5;4" teamGroups1="" teamGroups2="" teams1="16;17;6;1" teams2="16;17;6;1" type="HARD"/>
            <CA4 max="2" min="0" mode1="H" mode2="GLOBAL" penalty="1" slotGroups="" slots="3;5;0;2" teamGroups1="" teamGroups2="" teams1="4;13;8;6" teams2="4;13;8;6" type="HARD"/>
            <CA4 max="2" min="0" mode1="H" mode2="GLOBAL" penalty="1" slotGroups="" slots="13;1;15;0;20;18" teamGroups1="" teamGroups2="" teams1="4;9;11;7;8;1" teams2="4;9;11;7;8;1" type="HARD"/>
            <CA4 max="2" min="0" mode1="H" mode2="GLOBAL" penalty="1" slotGroups="" slots="13;10;11;0;2;7" teamGroups1="" teamGroups2="" teams1="0;10;3;14;13;6" teams2="0;10;3;14;13;6" type="HARD"/>
            <CA4 max="1" min="0" mode1="H" mode2="EVERY" penalty="1" slotGroups="" slots="12" teamGroups1="" teamGroups2="" teams1="14;2" teams2="16;5;4;0;10;9;17;15;3;11;12;14;13;7;8;6;2;1" type="HARD"/>
            <CA4 max="1" min="0" mode1="H" mode2="EVERY" penalty="1" slotGroups="" slots="22" teamGroups1="" teamGroups2="" teams1="5;11" teams2="16;5;4;0;10;9;17;15;3;11;12;14;13;7;8;6;2;1" type="HARD"/>
            <CA4 max="2" min="0" mode1="H" mode2="GLOBAL" penalty="1" slotGroups="" slots="1;3;5;0" teamGroups1="" teamGroups2="" teams1="16;5;11;14" teams2="16;5;11;14" type="HARD"/>
            <CA4 max="1" min="0" mode1="H" mode2="EVERY" penalty="1" slotGroups="" slots="28" teamGroups1="" teamGroups2="" teams1="15;7" teams2="16;5;4;0;10;9;17;15;3;11;12;14;13;7;8;6;2;1" type="HARD"/>
            <CA4 max="2" min="0" mode1="H" mode2="GLOBAL" penalty="1" slotGroups="" slots="3;0;2;4" teamGroups1="" teamGroups2="" teams1="9;15;14;6" teams2="9;15;14;6" type="HARD"/>
            <CA4 max="1" min="0" mode1="H" mode2="EVERY" penalty="1" slotGroups="" slots="14" teamGroups1="" teamGroups2="" teams1="16;6" teams2="16;5;4;0;10;9;17;15;3;11;12;14;13;7;8;6;2;1" type="HARD"/>
            <CA4 max="2" min="0" mode1="H" mode2="GLOBAL" penalty="1" slotGroups="" slots="3;5;2;4" teamGroups1="" teamGroups2="" teams1="5;9;12;1" teams2="5;9;12;1" type="HARD"/>
            <CA4 max="2" min="0" mode1="H" mode2="GLOBAL" penalty="1" slotGroups="" slots="6;3;11;2;7;18" teamGroups1="" teamGroups2="" teams1="0;10;9;14;7;6" teams2="0;10;9;14;7;6" type="HARD"/>
            <CA4 max="2" min="0" mode1="H" mode2="GLOBAL" penalty="1" slotGroups="" slots="3;0;2;4" teamGroups1="" teamGroups2="" teams1="16;5;17;12" teams2="16;5;17;12" type="HARD"/>
            <CA4 max="2" min="0" mode1="H" mode2="GLOBAL" penalty="1" slotGroups="" slots="1;5;0;4" teamGroups1="" teamGroups2="" teams1="5;4;8;2" teams2="5;4;8;2" type="HARD"/>
            <CA4 max="2" min="0" mode1="H" mode2="GLOBAL" penalty="1" slotGroups="" slots="1;3;5;2" teamGroups1="" teamGroups2="" teams1="14;13;7;2" teams2="14;13;7;2" type="HARD"/>
            <CA4 max="2" min="0" mode1="H" mode2="GLOBAL" penalty="1" slotGroups="" slots="1;3;0;2" teamGroups1="" teamGroups2="" teams1="5;15;3;13" teams2="5;15;3;13" type="HARD"/>
            <CA4 max="2" min="0" mode1="H" mode2="GLOBAL" penalty="1" slotGroups="" slots="1;3;9;10;2" teamGroups1="" teamGroups2="" teams1="9;17;13;8;2" teams2="9;17;13;8;2" type="HARD"/>
            <CA4 max="2" min="0" mode1="H" mode2="GLOBAL" penalty="1" slotGroups="" slots="6;1;12;5;2" teamGroups1="" teamGroups2="" teams1="16;0;9;12;8" teams2="16;0;9;12;8" type="HARD"/>
            <CA4 max="2" min="0" mode1="H" mode2="GLOBAL" penalty="1" slotGroups="" slots="3;9;0;2;7" teamGroups1="" teamGroups2="" teams1="17;12;7;8;6" teams2="17;12;7;8;6" type="HARD"/>
            <CA4 max="1" min="0" mode1="H" mode2="EVERY" penalty="1" slotGroups="" slots="33" teamGroups1="" teamGroups2="" teams1="4;11" teams2="16;5;4;0;10;9;17;15;3;11;12;14;13;7;8;6;2;1" type="HARD"/>
            <CA4 max="1" min="0" mode1="H" mode2="EVERY" penalty="1" slotGroups="" slots="7" teamGroups1="" teamGroups2="" teams1="4;10" teams2="16;5;4;0;10;9;17;15;3;11;12;14;13;7;8;6;2;1" type="HARD"/>
            <CA4 max="2" min="0" mode1="H" mode2="GLOBAL" penalty="1" slotGroups="" slots="3;12;5;9;11;7" teamGroups1="" teamGroups2="" teams1="5;0;9;17;15;1" teams2="5;0;9;17;15;1" type="HARD"/>
            <CA4 max="1" min="0" mode1="H" mode2="GLOBAL" penalty="5" slotGroups="" slots="6;13;22;30;33" teamGroups1="" teamGroups2="" teams1="0;9;12;13;1" teams2="0;9;12;13;1" type="SOFT"/>
            <CA4 max="1" min="0" mode1="H" mode2="GLOBAL" penalty="5" slotGroups="" slots="21;16;11;24;4" teamGroups1="" teamGroups2="" teams1="5;15;11;13;8" teams2="5;15;11;13;8" type="SOFT"/>
            <CA4 max="1" min="0" mode1="H" mode2="GLOBAL" penalty="5" slotGroups="" slots="6;12;11;2" teamGroups1="" teamGroups2="" teams1="16;10;9;14" teams2="16;10;9;14" type="SOFT"/>
            <CA4 max="1" min="0" mode1="H" mode2="EVERY" penalty="5" slotGroups="" slots="16" teamGroups1="" teamGroups2="" teams1="16;12" teams2="16;5;4;0;10;9;17;15;3;11;12;14;13;7;8;6;2;1" type="SOFT"/>
            <CA4 max="1" min="0" mode1="H" mode2="EVERY" penalty="5" slotGroups="" slots="27" teamGroups1="" teamGroups2="" teams1="7;2" teams2="16;5;4;0;10;9;17;15;3;11;12;14;13;7;8;6;2;1" type="SOFT"/>
            <CA4 max="1" min="0" mode1="H" mode2="GLOBAL" penalty="5" slotGroups="" slots="14;25;9;20;32" teamGroups1="" teamGroups2="" teams1="16;15;14;13;2" teams2="16;15;14;13;2" type="SOFT"/>
            <CA4 max="1" min="0" mode1="H" mode2="GLOBAL" penalty="5" slotGroups="" slots="28;18;24;30" teamGroups1="" teamGroups2="" teams1="17;3;13;8" teams2="17;3;13;8" type="SOFT"/>
            <CA4 max="1" min="0" mode1="H" mode2="GLOBAL" penalty="5" slotGroups="" slots="13;17;8;2;30" teamGroups1="" teamGroups2="" teams1="16;9;12;13;1" teams2="16;9;12;13;1" type="SOFT"/>
            <CA4 max="1" min="0" mode1="H" mode2="GLOBAL" penalty="5" slotGroups="" slots="25;17;5;7;4" teamGroups1="" teamGroups2="" teams1="0;10;9;8;1" teams2="0;10;9;8;1" type="SOFT"/>
            <CA4 max="1" min="0" mode1="H" mode2="EVERY" penalty="5" slotGroups="" slots="23" teamGroups1="" teamGroups2="" teams1="5;11" teams2="16;5;4;0;10;9;17;15;3;11;12;14;13;7;8;6;2;1" type="SOFT"/>
            <CA4 max="1" min="0" mode1="H" mode2="GLOBAL" penalty="5" slotGroups="" slots="6;14;21;25;23" teamGroups1="" teamGroups2="" teams1="9;15;14;8;6" teams2="9;15;14;8;6" type="SOFT"/>
            <CA4 max="1" min="0" mode1="H" mode2="GLOBAL" penalty="5" slotGroups="" slots="3;15;10;7;18" teamGroups1="" teamGroups2="" teams1="4;15;13;7;6" teams2="4;15;13;7;6" type="SOFT"/>
            <CA4 max="1" min="0" mode1="H" mode2="GLOBAL" penalty="5" slotGroups="" slots="6;3;23;9;8" teamGroups1="" teamGroups2="" teams1="5;4;0;9;6" teams2="5;4;0;9;6" type="SOFT"/>
            <CA4 max="1" min="0" mode1="H" mode2="EVERY" penalty="5" slotGroups="" slots="29" teamGroups1="" teamGroups2="" teams1="10;17" teams2="16;5;4;0;10;9;17;15;3;11;12;14;13;7;8;6;2;1" type="SOFT"/>
            <CA4 max="1" min="0" mode1="H" mode2="EVERY" penalty="5" slotGroups="" slots="24" teamGroups1="" teamGroups2="" teams1="5;7" teams2="16;5;4;0;10;9;17;15;3;11;12;14;13;7;8;6;2;1" type="SOFT"/>
            <CA4 max="1" min="0" mode1="H" mode2="EVERY" penalty="5" slotGroups="" slots="32" teamGroups1="" teamGroups2="" teams1="0;15" teams2="16;5;4;0;10;9;17;15;3;11;12;14;13;7;8;6;2;1" type="SOFT"/>
            <CA4 max="1" min="0" mode1="H" mode2="GLOBAL" penalty="5" slotGroups="" slots="3;2;28;29" teamGroups1="" teamGroups2="" teams1="0;17;13;1" teams2="0;17;13;1" type="SOFT"/>
            <CA4 max="1" min="0" mode1="H" mode2="GLOBAL" penalty="5" slotGroups="" slots="6;25;9;29;4" teamGroups1="" teamGroups2="" teams1="16;10;9;13;7" teams2="16;10;9;13;7" type="SOFT"/>
            <CA4 max="1" min="0" mode1="H" mode2="GLOBAL" penalty="5" slotGroups="" slots="31;19;15;9;24" teamGroups1="" teamGroups2="" teams1="16;0;8;6;1" teams2="16;0;8;6;1" type="SOFT"/>
            <CA4 max="1" min="0" mode1="H" mode2="GLOBAL" penalty="5" slotGroups="" slots="1;15;26;29;32" teamGroups1="" teamGroups2="" teams1="16;15;11;12;2" teams2="16;15;11;12;2" type="SOFT"/>
            <CA4 max="1" min="0" mode1="H" mode2="GLOBAL" penalty="5" slotGroups="" slots="6;5;20;32" teamGroups1="" teamGroups2="" teams1="5;14;6;1" teams2="5;14;6;1" type="SOFT"/>
            <CA4 max="1" min="0" mode1="H" mode2="GLOBAL" penalty="5" slotGroups="" slots="21;23;15;20;32" teamGroups1="" teamGroups2="" teams1="16;5;0;6;1" teams2="16;5;0;6;1" type="SOFT"/>
            <CA4 max="1" min="0" mode1="H" mode2="EVERY" penalty="5" slotGroups="" slots="27" teamGroups1="" teamGroups2="" teams1="16;11" teams2="16;5;4;0;10;9;17;15;3;11;12;14;13;7;8;6;2;1" type="SOFT"/>
            <CA4 max="1" min="0" mode1="H" mode2="EVERY" penalty="5" slotGroups="" slots="21" teamGroups1="" teamGroups2="" teams1="4;15" teams2="16;5;4;0;10;9;17;15;3;11;12;14;13;7;8;6;2;1" type="SOFT"/>
            <CA4 max="1" min="0" mode1="H" mode2="GLOBAL" penalty="5" slotGroups="" slots="21;1;10;0" teamGroups1="" teamGroups2="" teams1="9;3;14;1" teams2="9;3;14;1" type="SOFT"/>
            <CA4 max="1" min="0" mode1="H" mode2="GLOBAL" penalty="5" slotGroups="" slots="15;26;2;20;4" teamGroups1="" teamGroups2="" teams1="4;0;17;3;7" teams2="4;0;17;3;7" type="SOFT"/>
            <CA4 max="1" min="0" mode1="H" mode2="GLOBAL" penalty="5" slotGroups="" slots="12;9;16;8;28" teamGroups1="" teamGroups2="" teams1="0;10;9;7;6" teams2="0;10;9;7;6" type="SOFT"/>
        </CapacityConstraints>
        <GameConstraints>
            <GA1 max="1" meetings="17,0;" min="1" penalty="1" slotGroups="" slots="13" type="HARD"/>
            <GA1 max="0" meetings="12,8;" min="0" penalty="1" slotGroups="" slots="30" type="HARD"/>
            <GA1 max="0" meetings="4,10;" min="0" penalty="1" slotGroups="" slots="20" type="HARD"/>
            <GA1 max="0" meetings="3,6;" min="0" penalty="1" slotGroups="" slots="14" type="HARD"/>
            <GA1 max="0" meetings="15,13;" min="0" penalty="1" slotGroups="" slots="24" type="HARD"/>
            <GA1 max="0" meetings="9,15;" min="0" penalty="1" slotGroups="" slots="33" type="HARD"/>
            <GA1 max="0" meetings="7,6;" min="0" penalty="1" slotGroups="" slots="25" type="SOFT"/>
        </GameConstraints>
        <BreakConstraints>
            <BR1 intp="1" mode1="LEQ" mode2="HA" penalty="1" slotGroups="" slots="21;32;33" teamGroups="" teams="15" type="HARD"/>
            <BR1 intp="1" mode1="LEQ" mode2="HA" penalty="1" slotGroups="" slots="31;3;32" teamGroups="" teams="11" type="HARD"/>
            <BR1 intp="2" mode1="LEQ" mode2="HA" penalty="1" slotGroups="" slots="19;25;20;18;24;33" teamGroups="" teams="9" type="HARD"/>
            <BR1 intp="2" mode1="LEQ" mode2="HA" penalty="1" slotGroups="" slots="27;6;11;18;32;4" teamGroups="" teams="1" type="HARD"/>
            <BR1 intp="1" mode1="LEQ" mode2="HA" penalty="1" slotGroups="" slots="12;17;32" teamGroups="" teams="15" type="HARD"/>
            <BR1 intp="1" mode1="LEQ" mode2="HA" penalty="1" slotGroups="" slots="25;12;11" teamGroups="" teams="2" type="HARD"/>
            <BR1 intp="1" mode1="LEQ" mode2="HA" penalty="1" slotGroups="" slots="6;1;17" teamGroups="" teams="13" type="HARD"/>
            <BR1 intp="2" mode1="LEQ" mode2="HA" penalty="1" slotGroups="" slots="19;21;5;2;28;4" teamGroups="" teams="4" type="HARD"/>
            <BR1 intp="1" mode1="LEQ" mode2="HA" penalty="1" slotGroups="" slots="10;16;0" teamGroups="" teams="8" type="HARD"/>
            <BR1 intp="2" mode1="LEQ" mode2="HA" penalty="1" slotGroups="" slots="19;21;12;10;29;22" teamGroups="" teams="11" type="HARD"/>
            <BR1 intp="2" mode1="LEQ" mode2="HA" penalty="1" slotGroups="" slots="19;3;5;9;16;20" teamGroups="" teams="11" type="HARD"/>
            <BR1 intp="0" mode1="LEQ" mode2="HA" penalty="1" slotGroups="" slots="19" teamGroups="" teams="16" type="HARD"/>
            <BR1 intp="2" mode1="LEQ" mode2="HA" penalty="1" slotGroups="" slots="21;12;5;10;16;33" teamGroups="" teams="3" type="HARD"/>
            <BR1 intp="1" mode1="LEQ" mode2="HA" penalty="1" slotGroups="" slots="12;29;4" teamGroups="" teams="4" type="HARD"/>
            <BR1 intp="0" mode1="LEQ" mode2="HA" penalty="1" slotGroups="" slots="26" teamGroups="" teams="1" type="HARD"/>
            <BR1 intp="1" mode1="LEQ" mode2="HA" penalty="1" slotGroups="" slots="31;25;26" teamGroups="" teams="14" type="HARD"/>
            <BR1 intp="2" mode1="LEQ" mode2="HA" penalty="1" slotGroups="" slots="3;15;5;9;16;22" teamGroups="" teams="0" type="HARD"/>
            <BR1 intp="0" mode1="LEQ" mode2="HA" penalty="1" slotGroups="" slots="24" teamGroups="" teams="5" type="HARD"/>
            <BR1 intp="0" mode1="LEQ" mode2="HA" penalty="1" slotGroups="" slots="4" teamGroups="" teams="13" type="HARD"/>
            <BR1 intp="0" mode1="LEQ" mode2="HA" penalty="1" slotGroups="" slots="21" teamGroups="" teams="12" type="HARD"/>
            <BR1 intp="0" mode1="LEQ" mode2="HA" penalty="1" slotGroups="" slots="14" teamGroups="" teams="8" type="HARD"/>
            <BR1 intp="1" mode1="LEQ" mode2="HA" penalty="1" slotGroups="" slots="6;1;15" teamGroups="" teams="3" type="HARD"/>
            <BR1 intp="2" mode1="LEQ" mode2="HA" penalty="1" slotGroups="" slots="6;14;9;11;7;22" teamGroups="" teams="16" type="HARD"/>
            <BR1 intp="1" mode1="LEQ" mode2="HA" penalty="1" slotGroups="" slots="21;3;5" teamGroups="" teams="9" type="HARD"/>
            <BR1 intp="1" mode1="LEQ" mode2="HA" penalty="1" slotGroups="" slots="15;2;33" teamGroups="" teams="9" type="HARD"/>
            <BR1 intp="0" mode1="LEQ" mode2="HA" penalty="1" slotGroups="" slots="9" teamGroups="" teams="9" type="HARD"/>
            <BR1 intp="2" mode1="LEQ" mode2="HA" penalty="1" slotGroups="" slots="27;19;26;17;10;8" teamGroups="" teams="13" type="HARD"/>
            <BR1 intp="2" mode1="LEQ" mode2="HA" penalty="1" slotGroups="" slots="25;15;16;8;20;4" teamGroups="" teams="1" type="HARD"/>
            <BR1 intp="2" mode1="LEQ" mode2="HA" penalty="1" slotGroups="" slots="1;8;22;32;4;30" teamGroups="" teams="13" type="HARD"/>
            <BR1 intp="0" mode1="LEQ" mode2="HA" penalty="1" slotGroups="" slots="1" teamGroups="" teams="15" type="HARD"/>
            <BR1 intp="0" mode1="LEQ" mode2="HA" penalty="1" slotGroups="" slots="15" teamGroups="" teams="10" type="HARD"/>
            <BR1 intp="2" mode1="LEQ" mode2="HA" penalty="1" slotGroups="" slots="13;23;12;10;29;24" teamGroups="" teams="8" type="HARD"/>
            <BR1 intp="1" mode1="LEQ" mode2="HA" penalty="1" slotGroups="" slots="6;14;23" teamGroups="" teams="4" type="HARD"/>
            <BR1 intp="2" mode1="LEQ" mode2="HA" penalty="1" slotGroups="" slots="1;26;5;10;8;24" teamGroups="" teams="0" type="HARD"/>
            <BR1 intp="0" mode1="LEQ" mode2="HA" penalty="1" slotGroups="" slots="14" teamGroups="" teams="0" type="HARD"/>
            <BR1 intp="0" mode1="LEQ" mode2="HA" penalty="1" slotGroups="" slots="26" teamGroups="" teams="11" type="HARD"/>
            <BR1 intp="0" mode1="LEQ" mode2="HA" penalty="1" slotGroups="" slots="14" teamGroups="" teams="5" type="HARD"/>
            <BR1 intp="2" mode1="LEQ" mode2="HA" penalty="1" slotGroups="" slots="31;12;5;24;32;30" teamGroups="" teams="2" type="HARD"/>
            <BR1 intp="0" mode1="LEQ" mode2="HA" penalty="1" slotGroups="" slots="22" teamGroups="" teams="13" type="HARD"/>
            <BR1 intp="0" mode1="LEQ" mode2="HA" penalty="1" slotGroups="" slots="10" teamGroups="" teams="9" type="HARD"/>
            <BR1 intp="1" mode1="LEQ" mode2="HA" penalty="1" slotGroups="" slots="5;2;28" teamGroups="" teams="14" type="HARD"/>
            <BR1 intp="2" mode1="LEQ" mode2="HA" penalty="1" slotGroups="" slots="19;15;5;9;10;28" teamGroups="" teams="11" type="HARD"/>
            <BR1 intp="1" mode1="LEQ" mode2="HA" penalty="1" slotGroups="" slots="5;8;0" teamGroups="" teams="12" type="HARD"/>
            <BR1 intp="0" mode1="LEQ" mode2="HA" penalty="1" slotGroups="" slots="1" teamGroups="" teams="7" type="HARD"/>
            <BR1 intp="1" mode1="LEQ" mode2="HA" penalty="5" slotGroups="" slots="6;2;18" teamGroups="" teams="15" type="SOFT"/>
            <BR1 intp="2" mode1="LEQ" mode2="HA" penalty="5" slotGroups="" slots="14;23;26;12;0;2" teamGroups="" teams="13" type="SOFT"/>
            <BR1 intp="1" mode1="LEQ" mode2="HA" penalty="5" slotGroups="" slots="6;9;18" teamGroups="" teams="4" type="SOFT"/>
            <BR1 intp="2" mode1="LEQ" mode2="HA" penalty="5" slotGroups="" slots="14;23;15;12;16;2" teamGroups="" teams="4" type="SOFT"/>
            <BR1 intp="1" mode1="LEQ" mode2="HA" penalty="5" slotGroups="" slots="23;11;30" teamGroups="" teams="7" type="SOFT"/>
            <BR1 intp="1" mode1="LEQ" mode2="HA" penalty="5" slotGroups="" slots="5;9;0" teamGroups="" teams="10" type="SOFT"/>
            <BR1 intp="0" mode1="LEQ" mode2="HA" penalty="5" slotGroups="" slots="7" teamGroups="" teams="11" type="SOFT"/>
            <BR1 intp="0" mode1="LEQ" mode2="HA" penalty="5" slotGroups="" slots="8" teamGroups="" teams="17" type="SOFT"/>
            <BR1 intp="1" mode1="LEQ" mode2="HA" penalty="5" slotGroups="" slots="14;0;2" teamGroups="" teams="9" type="SOFT"/>
            <BR1 intp="0" mode1="LEQ" mode2="HA" penalty="5" slotGroups="" slots="5" teamGroups="" teams="4" type="SOFT"/>
            <BR1 intp="2" mode1="LEQ" mode2="HA" penalty="5" slotGroups="" slots="26;0;7;24;32;33" teamGroups="" teams="2" type="SOFT"/>
            <BR1 intp="1" mode1="LEQ" mode2="HA" penalty="5" slotGroups="" slots="14;11;20" teamGroups="" teams="4" type="SOFT"/>
            <BR1 intp="0" mode1="LEQ" mode2="HA" penalty="5" slotGroups="" slots="22" teamGroups="" teams="5" type="SOFT"/>
            <BR2 intp="16" homeMode="HA" mode2="LEQ" penalty="10" slotGroups="" slots="31;27;6;13;19;14;21;25;1;3;23;15;26;12;17;5;9;10;16;11;8;0;2;20;28;7;18;29;24;22;32;4;30;33" teamGroups="" teams="16;5;4;0;10;9;17;15;3;11;12;14;13;7;8;6;2;1" type="SOFT"/>
        </BreakConstraints>
        <FairnessConstraints/>
        <SeparationConstraints>
            <SE1 mode1="SLOTS" min="10" penalty="10" teamGroups="" teams="16;5;4;0;10;9;17;15;3;11;12;14;13;7;8;6;2;1" type="SOFT"/>
        </SeparationConstraints>
    </Constraints>
</Instance>
