<?xml version="1.0" encoding="UTF-8"?>
<Instance>
    <MetaData>
        <InstanceName>Middle8</InstanceName>
        <DataType>A</DataType>
        <Contributor>ITC2021</Contributor>
	<Date year="2021" month="1"/>
    </MetaData>
    <Structure>
        <Format leagueIds="0">
            <numberRoundRobin>2</numberRoundRobin>
            <compactness>C</compactness>
            <gameMode>NULL</gameMode>
        </Format>
        <AdditionalGames/>
    </Structure>
    <ObjectiveFunction>
        <Objective>SC</Objective>
    </ObjectiveFunction>
    <Data>
        <Distances/>
        <COEWeights/>
        <Costs/>
    </Data>
    <Resources>
        <LeagueGroups/>
        <Leagues>
            <league id="0" leagueGroups="" name="League 0"/>
        </Leagues>
        <TeamGroups/>
        <Teams>
            <team id="0" league="0" name="Team 0" teamGroups=""/>
            <team id="1" league="0" name="Team 1" teamGroups=""/>
            <team id="2" league="0" name="Team 2" teamGroups=""/>
            <team id="3" league="0" name="Team 3" teamGroups=""/>
            <team id="4" league="0" name="Team 4" teamGroups=""/>
            <team id="5" league="0" name="Team 5" teamGroups=""/>
            <team id="6" league="0" name="Team 6" teamGroups=""/>
            <team id="7" league="0" name="Team 7" teamGroups=""/>
            <team id="8" league="0" name="Team 8" teamGroups=""/>
            <team id="9" league="0" name="Team 9" teamGroups=""/>
            <team id="10" league="0" name="Team 10" teamGroups=""/>
            <team id="11" league="0" name="Team 11" teamGroups=""/>
            <team id="12" league="0" name="Team 12" teamGroups=""/>
            <team id="13" league="0" name="Team 13" teamGroups=""/>
            <team id="14" league="0" name="Team 14" teamGroups=""/>
            <team id="15" league="0" name="Team 15" teamGroups=""/>
            <team id="16" league="0" name="Team 16" teamGroups=""/>
            <team id="17" league="0" name="Team 17" teamGroups=""/>
        </Teams>
        <SlotGroups/>
        <Slots>
            <slot id="0" name="Slot 0" slotGroup=""/>
            <slot id="1" name="Slot 1" slotGroup=""/>
            <slot id="2" name="Slot 2" slotGroup=""/>
            <slot id="3" name="Slot 3" slotGroup=""/>
            <slot id="4" name="Slot 4" slotGroup=""/>
            <slot id="5" name="Slot 5" slotGroup=""/>
            <slot id="6" name="Slot 6" slotGroup=""/>
            <slot id="7" name="Slot 7" slotGroup=""/>
            <slot id="8" name="Slot 8" slotGroup=""/>
            <slot id="9" name="Slot 9" slotGroup=""/>
            <slot id="10" name="Slot 10" slotGroup=""/>
            <slot id="11" name="Slot 11" slotGroup=""/>
            <slot id="12" name="Slot 12" slotGroup=""/>
            <slot id="13" name="Slot 13" slotGroup=""/>
            <slot id="14" name="Slot 14" slotGroup=""/>
            <slot id="15" name="Slot 15" slotGroup=""/>
            <slot id="16" name="Slot 16" slotGroup=""/>
            <slot id="17" name="Slot 17" slotGroup=""/>
            <slot id="18" name="Slot 18" slotGroup=""/>
            <slot id="19" name="Slot 19" slotGroup=""/>
            <slot id="20" name="Slot 20" slotGroup=""/>
            <slot id="21" name="Slot 21" slotGroup=""/>
            <slot id="22" name="Slot 22" slotGroup=""/>
            <slot id="23" name="Slot 23" slotGroup=""/>
            <slot id="24" name="Slot 24" slotGroup=""/>
            <slot id="25" name="Slot 25" slotGroup=""/>
            <slot id="26" name="Slot 26" slotGroup=""/>
            <slot id="27" name="Slot 27" slotGroup=""/>
            <slot id="28" name="Slot 28" slotGroup=""/>
            <slot id="29" name="Slot 29" slotGroup=""/>
            <slot id="30" name="Slot 30" slotGroup=""/>
            <slot id="31" name="Slot 31" slotGroup=""/>
            <slot id="32" name="Slot 32" slotGroup=""/>
            <slot id="33" name="Slot 33" slotGroup=""/>
        </Slots>
    </Resources>
    <Constraints>
        <BasicConstraints/>
        <CapacityConstraints>
            <CA1 max="1" min="0" mode="A" penalty="1" slotGroups="" slots="29;15" teamGroups="" teams="3" type="HARD"/>
            <CA1 max="1" min="0" mode="A" penalty="1" slotGroups="" slots="18;11;9" teamGroups="" teams="7" type="HARD"/>
            <CA1 max="1" min="0" mode="A" penalty="1" slotGroups="" slots="24;25" teamGroups="" teams="15" type="HARD"/>
            <CA1 max="1" min="0" mode="A" penalty="1" slotGroups="" slots="17;2" teamGroups="" teams="10" type="HARD"/>
            <CA1 max="0" min="0" mode="H" penalty="1" slotGroups="" slots="13" teamGroups="" teams="16" type="HARD"/>
            <CA1 max="1" min="0" mode="A" penalty="1" slotGroups="" slots="19;3" teamGroups="" teams="5" type="HARD"/>
            <CA1 max="1" min="0" mode="H" penalty="1" slotGroups="" slots="10;7;18;3" teamGroups="" teams="3" type="HARD"/>
            <CA1 max="1" min="0" mode="H" penalty="1" slotGroups="" slots="1;15" teamGroups="" teams="9" type="HARD"/>
            <CA1 max="1" min="0" mode="A" penalty="1" slotGroups="" slots="9;15" teamGroups="" teams="6" type="HARD"/>
            <CA1 max="1" min="0" mode="A" penalty="1" slotGroups="" slots="18;2;25" teamGroups="" teams="15" type="HARD"/>
            <CA1 max="0" min="0" mode="A" penalty="1" slotGroups="" slots="7" teamGroups="" teams="7" type="HARD"/>
            <CA1 max="1" min="0" mode="A" penalty="1" slotGroups="" slots="9;23;3;30" teamGroups="" teams="17" type="HARD"/>
            <CA1 max="2" min="0" mode="A" penalty="1" slotGroups="" slots="6;11;23;15" teamGroups="" teams="14" type="HARD"/>
            <CA1 max="1" min="0" mode="H" penalty="1" slotGroups="" slots="5;18;11" teamGroups="" teams="2" type="HARD"/>
            <CA1 max="0" min="0" mode="A" penalty="1" slotGroups="" slots="23" teamGroups="" teams="11" type="HARD"/>
            <CA1 max="1" min="0" mode="A" penalty="1" slotGroups="" slots="28;20;11" teamGroups="" teams="17" type="HARD"/>
            <CA2 max="3" min="0" mode1="H" mode2="GLOBAL" penalty="5" slotGroups="" slots="6;14;16;8;0;32;22;31" teamGroups1="" teamGroups2="" teams1="2" teams2="6;1;12;16;14;15;8;17" type="SOFT"/>
            <CA2 max="3" min="0" mode1="A" mode2="GLOBAL" penalty="5" slotGroups="" slots="28;14;5;19;20;27;2;30" teamGroups1="" teamGroups2="" teams1="5" teams2="1;7;12;15;10;17;11;13" type="SOFT"/>
            <CA2 max="2" min="0" mode1="HA" mode2="GLOBAL" penalty="5" slotGroups="" slots="28;5;0;17;29;33;32;25" teamGroups1="" teamGroups2="" teams1="11" teams2="6;4;3;12;14;8;10;13" type="SOFT"/>
            <CA2 max="2" min="0" mode1="A" mode2="GLOBAL" penalty="5" slotGroups="" slots="13;19;12;33;32;15" teamGroups1="" teamGroups2="" teams1="15" teams2="6;1;16;9;11;13" type="SOFT"/>
            <CA2 max="2" min="0" mode1="H" mode2="GLOBAL" penalty="5" slotGroups="" slots="8;4;1;22;25;30" teamGroups1="" teamGroups2="" teams1="16" teams2="2;5;14;9;17;11" type="SOFT"/>
            <CA2 max="2" min="0" mode1="A" mode2="GLOBAL" penalty="5" slotGroups="" slots="7;5;4;24;11;30" teamGroups1="" teamGroups2="" teams1="6" teams2="4;0;3;12;5;10" type="SOFT"/>
            <CA2 max="3" min="0" mode1="A" mode2="GLOBAL" penalty="5" slotGroups="" slots="6;8;4;17;18;29;11;1" teamGroups1="" teamGroups2="" teams1="12" teams2="6;2;0;3;14;10;11;13" type="SOFT"/>
            <CA2 max="1" min="0" mode1="HA" mode2="GLOBAL" penalty="5" slotGroups="" slots="6;28;0;18;9;1;23" teamGroups1="" teamGroups2="" teams1="8" teams2="2;1;3;14;15;11;13" type="SOFT"/>
            <CA2 max="2" min="0" mode1="A" mode2="GLOBAL" penalty="5" slotGroups="" slots="10;14;8;18;12;22;31" teamGroups1="" teamGroups2="" teams1="5" teams2="2;3;12;14;8;11;13" type="SOFT"/>
            <CA2 max="2" min="0" mode1="H" mode2="GLOBAL" penalty="5" slotGroups="" slots="28;7;26;17;12;9;25" teamGroups1="" teamGroups2="" teams1="12" teams2="2;1;5;14;15;9;13" type="SOFT"/>
            <CA2 max="1" min="0" mode1="HA" mode2="GLOBAL" penalty="5" slotGroups="" slots="16;17;27;33;22;25;30" teamGroups1="" teamGroups2="" teams1="15" teams2="1;7;3;12;8;9;17" type="SOFT"/>
            <CA2 max="3" min="0" mode1="A" mode2="GLOBAL" penalty="5" slotGroups="" slots="10;8;4;17;21;29;33;32" teamGroups1="" teamGroups2="" teams1="5" teams2="6;4;14;15;8;10;17;13" type="SOFT"/>
            <CA2 max="2" min="0" mode1="A" mode2="GLOBAL" penalty="5" slotGroups="" slots="6;16;13;20;11;23" teamGroups1="" teamGroups2="" teams1="13" teams2="2;4;7;16;9;17" type="SOFT"/>
            <CA2 max="1" min="0" mode1="HA" mode2="GLOBAL" penalty="5" slotGroups="" slots="10;8;26;21;29;31" teamGroups1="" teamGroups2="" teams1="16" teams2="6;4;0;12;17;11" type="SOFT"/>
            <CA2 max="2" min="0" mode1="A" mode2="GLOBAL" penalty="5" slotGroups="" slots="5;26;0;9;32;3" teamGroups1="" teamGroups2="" teams1="14" teams2="1;7;3;16;9;11" type="SOFT"/>
            <CA2 max="1" min="0" mode1="HA" mode2="GLOBAL" penalty="5" slotGroups="" slots="6;16;17;32;23;30" teamGroups1="" teamGroups2="" teams1="7" teams2="6;4;12;16;10;11" type="SOFT"/>
            <CA2 max="2" min="0" mode1="H" mode2="GLOBAL" penalty="5" slotGroups="" slots="26;19;29;11;22;30" teamGroups1="" teamGroups2="" teams1="13" teams2="6;3;16;14;10;11" type="SOFT"/>
            <CA2 max="3" min="0" mode1="H" mode2="GLOBAL" penalty="5" slotGroups="" slots="10;28;16;0;17;29;27;22" teamGroups1="" teamGroups2="" teams1="15" teams2="2;7;3;16;5;14;8;10" type="SOFT"/>
            <CA2 max="2" min="0" mode1="H" mode2="GLOBAL" penalty="5" slotGroups="" slots="6;7;5;21;9;15" teamGroups1="" teamGroups2="" teams1="12" teams2="6;16;5;15;11;13" type="SOFT"/>
            <CA2 max="2" min="0" mode1="HA" mode2="GLOBAL" penalty="5" slotGroups="" slots="14;8;0;21;11;22;23;25" teamGroups1="" teamGroups2="" teams1="4" teams2="0;7;3;16;14;15;11;13" type="SOFT"/>
            <CA2 max="2" min="0" mode1="A" mode2="GLOBAL" penalty="5" slotGroups="" slots="14;0;1;22;3;30" teamGroups1="" teamGroups2="" teams1="6" teams2="1;0;5;14;8;9" type="SOFT"/>
            <CA2 max="2" min="0" mode1="A" mode2="GLOBAL" penalty="5" slotGroups="" slots="28;7;19;12;27;22" teamGroups1="" teamGroups2="" teams1="13" teams2="1;0;12;14;15;11" type="SOFT"/>
            <CA2 max="2" min="0" mode1="H" mode2="GLOBAL" penalty="5" slotGroups="" slots="14;21;2;25;3;30" teamGroups1="" teamGroups2="" teams1="6" teams2="2;16;15;9;17;13" type="SOFT"/>
            <CA2 max="2" min="0" mode1="H" mode2="GLOBAL" penalty="5" slotGroups="" slots="28;8;19;20;21;2;30" teamGroups1="" teamGroups2="" teams1="3" teams2="6;12;16;5;14;15;10" type="SOFT"/>
            <CA2 max="3" min="0" mode1="H" mode2="GLOBAL" penalty="5" slotGroups="" slots="6;0;19;17;24;18;21;11" teamGroups1="" teamGroups2="" teams1="0" teams2="6;1;4;16;5;15;9;11" type="SOFT"/>
            <CA2 max="3" min="0" mode1="A" mode2="GLOBAL" penalty="5" slotGroups="" slots="10;13;19;20;17;11;1;31" teamGroups1="" teamGroups2="" teams1="13" teams2="4;0;7;12;16;5;10;9" type="SOFT"/>
            <CA2 max="2" min="0" mode1="A" mode2="GLOBAL" penalty="5" slotGroups="" slots="8;4;0;20;18;25" teamGroups1="" teamGroups2="" teams1="3" teams2="6;0;7;15;10;9" type="SOFT"/>
            <CA3 intp="3" max="2" min="0" mode1="H" mode2="SLOTS" penalty="1" teamGroups1="" teamGroups2="" teams1="6;2;1;4;0;7;3;12;16;5;14;15;8;10;9;17;11;13" teams2="6;2;1;4;0;7;3;12;16;5;14;15;8;10;9;17;11;13" type="HARD"/>
            <CA3 intp="3" max="2" min="0" mode1="A" mode2="SLOTS" penalty="1" teamGroups1="" teamGroups2="" teams1="6;2;1;4;0;7;3;12;16;5;14;15;8;10;9;17;11;13" teams2="6;2;1;4;0;7;3;12;16;5;14;15;8;10;9;17;11;13" type="HARD"/>
            <CA3 intp="4" max="2" min="0" mode1="HA" mode2="SLOTS" penalty="5" teamGroups1="" teamGroups2="" teams1="12" teams2="2;7;5;14;8;10;9" type="SOFT"/>
            <CA3 intp="4" max="2" min="0" mode1="HA" mode2="SLOTS" penalty="5" teamGroups1="" teamGroups2="" teams1="17" teams2="6;7;12;16;5;8;13" type="SOFT"/>
            <CA3 intp="4" max="2" min="0" mode1="HA" mode2="SLOTS" penalty="5" teamGroups1="" teamGroups2="" teams1="17" teams2="6;7;3;5;13" type="SOFT"/>
            <CA3 intp="4" max="2" min="0" mode1="HA" mode2="SLOTS" penalty="5" teamGroups1="" teamGroups2="" teams1="17" teams2="2;4;12;5;8;10" type="SOFT"/>
            <CA3 intp="4" max="2" min="0" mode1="HA" mode2="SLOTS" penalty="5" teamGroups1="" teamGroups2="" teams1="9" teams2="3;12;16;5;8;10;17" type="SOFT"/>
            <CA3 intp="4" max="2" min="0" mode1="H" mode2="SLOTS" penalty="5" teamGroups1="" teamGroups2="" teams1="8" teams2="6;4;3;16;5;15;10" type="SOFT"/>
            <CA3 intp="4" max="2" min="0" mode1="H" mode2="SLOTS" penalty="5" teamGroups1="" teamGroups2="" teams1="10" teams2="6;1;3;15;13" type="SOFT"/>
            <CA3 intp="4" max="2" min="0" mode1="A" mode2="SLOTS" penalty="5" teamGroups1="" teamGroups2="" teams1="3" teams2="0;12;14;17;11" type="SOFT"/>
            <CA3 intp="4" max="2" min="0" mode1="HA" mode2="SLOTS" penalty="5" teamGroups1="" teamGroups2="" teams1="4" teams2="6;16;14;8;11" type="SOFT"/>
            <CA3 intp="4" max="2" min="0" mode1="A" mode2="SLOTS" penalty="5" teamGroups1="" teamGroups2="" teams1="13" teams2="2;1;7;3;12;5;11" type="SOFT"/>
            <CA3 intp="4" max="2" min="0" mode1="HA" mode2="SLOTS" penalty="5" teamGroups1="" teamGroups2="" teams1="13" teams2="2;0;3;8;9;17" type="SOFT"/>
            <CA3 intp="4" max="2" min="0" mode1="H" mode2="SLOTS" penalty="5" teamGroups1="" teamGroups2="" teams1="9" teams2="6;1;4;7;3;16;15" type="SOFT"/>
            <CA3 intp="4" max="2" min="0" mode1="HA" mode2="SLOTS" penalty="5" teamGroups1="" teamGroups2="" teams1="14" teams2="1;0;5;8;11;13" type="SOFT"/>
            <CA3 intp="4" max="2" min="0" mode1="HA" mode2="SLOTS" penalty="5" teamGroups1="" teamGroups2="" teams1="9" teams2="2;4;7;3;8;13" type="SOFT"/>
            <CA3 intp="4" max="2" min="0" mode1="A" mode2="SLOTS" penalty="5" teamGroups1="" teamGroups2="" teams1="7" teams2="4;3;14;15;8;9;17" type="SOFT"/>
            <CA3 intp="4" max="2" min="0" mode1="H" mode2="SLOTS" penalty="5" teamGroups1="" teamGroups2="" teams1="10" teams2="1;0;3;12;8;11" type="SOFT"/>
            <CA3 intp="4" max="2" min="0" mode1="H" mode2="SLOTS" penalty="5" teamGroups1="" teamGroups2="" teams1="6" teams2="1;0;7;3;14;17;13" type="SOFT"/>
            <CA3 intp="4" max="2" min="0" mode1="H" mode2="SLOTS" penalty="5" teamGroups1="" teamGroups2="" teams1="13" teams2="6;1;4;7;9;17;11" type="SOFT"/>
            <CA3 intp="4" max="2" min="0" mode1="H" mode2="SLOTS" penalty="5" teamGroups1="" teamGroups2="" teams1="8" teams2="6;1;3;16;15;11;13" type="SOFT"/>
            <CA3 intp="4" max="2" min="0" mode1="A" mode2="SLOTS" penalty="5" teamGroups1="" teamGroups2="" teams1="16" teams2="2;3;15;8;9" type="SOFT"/>
            <CA3 intp="4" max="2" min="0" mode1="HA" mode2="SLOTS" penalty="5" teamGroups1="" teamGroups2="" teams1="14" teams2="6;2;0;7;15;9;11" type="SOFT"/>
            <CA3 intp="4" max="2" min="0" mode1="H" mode2="SLOTS" penalty="5" teamGroups1="" teamGroups2="" teams1="13" teams2="6;12;14;8;11" type="SOFT"/>
            <CA3 intp="4" max="2" min="0" mode1="A" mode2="SLOTS" penalty="5" teamGroups1="" teamGroups2="" teams1="17" teams2="6;4;12;16;14;10;13" type="SOFT"/>
            <CA3 intp="4" max="2" min="0" mode1="H" mode2="SLOTS" penalty="5" teamGroups1="" teamGroups2="" teams1="8" teams2="3;12;16;17;11;13" type="SOFT"/>
            <CA3 intp="4" max="2" min="0" mode1="H" mode2="SLOTS" penalty="5" teamGroups1="" teamGroups2="" teams1="9" teams2="0;3;12;15;8;11;13" type="SOFT"/>
            <CA3 intp="4" max="2" min="0" mode1="HA" mode2="SLOTS" penalty="5" teamGroups1="" teamGroups2="" teams1="2" teams2="6;0;7;3;11" type="SOFT"/>
            <CA3 intp="4" max="2" min="0" mode1="H" mode2="SLOTS" penalty="5" teamGroups1="" teamGroups2="" teams1="10" teams2="1;0;12;16;5;14" type="SOFT"/>
            <CA3 intp="4" max="2" min="0" mode1="H" mode2="SLOTS" penalty="5" teamGroups1="" teamGroups2="" teams1="17" teams2="2;0;7;12;14;9;11" type="SOFT"/>
            <CA3 intp="4" max="2" min="0" mode1="H" mode2="SLOTS" penalty="5" teamGroups1="" teamGroups2="" teams1="5" teams2="6;4;0;3;12;10" type="SOFT"/>
            <CA3 intp="4" max="2" min="0" mode1="H" mode2="SLOTS" penalty="5" teamGroups1="" teamGroups2="" teams1="4" teams2="1;0;3;16;14;15;8" type="SOFT"/>
            <CA3 intp="4" max="2" min="0" mode1="H" mode2="SLOTS" penalty="5" teamGroups1="" teamGroups2="" teams1="7" teams2="4;0;12;16;14;10" type="SOFT"/>
            <CA3 intp="4" max="2" min="0" mode1="H" mode2="SLOTS" penalty="5" teamGroups1="" teamGroups2="" teams1="3" teams2="2;7;12;9;17;13" type="SOFT"/>
            <CA3 intp="4" max="2" min="0" mode1="H" mode2="SLOTS" penalty="5" teamGroups1="" teamGroups2="" teams1="7" teams2="2;1;15;8;17" type="SOFT"/>
            <CA3 intp="4" max="2" min="0" mode1="HA" mode2="SLOTS" penalty="5" teamGroups1="" teamGroups2="" teams1="6" teams2="2;3;16;5;17" type="SOFT"/>
            <CA3 intp="4" max="2" min="0" mode1="H" mode2="SLOTS" penalty="5" teamGroups1="" teamGroups2="" teams1="13" teams2="6;4;0;7;16;15" type="SOFT"/>
            <CA3 intp="4" max="2" min="0" mode1="A" mode2="SLOTS" penalty="5" teamGroups1="" teamGroups2="" teams1="5" teams2="6;3;15;10;9;11" type="SOFT"/>
            <CA3 intp="4" max="2" min="0" mode1="H" mode2="SLOTS" penalty="5" teamGroups1="" teamGroups2="" teams1="17" teams2="6;4;7;12;14;9" type="SOFT"/>
            <CA3 intp="4" max="2" min="0" mode1="A" mode2="SLOTS" penalty="5" teamGroups1="" teamGroups2="" teams1="15" teams2="2;1;12;5;9;11;13" type="SOFT"/>
            <CA3 intp="4" max="2" min="0" mode1="HA" mode2="SLOTS" penalty="5" teamGroups1="" teamGroups2="" teams1="8" teams2="4;7;5;15;9;17;13" type="SOFT"/>
            <CA3 intp="4" max="2" min="0" mode1="H" mode2="SLOTS" penalty="5" teamGroups1="" teamGroups2="" teams1="4" teams2="0;3;16;8;11;13" type="SOFT"/>
            <CA3 intp="4" max="2" min="0" mode1="HA" mode2="SLOTS" penalty="5" teamGroups1="" teamGroups2="" teams1="11" teams2="2;3;16;5;14;17" type="SOFT"/>
            <CA3 intp="4" max="2" min="0" mode1="H" mode2="SLOTS" penalty="5" teamGroups1="" teamGroups2="" teams1="3" teams2="1;4;0;16;15;8" type="SOFT"/>
            <CA3 intp="4" max="2" min="0" mode1="H" mode2="SLOTS" penalty="5" teamGroups1="" teamGroups2="" teams1="12" teams2="2;4;7;16;10;13" type="SOFT"/>
            <CA3 intp="4" max="2" min="0" mode1="H" mode2="SLOTS" penalty="5" teamGroups1="" teamGroups2="" teams1="1" teams2="0;12;16;8;11" type="SOFT"/>
            <CA3 intp="4" max="2" min="0" mode1="A" mode2="SLOTS" penalty="5" teamGroups1="" teamGroups2="" teams1="14" teams2="6;2;0;3;9;11;13" type="SOFT"/>
            <CA3 intp="4" max="2" min="0" mode1="H" mode2="SLOTS" penalty="5" teamGroups1="" teamGroups2="" teams1="1" teams2="6;4;0;3;16;15;10" type="SOFT"/>
            <CA3 intp="4" max="2" min="0" mode1="H" mode2="SLOTS" penalty="5" teamGroups1="" teamGroups2="" teams1="16" teams2="1;7;3;12;8;17;11" type="SOFT"/>
            <CA3 intp="4" max="2" min="0" mode1="A" mode2="SLOTS" penalty="5" teamGroups1="" teamGroups2="" teams1="12" teams2="0;3;16;5;14;15;9" type="SOFT"/>
            <CA3 intp="4" max="2" min="0" mode1="HA" mode2="SLOTS" penalty="5" teamGroups1="" teamGroups2="" teams1="4" teams2="1;0;15;9;17" type="SOFT"/>
            <CA3 intp="4" max="2" min="0" mode1="A" mode2="SLOTS" penalty="5" teamGroups1="" teamGroups2="" teams1="8" teams2="16;10;9;17;13" type="SOFT"/>
            <CA3 intp="4" max="2" min="0" mode1="A" mode2="SLOTS" penalty="5" teamGroups1="" teamGroups2="" teams1="7" teams2="1;16;5;14;15;17;11" type="SOFT"/>
            <CA3 intp="4" max="2" min="0" mode1="A" mode2="SLOTS" penalty="5" teamGroups1="" teamGroups2="" teams1="4" teams2="0;7;3;15;10;17" type="SOFT"/>
            <CA3 intp="4" max="2" min="0" mode1="H" mode2="SLOTS" penalty="5" teamGroups1="" teamGroups2="" teams1="13" teams2="2;4;14;10;9;11" type="SOFT"/>
            <CA3 intp="4" max="2" min="0" mode1="A" mode2="SLOTS" penalty="5" teamGroups1="" teamGroups2="" teams1="15" teams2="0;7;5;14;9;13" type="SOFT"/>
            <CA3 intp="4" max="2" min="0" mode1="A" mode2="SLOTS" penalty="5" teamGroups1="" teamGroups2="" teams1="1" teams2="4;0;3;10;9;13" type="SOFT"/>
            <CA3 intp="4" max="2" min="0" mode1="H" mode2="SLOTS" penalty="5" teamGroups1="" teamGroups2="" teams1="6" teams2="2;7;5;10;11;13" type="SOFT"/>
            <CA3 intp="4" max="2" min="0" mode1="HA" mode2="SLOTS" penalty="5" teamGroups1="" teamGroups2="" teams1="6" teams2="2;1;4;0;5;10;11" type="SOFT"/>
            <CA3 intp="4" max="2" min="0" mode1="H" mode2="SLOTS" penalty="5" teamGroups1="" teamGroups2="" teams1="17" teams2="6;3;12;16;5;15;11" type="SOFT"/>
            <CA3 intp="4" max="2" min="0" mode1="H" mode2="SLOTS" penalty="5" teamGroups1="" teamGroups2="" teams1="5" teams2="4;14;8;10;11" type="SOFT"/>
            <CA3 intp="4" max="2" min="0" mode1="HA" mode2="SLOTS" penalty="5" teamGroups1="" teamGroups2="" teams1="4" teams2="1;5;14;8;11;13" type="SOFT"/>
            <CA3 intp="4" max="2" min="0" mode1="HA" mode2="SLOTS" penalty="5" teamGroups1="" teamGroups2="" teams1="0" teams2="6;1;7;3;16;15;8" type="SOFT"/>
            <CA3 intp="4" max="2" min="0" mode1="H" mode2="SLOTS" penalty="5" teamGroups1="" teamGroups2="" teams1="12" teams2="6;2;10;9;17" type="SOFT"/>
            <CA3 intp="4" max="2" min="0" mode1="A" mode2="SLOTS" penalty="5" teamGroups1="" teamGroups2="" teams1="7" teams2="6;1;4;12;16;5;13" type="SOFT"/>
            <CA3 intp="4" max="2" min="0" mode1="HA" mode2="SLOTS" penalty="5" teamGroups1="" teamGroups2="" teams1="4" teams2="1;0;7;12;15;17;13" type="SOFT"/>
            <CA3 intp="4" max="2" min="0" mode1="H" mode2="SLOTS" penalty="5" teamGroups1="" teamGroups2="" teams1="7" teams2="1;4;3;10;9;11;13" type="SOFT"/>
            <CA3 intp="4" max="2" min="0" mode1="HA" mode2="SLOTS" penalty="5" teamGroups1="" teamGroups2="" teams1="5" teams2="7;12;16;15;10;17" type="SOFT"/>
            <CA3 intp="4" max="2" min="0" mode1="H" mode2="SLOTS" penalty="5" teamGroups1="" teamGroups2="" teams1="4" teams2="6;0;16;10;17;11;13" type="SOFT"/>
            <CA3 intp="4" max="2" min="0" mode1="H" mode2="SLOTS" penalty="5" teamGroups1="" teamGroups2="" teams1="12" teams2="7;5;8;17;11;13" type="SOFT"/>
            <CA3 intp="4" max="2" min="0" mode1="HA" mode2="SLOTS" penalty="5" teamGroups1="" teamGroups2="" teams1="2" teams2="6;1;14;17;11" type="SOFT"/>
            <CA3 intp="4" max="2" min="0" mode1="H" mode2="SLOTS" penalty="5" teamGroups1="" teamGroups2="" teams1="17" teams2="2;1;4;7;12;14;9" type="SOFT"/>
            <CA3 intp="4" max="2" min="0" mode1="HA" mode2="SLOTS" penalty="5" teamGroups1="" teamGroups2="" teams1="12" teams2="6;1;16;10;9;11;13" type="SOFT"/>
            <CA3 intp="4" max="2" min="0" mode1="H" mode2="SLOTS" penalty="5" teamGroups1="" teamGroups2="" teams1="14" teams2="2;4;3;12;10;9" type="SOFT"/>
            <CA3 intp="4" max="2" min="0" mode1="H" mode2="SLOTS" penalty="5" teamGroups1="" teamGroups2="" teams1="6" teams2="2;12;16;15;8;10;17" type="SOFT"/>
            <CA3 intp="4" max="2" min="0" mode1="HA" mode2="SLOTS" penalty="5" teamGroups1="" teamGroups2="" teams1="12" teams2="6;2;0;7;3;13" type="SOFT"/>
            <CA3 intp="4" max="2" min="0" mode1="HA" mode2="SLOTS" penalty="5" teamGroups1="" teamGroups2="" teams1="4" teams2="6;2;1;16;14;15;10" type="SOFT"/>
            <CA3 intp="4" max="2" min="0" mode1="H" mode2="SLOTS" penalty="5" teamGroups1="" teamGroups2="" teams1="12" teams2="0;14;15;8;9" type="SOFT"/>
            <CA3 intp="4" max="2" min="0" mode1="H" mode2="SLOTS" penalty="5" teamGroups1="" teamGroups2="" teams1="1" teams2="2;7;3;5;8" type="SOFT"/>
            <CA3 intp="4" max="2" min="0" mode1="HA" mode2="SLOTS" penalty="5" teamGroups1="" teamGroups2="" teams1="8" teams2="2;1;4;3;9;11" type="SOFT"/>
            <CA3 intp="4" max="2" min="0" mode1="H" mode2="SLOTS" penalty="5" teamGroups1="" teamGroups2="" teams1="10" teams2="4;5;15;8;17;11;13" type="SOFT"/>
            <CA3 intp="4" max="2" min="0" mode1="A" mode2="SLOTS" penalty="5" teamGroups1="" teamGroups2="" teams1="17" teams2="12;16;14;8;11" type="SOFT"/>
            <CA3 intp="4" max="2" min="0" mode1="A" mode2="SLOTS" penalty="5" teamGroups1="" teamGroups2="" teams1="1" teams2="6;2;4;7;3;12" type="SOFT"/>
            <CA3 intp="4" max="2" min="0" mode1="H" mode2="SLOTS" penalty="5" teamGroups1="" teamGroups2="" teams1="6" teams2="1;4;3;12;5;10" type="SOFT"/>
            <CA3 intp="4" max="2" min="0" mode1="H" mode2="SLOTS" penalty="5" teamGroups1="" teamGroups2="" teams1="14" teams2="6;4;5;8;11" type="SOFT"/>
            <CA3 intp="4" max="2" min="0" mode1="H" mode2="SLOTS" penalty="5" teamGroups1="" teamGroups2="" teams1="4" teams2="6;0;16;9;17;13" type="SOFT"/>
            <CA3 intp="4" max="2" min="0" mode1="H" mode2="SLOTS" penalty="5" teamGroups1="" teamGroups2="" teams1="16" teams2="2;12;5;9;17" type="SOFT"/>
            <CA3 intp="4" max="2" min="0" mode1="A" mode2="SLOTS" penalty="5" teamGroups1="" teamGroups2="" teams1="11" teams2="4;3;12;16;14;10;9" type="SOFT"/>
            <CA3 intp="4" max="2" min="0" mode1="H" mode2="SLOTS" penalty="5" teamGroups1="" teamGroups2="" teams1="12" teams2="2;3;16;5;9;17" type="SOFT"/>
            <CA3 intp="4" max="2" min="0" mode1="HA" mode2="SLOTS" penalty="5" teamGroups1="" teamGroups2="" teams1="0" teams2="2;1;4;12;5;14;10" type="SOFT"/>
            <CA3 intp="4" max="2" min="0" mode1="HA" mode2="SLOTS" penalty="5" teamGroups1="" teamGroups2="" teams1="15" teams2="6;2;7;16;5;11" type="SOFT"/>
            <CA3 intp="4" max="2" min="0" mode1="H" mode2="SLOTS" penalty="5" teamGroups1="" teamGroups2="" teams1="9" teams2="2;4;7;5;14;17;13" type="SOFT"/>
            <CA3 intp="4" max="2" min="0" mode1="HA" mode2="SLOTS" penalty="5" teamGroups1="" teamGroups2="" teams1="15" teams2="6;2;0;7;8;9;17" type="SOFT"/>
            <CA3 intp="4" max="2" min="0" mode1="A" mode2="SLOTS" penalty="5" teamGroups1="" teamGroups2="" teams1="1" teams2="2;4;3;12;15;11" type="SOFT"/>
            <CA3 intp="4" max="2" min="0" mode1="HA" mode2="SLOTS" penalty="5" teamGroups1="" teamGroups2="" teams1="14" teams2="4;0;7;12;5;15;9" type="SOFT"/>
            <CA3 intp="4" max="2" min="0" mode1="HA" mode2="SLOTS" penalty="5" teamGroups1="" teamGroups2="" teams1="13" teams2="6;2;7;12;14;17" type="SOFT"/>
            <CA3 intp="4" max="2" min="0" mode1="H" mode2="SLOTS" penalty="5" teamGroups1="" teamGroups2="" teams1="12" teams2="0;7;16;10;11" type="SOFT"/>
            <CA3 intp="4" max="2" min="0" mode1="A" mode2="SLOTS" penalty="5" teamGroups1="" teamGroups2="" teams1="2" teams2="6;1;0;7;3;14;13" type="SOFT"/>
            <CA3 intp="4" max="2" min="0" mode1="A" mode2="SLOTS" penalty="5" teamGroups1="" teamGroups2="" teams1="13" teams2="2;1;0;7;10;17" type="SOFT"/>
            <CA3 intp="4" max="2" min="0" mode1="HA" mode2="SLOTS" penalty="5" teamGroups1="" teamGroups2="" teams1="17" teams2="6;2;4;3;12;10;11" type="SOFT"/>
            <CA3 intp="4" max="2" min="0" mode1="H" mode2="SLOTS" penalty="5" teamGroups1="" teamGroups2="" teams1="14" teams2="2;7;16;9;17;11" type="SOFT"/>
            <CA3 intp="4" max="2" min="0" mode1="HA" mode2="SLOTS" penalty="5" teamGroups1="" teamGroups2="" teams1="9" teams2="4;7;3;5;8;11" type="SOFT"/>
            <CA3 intp="4" max="2" min="0" mode1="H" mode2="SLOTS" penalty="5" teamGroups1="" teamGroups2="" teams1="7" teams2="2;14;8;17;11" type="SOFT"/>
            <CA3 intp="4" max="2" min="0" mode1="HA" mode2="SLOTS" penalty="5" teamGroups1="" teamGroups2="" teams1="12" teams2="1;4;0;16;14;15;11" type="SOFT"/>
            <CA3 intp="4" max="2" min="0" mode1="A" mode2="SLOTS" penalty="5" teamGroups1="" teamGroups2="" teams1="12" teams2="2;7;16;5;8;10;9" type="SOFT"/>
            <CA3 intp="4" max="2" min="0" mode1="H" mode2="SLOTS" penalty="5" teamGroups1="" teamGroups2="" teams1="7" teams2="1;14;8;10;11" type="SOFT"/>
            <CA3 intp="4" max="2" min="0" mode1="H" mode2="SLOTS" penalty="5" teamGroups1="" teamGroups2="" teams1="12" teams2="6;16;10;17;11" type="SOFT"/>
            <CA3 intp="4" max="2" min="0" mode1="H" mode2="SLOTS" penalty="5" teamGroups1="" teamGroups2="" teams1="17" teams2="4;14;15;8;11;13" type="SOFT"/>
            <CA3 intp="4" max="2" min="0" mode1="HA" mode2="SLOTS" penalty="5" teamGroups1="" teamGroups2="" teams1="11" teams2="2;4;3;15;9;13" type="SOFT"/>
            <CA3 intp="4" max="2" min="0" mode1="A" mode2="SLOTS" penalty="5" teamGroups1="" teamGroups2="" teams1="17" teams2="0;7;5;15;8;9;13" type="SOFT"/>
            <CA4 max="1" min="0" mode1="H" mode2="GLOBAL" penalty="5" slotGroups="" slots="14;8;17;30;31" teamGroups1="" teamGroups2="" teams1="4;0;15;8;9" teams2="4;0;15;8;9" type="SOFT"/>
            <CA4 max="1" min="0" mode1="H" mode2="GLOBAL" penalty="5" slotGroups="" slots="14;13;27;32;30" teamGroups1="" teamGroups2="" teams1="3;12;8;9;17" teams2="3;12;8;9;17" type="SOFT"/>
            <CA4 max="2" min="0" mode1="H" mode2="GLOBAL" penalty="5" slotGroups="" slots="6;13;18;27;32;3" teamGroups1="" teamGroups2="" teams1="6;2;4;0;7;13" teams2="6;2;4;0;7;13" type="SOFT"/>
            <CA4 max="1" min="0" mode1="H" mode2="GLOBAL" penalty="5" slotGroups="" slots="28;32;30;31" teamGroups1="" teamGroups2="" teams1="3;12;14;9" teams2="3;12;14;9" type="SOFT"/>
            <CA4 max="1" min="0" mode1="H" mode2="GLOBAL" penalty="5" slotGroups="" slots="8;17;29;27" teamGroups1="" teamGroups2="" teams1="1;4;7;14" teams2="1;4;7;14" type="SOFT"/>
            <CA4 max="1" min="0" mode1="H" mode2="GLOBAL" penalty="5" slotGroups="" slots="6;13;19;32" teamGroups1="" teamGroups2="" teams1="6;7;14;17" teams2="6;7;14;17" type="SOFT"/>
            <CA4 max="1" min="0" mode1="H" mode2="GLOBAL" penalty="5" slotGroups="" slots="14;13;19;18;2" teamGroups1="" teamGroups2="" teams1="12;16;15;10;13" teams2="12;16;15;10;13" type="SOFT"/>
            <CA4 max="1" min="0" mode1="H" mode2="GLOBAL" penalty="5" slotGroups="" slots="20;17;18;2;3" teamGroups1="" teamGroups2="" teams1="7;3;16;14;11" teams2="7;3;16;14;11" type="SOFT"/>
            <CA4 max="1" min="0" mode1="H" mode2="EVERY" penalty="5" slotGroups="" slots="25" teamGroups1="" teamGroups2="" teams1="1;8" teams2="6;2;1;4;0;7;3;12;16;5;14;15;8;10;9;17;11;13" type="SOFT"/>
            <CA4 max="2" min="0" mode1="H" mode2="GLOBAL" penalty="5" slotGroups="" slots="4;24;1;22;30;31" teamGroups1="" teamGroups2="" teams1="0;5;15;10;11;13" teams2="0;5;15;10;11;13" type="SOFT"/>
            <CA4 max="1" min="0" mode1="H" mode2="GLOBAL" penalty="5" slotGroups="" slots="6;8;26;32" teamGroups1="" teamGroups2="" teams1="4;0;14;9" teams2="4;0;14;9" type="SOFT"/>
            <CA4 max="1" min="0" mode1="H" mode2="GLOBAL" penalty="5" slotGroups="" slots="8;26;0;2" teamGroups1="" teamGroups2="" teams1="6;4;17;13" teams2="6;4;17;13" type="SOFT"/>
            <CA4 max="1" min="0" mode1="H" mode2="EVERY" penalty="5" slotGroups="" slots="1" teamGroups1="" teamGroups2="" teams1="3;16" teams2="6;2;1;4;0;7;3;12;16;5;14;15;8;10;9;17;11;13" type="SOFT"/>
            <CA4 max="1" min="0" mode1="H" mode2="EVERY" penalty="5" slotGroups="" slots="19" teamGroups1="" teamGroups2="" teams1="12;16" teams2="6;2;1;4;0;7;3;12;16;5;14;15;8;10;9;17;11;13" type="SOFT"/>
            <CA4 max="1" min="0" mode1="H" mode2="GLOBAL" penalty="5" slotGroups="" slots="28;4;18;21;23" teamGroups1="" teamGroups2="" teams1="7;5;9;17;13" teams2="7;5;9;17;13" type="SOFT"/>
            <CA4 max="1" min="0" mode1="H" mode2="GLOBAL" penalty="5" slotGroups="" slots="5;4;18;12;33" teamGroups1="" teamGroups2="" teams1="0;3;12;8;11" teams2="0;3;12;8;11" type="SOFT"/>
            <CA4 max="1" min="0" mode1="H" mode2="GLOBAL" penalty="5" slotGroups="" slots="10;28;26;19;27" teamGroups1="" teamGroups2="" teams1="6;7;5;10;11" teams2="6;7;5;10;11" type="SOFT"/>
            <CA4 max="2" min="0" mode1="H" mode2="GLOBAL" penalty="5" slotGroups="" slots="7;0;22;23;15;30" teamGroups1="" teamGroups2="" teams1="2;1;5;15;10;17" teams2="2;1;5;15;10;17" type="SOFT"/>
            <CA4 max="1" min="0" mode1="H" mode2="EVERY" penalty="5" slotGroups="" slots="32" teamGroups1="" teamGroups2="" teams1="12;13" teams2="6;2;1;4;0;7;3;12;16;5;14;15;8;10;9;17;11;13" type="SOFT"/>
            <CA4 max="2" min="0" mode1="H" mode2="GLOBAL" penalty="5" slotGroups="" slots="6;20;24;9;1;2" teamGroups1="" teamGroups2="" teams1="2;4;3;12;5;10" teams2="2;4;3;12;5;10" type="SOFT"/>
            <CA4 max="1" min="0" mode1="H" mode2="GLOBAL" penalty="5" slotGroups="" slots="6;5;1;33;32" teamGroups1="" teamGroups2="" teams1="6;4;7;12;17" teams2="6;4;7;12;17" type="SOFT"/>
            <CA4 max="1" min="0" mode1="H" mode2="GLOBAL" penalty="5" slotGroups="" slots="29;11;1;15" teamGroups1="" teamGroups2="" teams1="7;16;5;13" teams2="7;16;5;13" type="SOFT"/>
            <CA4 max="1" min="0" mode1="H" mode2="EVERY" penalty="5" slotGroups="" slots="1" teamGroups1="" teamGroups2="" teams1="5;10" teams2="6;2;1;4;0;7;3;12;16;5;14;15;8;10;9;17;11;13" type="SOFT"/>
            <CA4 max="2" min="0" mode1="H" mode2="GLOBAL" penalty="5" slotGroups="" slots="28;16;8;11;2;31" teamGroups1="" teamGroups2="" teams1="16;8;10;17;11;13" teams2="16;8;10;17;11;13" type="SOFT"/>
            <CA4 max="1" min="0" mode1="H" mode2="GLOBAL" penalty="5" slotGroups="" slots="14;13;27;25" teamGroups1="" teamGroups2="" teams1="2;4;10;13" teams2="2;4;10;13" type="SOFT"/>
            <CA4 max="1" min="0" mode1="H" mode2="GLOBAL" penalty="5" slotGroups="" slots="21;1;33;32" teamGroups1="" teamGroups2="" teams1="1;10;9;11" teams2="1;10;9;11" type="SOFT"/>
            <CA4 max="2" min="0" mode1="H" mode2="GLOBAL" penalty="5" slotGroups="" slots="28;4;17;21;23;2" teamGroups1="" teamGroups2="" teams1="6;0;3;8;17;13" teams2="6;0;3;8;17;13" type="SOFT"/>
            <CA4 max="2" min="0" mode1="H" mode2="GLOBAL" penalty="5" slotGroups="" slots="10;13;20;9;2;31" teamGroups1="" teamGroups2="" teams1="6;3;12;8;10;13" teams2="6;3;12;8;10;13" type="SOFT"/>
            <CA4 max="1" min="0" mode1="H" mode2="EVERY" penalty="5" slotGroups="" slots="20" teamGroups1="" teamGroups2="" teams1="2;9" teams2="6;2;1;4;0;7;3;12;16;5;14;15;8;10;9;17;11;13" type="SOFT"/>
            <CA4 max="2" min="0" mode1="H" mode2="GLOBAL" penalty="5" slotGroups="" slots="7;16;8;26;24;23" teamGroups1="" teamGroups2="" teams1="1;7;3;5;9;11" teams2="1;7;3;5;9;11" type="SOFT"/>
            <CA4 max="1" min="0" mode1="H" mode2="GLOBAL" penalty="5" slotGroups="" slots="10;5;16;11;15" teamGroups1="" teamGroups2="" teams1="6;14;15;10;17" teams2="6;14;15;10;17" type="SOFT"/>
            <CA4 max="1" min="0" mode1="H" mode2="GLOBAL" penalty="5" slotGroups="" slots="7;8;26;2;31" teamGroups1="" teamGroups2="" teams1="2;7;12;16;8" teams2="2;7;12;16;8" type="SOFT"/>
            <CA4 max="2" min="0" mode1="H" mode2="GLOBAL" penalty="5" slotGroups="" slots="4;26;17;24;27;25" teamGroups1="" teamGroups2="" teams1="6;4;3;16;14;13" teams2="6;4;3;16;14;13" type="SOFT"/>
            <CA4 max="1" min="0" mode1="H" mode2="EVERY" penalty="5" slotGroups="" slots="10" teamGroups1="" teamGroups2="" teams1="1;7" teams2="6;2;1;4;0;7;3;12;16;5;14;15;8;10;9;17;11;13" type="SOFT"/>
        </CapacityConstraints>
        <GameConstraints>
            <GA1 max="1" meetings="4,3;11,10;15,1;" min="0" penalty="1" slotGroups="" slots="17;24;9" type="HARD"/>
            <GA1 max="1" meetings="0,3;4,1;12,10;" min="0" penalty="1" slotGroups="" slots="11;32;2" type="HARD"/>
            <GA1 max="0" meetings="12,7;" min="0" penalty="1" slotGroups="" slots="18" type="HARD"/>
            <GA1 max="0" meetings="11,12;" min="0" penalty="1" slotGroups="" slots="20" type="HARD"/>
            <GA1 max="3" meetings="4,14;5,16;17,10;" min="2" penalty="1" slotGroups="" slots="0;17;1" type="HARD"/>
            <GA1 max="3" meetings="1,2;10,6;13,15;" min="2" penalty="1" slotGroups="" slots="10;5;8" type="HARD"/>
            <GA1 max="0" meetings="12,3;" min="0" penalty="1" slotGroups="" slots="0" type="HARD"/>
            <GA1 max="3" meetings="7,12;10,14;17,1;" min="2" penalty="1" slotGroups="" slots="28;15;30" type="HARD"/>
            <GA1 max="1" meetings="1,10;9,3;15,3;" min="0" penalty="1" slotGroups="" slots="27;33;23" type="HARD"/>
            <GA1 max="1" meetings="6,0;" min="1" penalty="1" slotGroups="" slots="25" type="HARD"/>
            <GA1 max="0" meetings="0,15;" min="0" penalty="1" slotGroups="" slots="13" type="HARD"/>
            <GA1 max="0" meetings="0,11;" min="0" penalty="1" slotGroups="" slots="26" type="HARD"/>
            <GA1 max="1" meetings="1,5;" min="1" penalty="1" slotGroups="" slots="26" type="SOFT"/>
            <GA1 max="4" meetings="2,13;13,3;16,9;17,16;" min="2" penalty="1" slotGroups="" slots="18" type="SOFT"/>
            <GA1 max="1" meetings="9,16;13,1;16,7;" min="0" penalty="1" slotGroups="" slots="23" type="SOFT"/>
            <GA1 max="0" meetings="9,8;" min="0" penalty="1" slotGroups="" slots="30" type="SOFT"/>
            <GA1 max="0" meetings="15,5;" min="0" penalty="1" slotGroups="" slots="14" type="SOFT"/>
            <GA1 max="1" meetings="2,16;" min="1" penalty="1" slotGroups="" slots="14" type="SOFT"/>
            <GA1 max="4" meetings="1,12;3,8;11,1;16,5;" min="2" penalty="1" slotGroups="" slots="18" type="SOFT"/>
            <GA1 max="1" meetings="1,0;" min="1" penalty="1" slotGroups="" slots="20;17;12;33" type="SOFT"/>
            <GA1 max="0" meetings="3,13;" min="0" penalty="1" slotGroups="" slots="6;5;21;11" type="SOFT"/>
            <GA1 max="1" meetings="6,14;" min="1" penalty="1" slotGroups="" slots="8" type="SOFT"/>
            <GA1 max="1" meetings="0,9;4,2;5,16;" min="0" penalty="1" slotGroups="" slots="28" type="SOFT"/>
            <GA1 max="1" meetings="1,14;" min="1" penalty="1" slotGroups="" slots="14;0;12" type="SOFT"/>
            <GA1 max="1" meetings="0,5;" min="1" penalty="1" slotGroups="" slots="7;8;22" type="SOFT"/>
            <GA1 max="1" meetings="1,5;" min="1" penalty="1" slotGroups="" slots="33" type="SOFT"/>
            <GA1 max="1" meetings="16,8;" min="1" penalty="1" slotGroups="" slots="6;13;19;17" type="SOFT"/>
            <GA1 max="1" meetings="5,13;" min="1" penalty="1" slotGroups="" slots="24" type="SOFT"/>
            <GA1 max="0" meetings="3,8;" min="0" penalty="1" slotGroups="" slots="32" type="SOFT"/>
            <GA1 max="1" meetings="12,0;" min="1" penalty="1" slotGroups="" slots="25" type="SOFT"/>
            <GA1 max="0" meetings="8,14;" min="0" penalty="1" slotGroups="" slots="6" type="SOFT"/>
            <GA1 max="0" meetings="11,16;" min="0" penalty="1" slotGroups="" slots="20" type="SOFT"/>
            <GA1 max="2" meetings="4,3;12,5;12,14;12,16;" min="0" penalty="1" slotGroups="" slots="25" type="SOFT"/>
            <GA1 max="0" meetings="11,7;" min="0" penalty="1" slotGroups="" slots="26" type="SOFT"/>
            <GA1 max="0" meetings="1,4;" min="0" penalty="1" slotGroups="" slots="24" type="SOFT"/>
            <GA1 max="2" meetings="1,2;1,7;2,15;9,1;" min="0" penalty="1" slotGroups="" slots="22" type="SOFT"/>
            <GA1 max="0" meetings="15,10;" min="0" penalty="1" slotGroups="" slots="4;21" type="SOFT"/>
            <GA1 max="2" meetings="4,15;10,17;" min="1" penalty="1" slotGroups="" slots="12;9" type="SOFT"/>
            <GA1 max="1" meetings="9,2;" min="1" penalty="1" slotGroups="" slots="3" type="SOFT"/>
            <GA1 max="0" meetings="0,6;" min="0" penalty="1" slotGroups="" slots="16;13;33;23" type="SOFT"/>
            <GA1 max="2" meetings="3,10;14,5;" min="1" penalty="1" slotGroups="" slots="18;1;27" type="SOFT"/>
            <GA1 max="0" meetings="5,1;" min="0" penalty="1" slotGroups="" slots="27" type="SOFT"/>
            <GA1 max="0" meetings="2,16;" min="0" penalty="1" slotGroups="" slots="28;26;25" type="SOFT"/>
            <GA1 max="0" meetings="2,8;" min="0" penalty="1" slotGroups="" slots="13" type="SOFT"/>
            <GA1 max="0" meetings="15,4;" min="0" penalty="1" slotGroups="" slots="29" type="SOFT"/>
            <GA1 max="2" meetings="14,9;14,13;15,12;17,8;" min="0" penalty="1" slotGroups="" slots="29" type="SOFT"/>
            <GA1 max="0" meetings="1,6;" min="0" penalty="1" slotGroups="" slots="4;32" type="SOFT"/>
            <GA1 max="0" meetings="4,2;" min="0" penalty="1" slotGroups="" slots="23" type="SOFT"/>
            <GA1 max="1" meetings="3,10;9,10;" min="0" penalty="1" slotGroups="" slots="9;32" type="SOFT"/>
            <GA1 max="0" meetings="1,16;" min="0" penalty="1" slotGroups="" slots="17;18" type="SOFT"/>
            <GA1 max="0" meetings="13,1;" min="0" penalty="1" slotGroups="" slots="25" type="SOFT"/>
            <GA1 max="1" meetings="5,9;" min="1" penalty="1" slotGroups="" slots="17" type="SOFT"/>
            <GA1 max="0" meetings="6,17;" min="0" penalty="1" slotGroups="" slots="4" type="SOFT"/>
        </GameConstraints>
        <BreakConstraints>
            <BR1 intp="2" mode1="LEQ" mode2="HA" penalty="1" slotGroups="" slots="8;18;12;29;22;15" teamGroups="" teams="7" type="HARD"/>
            <BR1 intp="1" mode1="LEQ" mode2="HA" penalty="1" slotGroups="" slots="18;23;25" teamGroups="" teams="9" type="HARD"/>
            <BR1 intp="1" mode1="LEQ" mode2="HA" penalty="1" slotGroups="" slots="4;0;3" teamGroups="" teams="2" type="HARD"/>
            <BR1 intp="0" mode1="LEQ" mode2="HA" penalty="1" slotGroups="" slots="28" teamGroups="" teams="1" type="HARD"/>
            <BR1 intp="1" mode1="LEQ" mode2="HA" penalty="1" slotGroups="" slots="5;1;31" teamGroups="" teams="1" type="HARD"/>
            <BR1 intp="0" mode1="LEQ" mode2="HA" penalty="1" slotGroups="" slots="17" teamGroups="" teams="11" type="HARD"/>
            <BR1 intp="2" mode1="LEQ" mode2="HA" penalty="1" slotGroups="" slots="28;5;26;19;9;31" teamGroups="" teams="13" type="HARD"/>
            <BR1 intp="0" mode1="LEQ" mode2="HA" penalty="1" slotGroups="" slots="26" teamGroups="" teams="4" type="HARD"/>
            <BR1 intp="1" mode1="LEQ" mode2="HA" penalty="1" slotGroups="" slots="24;32;2" teamGroups="" teams="4" type="HARD"/>
            <BR1 intp="2" mode1="LEQ" mode2="HA" penalty="1" slotGroups="" slots="14;5;19;20;2;15" teamGroups="" teams="7" type="HARD"/>
            <BR1 intp="1" mode1="LEQ" mode2="HA" penalty="1" slotGroups="" slots="11;30;31" teamGroups="" teams="1" type="HARD"/>
            <BR1 intp="1" mode1="LEQ" mode2="HA" penalty="1" slotGroups="" slots="8;26;2" teamGroups="" teams="12" type="HARD"/>
            <BR1 intp="2" mode1="LEQ" mode2="HA" penalty="1" slotGroups="" slots="6;14;12;9;23;30" teamGroups="" teams="0" type="HARD"/>
            <BR1 intp="1" mode1="LEQ" mode2="HA" penalty="1" slotGroups="" slots="20;23;25" teamGroups="" teams="9" type="HARD"/>
            <BR1 intp="0" mode1="LEQ" mode2="HA" penalty="1" slotGroups="" slots="20" teamGroups="" teams="10" type="HARD"/>
            <BR1 intp="1" mode1="LEQ" mode2="HA" penalty="1" slotGroups="" slots="6;14;16" teamGroups="" teams="15" type="HARD"/>
            <BR1 intp="1" mode1="LEQ" mode2="HA" penalty="1" slotGroups="" slots="0;1;22" teamGroups="" teams="12" type="HARD"/>
            <BR1 intp="2" mode1="LEQ" mode2="HA" penalty="1" slotGroups="" slots="14;26;12;21;11;3" teamGroups="" teams="12" type="HARD"/>
            <BR1 intp="1" mode1="LEQ" mode2="HA" penalty="1" slotGroups="" slots="10;5;25" teamGroups="" teams="8" type="HARD"/>
            <BR1 intp="0" mode1="LEQ" mode2="HA" penalty="1" slotGroups="" slots="30" teamGroups="" teams="8" type="HARD"/>
            <BR1 intp="2" mode1="LEQ" mode2="HA" penalty="1" slotGroups="" slots="16;20;17;18;3;31" teamGroups="" teams="4" type="HARD"/>
            <BR1 intp="1" mode1="LEQ" mode2="HA" penalty="1" slotGroups="" slots="8;19;21" teamGroups="" teams="7" type="HARD"/>
            <BR1 intp="2" mode1="LEQ" mode2="HA" penalty="1" slotGroups="" slots="14;5;8;13;26;17" teamGroups="" teams="8" type="HARD"/>
            <BR1 intp="2" mode1="LEQ" mode2="HA" penalty="1" slotGroups="" slots="14;5;16;12;21;2" teamGroups="" teams="15" type="HARD"/>
            <BR1 intp="2" mode1="LEQ" mode2="HA" penalty="1" slotGroups="" slots="14;1;27;33;2;30" teamGroups="" teams="10" type="HARD"/>
            <BR1 intp="1" mode1="LEQ" mode2="HA" penalty="1" slotGroups="" slots="26;18;1" teamGroups="" teams="4" type="HARD"/>
            <BR1 intp="0" mode1="LEQ" mode2="HA" penalty="1" slotGroups="" slots="15" teamGroups="" teams="6" type="HARD"/>
            <BR1 intp="2" mode1="LEQ" mode2="HA" penalty="1" slotGroups="" slots="14;5;18;22;25;15" teamGroups="" teams="7" type="HARD"/>
            <BR1 intp="0" mode1="LEQ" mode2="HA" penalty="1" slotGroups="" slots="1" teamGroups="" teams="4" type="HARD"/>
            <BR1 intp="2" mode1="LEQ" mode2="HA" penalty="1" slotGroups="" slots="7;24;27;32;15;3" teamGroups="" teams="5" type="HARD"/>
            <BR1 intp="1" mode1="LEQ" mode2="HA" penalty="1" slotGroups="" slots="14;16;9" teamGroups="" teams="5" type="HARD"/>
            <BR1 intp="1" mode1="LEQ" mode2="HA" penalty="1" slotGroups="" slots="26;11;2" teamGroups="" teams="10" type="HARD"/>
            <BR1 intp="1" mode1="LEQ" mode2="HA" penalty="5" slotGroups="" slots="28;24;18" teamGroups="" teams="15" type="SOFT"/>
            <BR1 intp="2" mode1="LEQ" mode2="HA" penalty="5" slotGroups="" slots="28;16;0;18;29;1" teamGroups="" teams="7" type="SOFT"/>
            <BR1 intp="1" mode1="LEQ" mode2="HA" penalty="5" slotGroups="" slots="16;12;3" teamGroups="" teams="12" type="SOFT"/>
            <BR1 intp="0" mode1="LEQ" mode2="HA" penalty="5" slotGroups="" slots="13" teamGroups="" teams="0" type="SOFT"/>
            <BR1 intp="0" mode1="LEQ" mode2="HA" penalty="5" slotGroups="" slots="8" teamGroups="" teams="13" type="SOFT"/>
            <BR1 intp="0" mode1="LEQ" mode2="HA" penalty="5" slotGroups="" slots="24" teamGroups="" teams="3" type="SOFT"/>
            <BR1 intp="0" mode1="LEQ" mode2="HA" penalty="5" slotGroups="" slots="13" teamGroups="" teams="11" type="SOFT"/>
            <BR1 intp="1" mode1="LEQ" mode2="HA" penalty="5" slotGroups="" slots="14;0;23" teamGroups="" teams="5" type="SOFT"/>
            <BR1 intp="0" mode1="LEQ" mode2="HA" penalty="5" slotGroups="" slots="23" teamGroups="" teams="6" type="SOFT"/>
            <BR1 intp="1" mode1="LEQ" mode2="HA" penalty="5" slotGroups="" slots="6;14;26" teamGroups="" teams="12" type="SOFT"/>
            <BR1 intp="2" mode1="LEQ" mode2="HA" penalty="5" slotGroups="" slots="10;16;4;24;25;3" teamGroups="" teams="8" type="SOFT"/>
            <BR1 intp="1" mode1="LEQ" mode2="HA" penalty="5" slotGroups="" slots="29;22;23" teamGroups="" teams="9" type="SOFT"/>
            <BR1 intp="1" mode1="LEQ" mode2="HA" penalty="5" slotGroups="" slots="28;14;4" teamGroups="" teams="4" type="SOFT"/>
            <BR1 intp="1" mode1="LEQ" mode2="HA" penalty="5" slotGroups="" slots="8;0;11" teamGroups="" teams="13" type="SOFT"/>
        </BreakConstraints>
        <FairnessConstraints/>
        <SeparationConstraints/>
    </Constraints>
</Instance>
