<?xml version="1.0" encoding="UTF-8"?>
<Instance>
    <MetaData>
        <InstanceName>Middle12</InstanceName>
        <DataType>A</DataType>
        <Contributor>ITC2021</Contributor>
	<Date year="2021" month="1"/>
    </MetaData>
    <Structure>
        <Format leagueIds="0">
            <numberRoundRobin>2</numberRoundRobin>
            <compactness>C</compactness>
            <gameMode>P</gameMode>
        </Format>
        <AdditionalGames/>
    </Structure>
    <ObjectiveFunction>
        <Objective>SC</Objective>
    </ObjectiveFunction>
    <Data>
        <Distances/>
        <COEWeights/>
        <Costs/>
    </Data>
    <Resources>
        <LeagueGroups/>
        <Leagues>
            <league id="0" leagueGroups="" name="League 0"/>
        </Leagues>
        <TeamGroups/>
        <Teams>
            <team id="0" league="0" name="Team 0" teamGroups=""/>
            <team id="1" league="0" name="Team 1" teamGroups=""/>
            <team id="2" league="0" name="Team 2" teamGroups=""/>
            <team id="3" league="0" name="Team 3" teamGroups=""/>
            <team id="4" league="0" name="Team 4" teamGroups=""/>
            <team id="5" league="0" name="Team 5" teamGroups=""/>
            <team id="6" league="0" name="Team 6" teamGroups=""/>
            <team id="7" league="0" name="Team 7" teamGroups=""/>
            <team id="8" league="0" name="Team 8" teamGroups=""/>
            <team id="9" league="0" name="Team 9" teamGroups=""/>
            <team id="10" league="0" name="Team 10" teamGroups=""/>
            <team id="11" league="0" name="Team 11" teamGroups=""/>
            <team id="12" league="0" name="Team 12" teamGroups=""/>
            <team id="13" league="0" name="Team 13" teamGroups=""/>
            <team id="14" league="0" name="Team 14" teamGroups=""/>
            <team id="15" league="0" name="Team 15" teamGroups=""/>
            <team id="16" league="0" name="Team 16" teamGroups=""/>
            <team id="17" league="0" name="Team 17" teamGroups=""/>
            <team id="18" league="0" name="Team 18" teamGroups=""/>
            <team id="19" league="0" name="Team 19" teamGroups=""/>
        </Teams>
        <SlotGroups/>
        <Slots>
            <slot id="0" name="Slot 0" slotGroup=""/>
            <slot id="1" name="Slot 1" slotGroup=""/>
            <slot id="2" name="Slot 2" slotGroup=""/>
            <slot id="3" name="Slot 3" slotGroup=""/>
            <slot id="4" name="Slot 4" slotGroup=""/>
            <slot id="5" name="Slot 5" slotGroup=""/>
            <slot id="6" name="Slot 6" slotGroup=""/>
            <slot id="7" name="Slot 7" slotGroup=""/>
            <slot id="8" name="Slot 8" slotGroup=""/>
            <slot id="9" name="Slot 9" slotGroup=""/>
            <slot id="10" name="Slot 10" slotGroup=""/>
            <slot id="11" name="Slot 11" slotGroup=""/>
            <slot id="12" name="Slot 12" slotGroup=""/>
            <slot id="13" name="Slot 13" slotGroup=""/>
            <slot id="14" name="Slot 14" slotGroup=""/>
            <slot id="15" name="Slot 15" slotGroup=""/>
            <slot id="16" name="Slot 16" slotGroup=""/>
            <slot id="17" name="Slot 17" slotGroup=""/>
            <slot id="18" name="Slot 18" slotGroup=""/>
            <slot id="19" name="Slot 19" slotGroup=""/>
            <slot id="20" name="Slot 20" slotGroup=""/>
            <slot id="21" name="Slot 21" slotGroup=""/>
            <slot id="22" name="Slot 22" slotGroup=""/>
            <slot id="23" name="Slot 23" slotGroup=""/>
            <slot id="24" name="Slot 24" slotGroup=""/>
            <slot id="25" name="Slot 25" slotGroup=""/>
            <slot id="26" name="Slot 26" slotGroup=""/>
            <slot id="27" name="Slot 27" slotGroup=""/>
            <slot id="28" name="Slot 28" slotGroup=""/>
            <slot id="29" name="Slot 29" slotGroup=""/>
            <slot id="30" name="Slot 30" slotGroup=""/>
            <slot id="31" name="Slot 31" slotGroup=""/>
            <slot id="32" name="Slot 32" slotGroup=""/>
            <slot id="33" name="Slot 33" slotGroup=""/>
            <slot id="34" name="Slot 34" slotGroup=""/>
            <slot id="35" name="Slot 35" slotGroup=""/>
            <slot id="36" name="Slot 36" slotGroup=""/>
            <slot id="37" name="Slot 37" slotGroup=""/>
        </Slots>
    </Resources>
    <Constraints>
        <BasicConstraints/>
        <CapacityConstraints>
            <CA1 max="1" min="0" mode="H" penalty="1" slotGroups="" slots="33;7;22;32" teamGroups="" teams="7" type="SOFT"/>
            <CA1 max="2" min="0" mode="A" penalty="1" slotGroups="" slots="30;1;19;11;35;17" teamGroups="" teams="18" type="SOFT"/>
            <CA1 max="1" min="0" mode="A" penalty="1" slotGroups="" slots="33;37;15;27" teamGroups="" teams="11" type="SOFT"/>
            <CA1 max="1" min="0" mode="A" penalty="1" slotGroups="" slots="8;32" teamGroups="" teams="14" type="SOFT"/>
            <CA1 max="1" min="0" mode="A" penalty="1" slotGroups="" slots="22;20" teamGroups="" teams="3" type="SOFT"/>
            <CA1 max="1" min="0" mode="H" penalty="1" slotGroups="" slots="21;13;29;31" teamGroups="" teams="19" type="SOFT"/>
            <CA1 max="1" min="0" mode="H" penalty="1" slotGroups="" slots="22;20;17" teamGroups="" teams="8" type="SOFT"/>
            <CA1 max="1" min="0" mode="A" penalty="1" slotGroups="" slots="12;18;21;27;25" teamGroups="" teams="4" type="SOFT"/>
            <CA1 max="0" min="0" mode="H" penalty="1" slotGroups="" slots="9" teamGroups="" teams="17" type="SOFT"/>
            <CA1 max="2" min="0" mode="A" penalty="1" slotGroups="" slots="30;1;11;35;17;27" teamGroups="" teams="15" type="SOFT"/>
            <CA1 max="0" min="0" mode="H" penalty="1" slotGroups="" slots="35" teamGroups="" teams="13" type="SOFT"/>
            <CA1 max="1" min="0" mode="A" penalty="1" slotGroups="" slots="0;26;35;27;36" teamGroups="" teams="6" type="SOFT"/>
            <CA1 max="1" min="0" mode="A" penalty="1" slotGroups="" slots="10;6;29;25" teamGroups="" teams="7" type="SOFT"/>
            <CA1 max="0" min="0" mode="H" penalty="1" slotGroups="" slots="21" teamGroups="" teams="12" type="SOFT"/>
            <CA1 max="0" min="0" mode="A" penalty="1" slotGroups="" slots="4" teamGroups="" teams="7" type="SOFT"/>
            <CA1 max="1" min="0" mode="A" penalty="1" slotGroups="" slots="1;10;7;21;8" teamGroups="" teams="5" type="SOFT"/>
            <CA1 max="1" min="0" mode="A" penalty="1" slotGroups="" slots="30;6;17" teamGroups="" teams="6" type="SOFT"/>
            <CA1 max="1" min="0" mode="A" penalty="1" slotGroups="" slots="0;37;36" teamGroups="" teams="1" type="SOFT"/>
            <CA1 max="0" min="0" mode="H" penalty="1" slotGroups="" slots="0" teamGroups="" teams="7" type="SOFT"/>
            <CA1 max="1" min="0" mode="A" penalty="1" slotGroups="" slots="7;2" teamGroups="" teams="18" type="SOFT"/>
            <CA1 max="1" min="0" mode="A" penalty="1" slotGroups="" slots="3;35;17;32" teamGroups="" teams="19" type="SOFT"/>
            <CA1 max="0" min="0" mode="H" penalty="1" slotGroups="" slots="13" teamGroups="" teams="17" type="SOFT"/>
            <CA1 max="1" min="0" mode="A" penalty="1" slotGroups="" slots="6;21;19;3;27" teamGroups="" teams="12" type="SOFT"/>
            <CA1 max="2" min="0" mode="H" penalty="1" slotGroups="" slots="20;23;11;34;4;5" teamGroups="" teams="3" type="SOFT"/>
            <CA1 max="0" min="0" mode="A" penalty="1" slotGroups="" slots="20" teamGroups="" teams="15" type="SOFT"/>
            <CA1 max="1" min="0" mode="A" penalty="1" slotGroups="" slots="33;3;35;27;36" teamGroups="" teams="11" type="SOFT"/>
            <CA1 max="1" min="0" mode="A" penalty="1" slotGroups="" slots="1;7;4;5" teamGroups="" teams="2" type="SOFT"/>
            <CA1 max="1" min="0" mode="A" penalty="1" slotGroups="" slots="15;13;32" teamGroups="" teams="18" type="SOFT"/>
            <CA1 max="1" min="0" mode="H" penalty="1" slotGroups="" slots="1;37;18;10;15" teamGroups="" teams="3" type="SOFT"/>
            <CA1 max="1" min="0" mode="A" penalty="1" slotGroups="" slots="19;34" teamGroups="" teams="0" type="SOFT"/>
            <CA1 max="1" min="0" mode="A" penalty="1" slotGroups="" slots="30;21;9" teamGroups="" teams="7" type="SOFT"/>
            <CA1 max="1" min="0" mode="A" penalty="1" slotGroups="" slots="29;4" teamGroups="" teams="5" type="SOFT"/>
            <CA2 max="2" min="0" mode1="HA" mode2="GLOBAL" penalty="1" slotGroups="" slots="33;30;3;32;4;24" teamGroups1="" teamGroups2="" teams1="9" teams2="12;18;11;15;17;4" type="HARD"/>
            <CA2 max="0" min="0" mode1="A" mode2="GLOBAL" penalty="1" slotGroups="" slots="19" teamGroups1="" teamGroups2="" teams1="10" teams2="6" type="HARD"/>
            <CA2 max="1" min="0" mode1="HA" mode2="GLOBAL" penalty="1" slotGroups="" slots="18;21;11;9;31" teamGroups1="" teamGroups2="" teams1="12" teams2="16;9;18;14;4" type="HARD"/>
            <CA2 max="0" min="0" mode1="H" mode2="GLOBAL" penalty="1" slotGroups="" slots="17" teamGroups1="" teamGroups2="" teams1="12" teams2="11" type="HARD"/>
            <CA2 max="0" min="0" mode1="H" mode2="GLOBAL" penalty="1" slotGroups="" slots="9" teamGroups1="" teamGroups2="" teams1="8" teams2="15" type="HARD"/>
            <CA2 max="2" min="0" mode1="HA" mode2="GLOBAL" penalty="1" slotGroups="" slots="1;21;26;29;35;31" teamGroups1="" teamGroups2="" teams1="13" teams2="18;15;14;4;5;3" type="HARD"/>
            <CA2 max="0" min="0" mode1="A" mode2="GLOBAL" penalty="1" slotGroups="" slots="1" teamGroups1="" teamGroups2="" teams1="16" teams2="18" type="HARD"/>
            <CA2 max="0" min="0" mode1="H" mode2="GLOBAL" penalty="1" slotGroups="" slots="28" teamGroups1="" teamGroups2="" teams1="13" teams2="4" type="HARD"/>
            <CA2 max="0" min="0" mode1="H" mode2="GLOBAL" penalty="1" slotGroups="" slots="34" teamGroups1="" teamGroups2="" teams1="12" teams2="10" type="HARD"/>
            <CA2 max="0" min="0" mode1="H" mode2="GLOBAL" penalty="1" slotGroups="" slots="18" teamGroups1="" teamGroups2="" teams1="13" teams2="0" type="HARD"/>
            <CA2 max="2" min="0" mode1="HA" mode2="GLOBAL" penalty="1" slotGroups="" slots="7;11;3;9;36" teamGroups1="" teamGroups2="" teams1="9" teams2="10;4;5;2;3" type="HARD"/>
            <CA2 max="0" min="0" mode1="H" mode2="GLOBAL" penalty="1" slotGroups="" slots="17" teamGroups1="" teamGroups2="" teams1="2" teams2="3" type="HARD"/>
            <CA2 max="1" min="0" mode1="HA" mode2="GLOBAL" penalty="1" slotGroups="" slots="2;19;13;29" teamGroups1="" teamGroups2="" teams1="15" teams2="12;19;11;3" type="HARD"/>
            <CA2 max="0" min="0" mode1="H" mode2="GLOBAL" penalty="1" slotGroups="" slots="4" teamGroups1="" teamGroups2="" teams1="4" teams2="15" type="HARD"/>
            <CA2 max="3" min="0" mode1="HA" mode2="GLOBAL" penalty="1" slotGroups="" slots="1;2;15;11;27;5" teamGroups1="" teamGroups2="" teams1="13" teams2="8;19;16;15;14;5" type="HARD"/>
            <CA2 max="0" min="0" mode1="H" mode2="GLOBAL" penalty="1" slotGroups="" slots="19" teamGroups1="" teamGroups2="" teams1="10" teams2="17" type="HARD"/>
            <CA2 max="0" min="0" mode1="H" mode2="GLOBAL" penalty="1" slotGroups="" slots="22" teamGroups1="" teamGroups2="" teams1="5" teams2="18" type="HARD"/>
            <CA2 max="1" min="0" mode1="HA" mode2="GLOBAL" penalty="1" slotGroups="" slots="28;14;35;8;17" teamGroups1="" teamGroups2="" teams1="15" teams2="19;18;4;3;1" type="HARD"/>
            <CA2 max="0" min="0" mode1="H" mode2="GLOBAL" penalty="1" slotGroups="" slots="26" teamGroups1="" teamGroups2="" teams1="4" teams2="3" type="HARD"/>
            <CA2 max="0" min="0" mode1="H" mode2="GLOBAL" penalty="1" slotGroups="" slots="6" teamGroups1="" teamGroups2="" teams1="16" teams2="8" type="HARD"/>
            <CA2 max="0" min="0" mode1="A" mode2="GLOBAL" penalty="1" slotGroups="" slots="2" teamGroups1="" teamGroups2="" teams1="2" teams2="13" type="HARD"/>
            <CA2 max="0" min="0" mode1="A" mode2="GLOBAL" penalty="1" slotGroups="" slots="14" teamGroups1="" teamGroups2="" teams1="2" teams2="7" type="HARD"/>
            <CA2 max="1" min="0" mode1="HA" mode2="GLOBAL" penalty="1" slotGroups="" slots="10;2;15;23;29" teamGroups1="" teamGroups2="" teams1="12" teams2="16;13;0;2;3" type="HARD"/>
            <CA2 max="2" min="0" mode1="HA" mode2="GLOBAL" penalty="1" slotGroups="" slots="12;6;14;13;8;27" teamGroups1="" teamGroups2="" teams1="1" teams2="10;12;11;13;7;3" type="HARD"/>
            <CA2 max="2" min="0" mode1="HA" mode2="GLOBAL" penalty="1" slotGroups="" slots="13;4;9;5;25" teamGroups1="" teamGroups2="" teams1="0" teams2="8;19;9;6;1" type="HARD"/>
            <CA2 max="0" min="0" mode1="A" mode2="GLOBAL" penalty="1" slotGroups="" slots="1" teamGroups1="" teamGroups2="" teams1="1" teams2="9" type="HARD"/>
            <CA2 max="0" min="0" mode1="A" mode2="GLOBAL" penalty="1" slotGroups="" slots="12" teamGroups1="" teamGroups2="" teams1="4" teams2="2" type="HARD"/>
            <CA2 max="0" min="0" mode1="A" mode2="GLOBAL" penalty="1" slotGroups="" slots="14" teamGroups1="" teamGroups2="" teams1="5" teams2="15" type="HARD"/>
            <CA2 max="2" min="0" mode1="H" mode2="GLOBAL" penalty="5" slotGroups="" slots="12;1;0;6;8;31" teamGroups1="" teamGroups2="" teams1="16" teams2="19;11;14;4;5;3" type="SOFT"/>
            <CA2 max="2" min="0" mode1="HA" mode2="GLOBAL" penalty="5" slotGroups="" slots="33;37;20;15;23;3;5;25" teamGroups1="" teamGroups2="" teams1="6" teams2="19;16;18;11;15;14;4;3" type="SOFT"/>
            <CA2 max="1" min="0" mode1="HA" mode2="GLOBAL" penalty="5" slotGroups="" slots="33;0;26;11;3;27;36" teamGroups1="" teamGroups2="" teams1="18" teams2="16;13;15;7;0;5;3" type="SOFT"/>
            <CA2 max="2" min="0" mode1="HA" mode2="GLOBAL" penalty="5" slotGroups="" slots="18;19;23;8;17;4;25;36" teamGroups1="" teamGroups2="" teams1="10" teams2="8;12;9;18;7;4;2;3" type="SOFT"/>
            <CA2 max="3" min="0" mode1="A" mode2="GLOBAL" penalty="5" slotGroups="" slots="33;1;37;6;2;19;35;5" teamGroups1="" teamGroups2="" teams1="15" teams2="12;19;16;9;14;5;6;1" type="SOFT"/>
            <CA2 max="3" min="0" mode1="A" mode2="GLOBAL" penalty="5" slotGroups="" slots="30;1;18;10;28;11;29;32" teamGroups1="" teamGroups2="" teams1="0" teams2="8;18;13;14;7;4;5;6" type="SOFT"/>
            <CA2 max="2" min="0" mode1="H" mode2="GLOBAL" penalty="5" slotGroups="" slots="12;1;37;19;16;25" teamGroups1="" teamGroups2="" teams1="6" teams2="19;15;14;0;4;3" type="SOFT"/>
            <CA2 max="3" min="0" mode1="A" mode2="GLOBAL" penalty="5" slotGroups="" slots="20;15;11;3;34;9;5;36" teamGroups1="" teamGroups2="" teams1="12" teams2="10;19;18;13;15;14;7;6" type="SOFT"/>
            <CA2 max="2" min="0" mode1="A" mode2="GLOBAL" penalty="5" slotGroups="" slots="0;37;6;28;14;25;24" teamGroups1="" teamGroups2="" teams1="2" teams2="19;16;18;13;15;5;6" type="SOFT"/>
            <CA2 max="1" min="0" mode1="HA" mode2="GLOBAL" penalty="5" slotGroups="" slots="33;37;10;29;5;16" teamGroups1="" teamGroups2="" teams1="1" teams2="19;16;15;17;14;6" type="SOFT"/>
            <CA2 max="3" min="0" mode1="A" mode2="GLOBAL" penalty="5" slotGroups="" slots="1;22;26;14;15;35;25;24" teamGroups1="" teamGroups2="" teams1="8" teams2="15;17;7;0;4;3;6;1" type="SOFT"/>
            <CA2 max="1" min="0" mode1="HA" mode2="GLOBAL" penalty="5" slotGroups="" slots="18;26;20;14;13;32;25" teamGroups1="" teamGroups2="" teams1="1" teams2="8;12;19;18;7;0;2" type="SOFT"/>
            <CA2 max="3" min="0" mode1="A" mode2="GLOBAL" penalty="5" slotGroups="" slots="10;7;22;20;14;15;5;36" teamGroups1="" teamGroups2="" teams1="13" teams2="8;9;15;17;14;7;5;2" type="SOFT"/>
            <CA2 max="2" min="0" mode1="HA" mode2="GLOBAL" penalty="5" slotGroups="" slots="33;30;6;20;23;35;4;27" teamGroups1="" teamGroups2="" teams1="13" teams2="10;8;12;18;5;3;6;1" type="SOFT"/>
            <CA2 max="1" min="0" mode1="HA" mode2="GLOBAL" penalty="5" slotGroups="" slots="37;14;15;3;35;4" teamGroups1="" teamGroups2="" teams1="17" teams2="10;14;7;0;4;6" type="SOFT"/>
            <CA2 max="3" min="0" mode1="H" mode2="GLOBAL" penalty="5" slotGroups="" slots="12;1;0;22;13;29;32;27" teamGroups1="" teamGroups2="" teams1="15" teams2="10;19;16;11;13;0;4;1" type="SOFT"/>
            <CA2 max="2" min="0" mode1="H" mode2="GLOBAL" penalty="5" slotGroups="" slots="30;18;21;26;13;4" teamGroups1="" teamGroups2="" teams1="15" teams2="19;16;9;13;14;6" type="SOFT"/>
            <CA2 max="2" min="0" mode1="H" mode2="GLOBAL" penalty="5" slotGroups="" slots="18;2;29;35;9;5" teamGroups1="" teamGroups2="" teams1="13" teams2="12;15;0;5;6;1" type="SOFT"/>
            <CA2 max="2" min="0" mode1="HA" mode2="GLOBAL" penalty="5" slotGroups="" slots="33;22;19;15;13;17;27;31" teamGroups1="" teamGroups2="" teams1="1" teams2="10;19;16;9;13;15;7;2" type="SOFT"/>
            <CA2 max="2" min="0" mode1="H" mode2="GLOBAL" penalty="5" slotGroups="" slots="28;2;22;17;5;25;36" teamGroups1="" teamGroups2="" teams1="16" teams2="12;9;18;7;4;5;1" type="SOFT"/>
            <CA2 max="2" min="0" mode1="H" mode2="GLOBAL" penalty="5" slotGroups="" slots="33;6;20;17;16;25" teamGroups1="" teamGroups2="" teams1="4" teams2="16;9;11;7;0;6" type="SOFT"/>
            <CA2 max="3" min="0" mode1="H" mode2="GLOBAL" penalty="5" slotGroups="" slots="30;1;19;20;23;13;11;27" teamGroups1="" teamGroups2="" teams1="0" teams2="9;13;15;14;7;4;5;2" type="SOFT"/>
            <CA2 max="2" min="0" mode1="H" mode2="GLOBAL" penalty="5" slotGroups="" slots="12;30;2;22;19;4" teamGroups1="" teamGroups2="" teams1="19" teams2="8;13;17;0;4;3" type="SOFT"/>
            <CA2 max="2" min="0" mode1="H" mode2="GLOBAL" penalty="5" slotGroups="" slots="6;22;20;14;17;25" teamGroups1="" teamGroups2="" teams1="5" teams2="8;12;16;9;4;3" type="SOFT"/>
            <CA2 max="2" min="0" mode1="H" mode2="GLOBAL" penalty="5" slotGroups="" slots="37;26;32;27;5;36" teamGroups1="" teamGroups2="" teams1="1" teams2="19;15;17;14;4;3" type="SOFT"/>
            <CA2 max="2" min="0" mode1="A" mode2="GLOBAL" penalty="5" slotGroups="" slots="10;22;20;23;35;17;24" teamGroups1="" teamGroups2="" teams1="1" teams2="9;18;13;4;5;2;6" type="SOFT"/>
            <CA2 max="3" min="0" mode1="A" mode2="GLOBAL" penalty="5" slotGroups="" slots="30;1;2;20;15;35;4;5" teamGroups1="" teamGroups2="" teams1="1" teams2="19;16;9;11;17;4;5;2" type="SOFT"/>
            <CA2 max="2" min="0" mode1="H" mode2="GLOBAL" penalty="5" slotGroups="" slots="12;6;22;26;3;24" teamGroups1="" teamGroups2="" teams1="13" teams2="10;8;7;5;3;6" type="SOFT"/>
            <CA2 max="2" min="0" mode1="A" mode2="GLOBAL" penalty="5" slotGroups="" slots="30;18;20;11;29;24" teamGroups1="" teamGroups2="" teams1="18" teams2="10;8;12;9;4;6" type="SOFT"/>
            <CA2 max="2" min="0" mode1="H" mode2="GLOBAL" penalty="5" slotGroups="" slots="18;26;15;11;3;17;31" teamGroups1="" teamGroups2="" teams1="0" teams2="12;9;18;13;15;2;6" type="SOFT"/>
            <CA2 max="2" min="0" mode1="H" mode2="GLOBAL" penalty="5" slotGroups="" slots="33;0;18;21;22;15;24" teamGroups1="" teamGroups2="" teams1="4" teams2="8;12;19;16;15;14;2" type="SOFT"/>
            <CA2 max="2" min="0" mode1="A" mode2="GLOBAL" penalty="5" slotGroups="" slots="7;6;11;3;35;16" teamGroups1="" teamGroups2="" teams1="0" teams2="10;16;13;14;2;3" type="SOFT"/>
            <CA2 max="2" min="0" mode1="H" mode2="GLOBAL" penalty="5" slotGroups="" slots="7;2;13;29;8;17" teamGroups1="" teamGroups2="" teams1="18" teams2="11;13;15;14;5;6" type="SOFT"/>
            <CA2 max="2" min="0" mode1="A" mode2="GLOBAL" penalty="5" slotGroups="" slots="33;10;35;8;9;31;36" teamGroups1="" teamGroups2="" teams1="7" teams2="16;11;17;0;4;5;2" type="SOFT"/>
            <CA2 max="1" min="0" mode1="HA" mode2="GLOBAL" penalty="5" slotGroups="" slots="33;30;21;13;32;4" teamGroups1="" teamGroups2="" teams1="14" teams2="19;16;9;17;7;3" type="SOFT"/>
            <CA2 max="1" min="0" mode1="HA" mode2="GLOBAL" penalty="5" slotGroups="" slots="0;11;29;9;5;25;31" teamGroups1="" teamGroups2="" teams1="4" teams2="19;13;14;7;2;3;1" type="SOFT"/>
            <CA2 max="2" min="0" mode1="H" mode2="GLOBAL" penalty="5" slotGroups="" slots="0;19;20;23;3;32;36" teamGroups1="" teamGroups2="" teams1="1" teams2="12;19;9;17;4;2;6" type="SOFT"/>
            <CA2 max="2" min="0" mode1="HA" mode2="GLOBAL" penalty="5" slotGroups="" slots="33;0;20;15;13;29;27;24" teamGroups1="" teamGroups2="" teams1="7" teams2="8;12;16;9;15;4;5;3" type="SOFT"/>
            <CA2 max="2" min="0" mode1="H" mode2="GLOBAL" penalty="5" slotGroups="" slots="12;30;15;13;3;9;24" teamGroups1="" teamGroups2="" teams1="14" teams2="8;19;11;17;7;0;2" type="SOFT"/>
            <CA2 max="2" min="0" mode1="H" mode2="GLOBAL" penalty="5" slotGroups="" slots="30;10;3;17;32;27;9" teamGroups1="" teamGroups2="" teams1="4" teams2="12;16;11;0;2;3;1" type="SOFT"/>
            <CA2 max="2" min="0" mode1="H" mode2="GLOBAL" penalty="5" slotGroups="" slots="0;21;26;29;34;8;32" teamGroups1="" teamGroups2="" teams1="8" teams2="19;16;9;11;4;5;2" type="SOFT"/>
            <CA2 max="2" min="0" mode1="H" mode2="GLOBAL" penalty="5" slotGroups="" slots="10;2;32;4;25;31" teamGroups1="" teamGroups2="" teams1="10" teams2="16;18;11;15;7;5" type="SOFT"/>
            <CA2 max="1" min="0" mode1="HA" mode2="GLOBAL" penalty="5" slotGroups="" slots="12;1;3;35;9;5" teamGroups1="" teamGroups2="" teams1="2" teams2="12;18;17;14;5;1" type="SOFT"/>
            <CA2 max="2" min="0" mode1="H" mode2="GLOBAL" penalty="5" slotGroups="" slots="30;22;19;20;29;27;16" teamGroups1="" teamGroups2="" teams1="16" teams2="10;9;18;13;7;5;6" type="SOFT"/>
            <CA2 max="1" min="0" mode1="HA" mode2="GLOBAL" penalty="5" slotGroups="" slots="23;11;34;32;5;24" teamGroups1="" teamGroups2="" teams1="8" teams2="10;19;9;13;7;5" type="SOFT"/>
            <CA2 max="2" min="0" mode1="A" mode2="GLOBAL" penalty="5" slotGroups="" slots="10;2;19;13;32;27;36" teamGroups1="" teamGroups2="" teams1="16" teams2="10;19;14;7;4;3;1" type="SOFT"/>
            <CA2 max="1" min="0" mode1="HA" mode2="GLOBAL" penalty="5" slotGroups="" slots="37;7;11;34;9;16;36" teamGroups1="" teamGroups2="" teams1="16" teams2="11;14;7;0;5;2;6" type="SOFT"/>
            <CA2 max="2" min="0" mode1="H" mode2="GLOBAL" penalty="5" slotGroups="" slots="33;1;22;17;4;16" teamGroups1="" teamGroups2="" teams1="0" teams2="10;15;7;4;3;6" type="SOFT"/>
            <CA2 max="1" min="0" mode1="HA" mode2="GLOBAL" penalty="5" slotGroups="" slots="21;26;11;29;34;4;16" teamGroups1="" teamGroups2="" teams1="2" teams2="8;19;16;18;7;0;4" type="SOFT"/>
            <CA2 max="2" min="0" mode1="A" mode2="GLOBAL" penalty="5" slotGroups="" slots="33;6;2;20;11;16;25" teamGroups1="" teamGroups2="" teams1="7" teams2="12;13;15;14;3;6;1" type="SOFT"/>
            <CA2 max="2" min="0" mode1="A" mode2="GLOBAL" penalty="5" slotGroups="" slots="28;2;20;16;24;36" teamGroups1="" teamGroups2="" teams1="15" teams2="8;19;18;13;17;7" type="SOFT"/>
            <CA2 max="2" min="0" mode1="H" mode2="GLOBAL" penalty="5" slotGroups="" slots="30;20;15;23;32;27" teamGroups1="" teamGroups2="" teams1="16" teams2="10;8;15;14;3;1" type="SOFT"/>
            <CA2 max="3" min="0" mode1="A" mode2="GLOBAL" penalty="5" slotGroups="" slots="0;28;2;20;23;13;8;16" teamGroups1="" teamGroups2="" teams1="18" teams2="16;13;15;17;0;4;2;3" type="SOFT"/>
            <CA2 max="2" min="0" mode1="HA" mode2="GLOBAL" penalty="5" slotGroups="" slots="12;37;19;14;13;17;9;16" teamGroups1="" teamGroups2="" teams1="4" teams2="12;16;9;18;17;0;5;3" type="SOFT"/>
            <CA2 max="2" min="0" mode1="A" mode2="GLOBAL" penalty="5" slotGroups="" slots="0;7;6;26;5;25;36" teamGroups1="" teamGroups2="" teams1="8" teams2="12;9;18;11;17;4;2" type="SOFT"/>
            <CA2 max="1" min="0" mode1="HA" mode2="GLOBAL" penalty="5" slotGroups="" slots="30;7;21;14;16;24" teamGroups1="" teamGroups2="" teams1="8" teams2="16;18;7;0;4;2" type="SOFT"/>
            <CA2 max="2" min="0" mode1="H" mode2="GLOBAL" penalty="5" slotGroups="" slots="33;0;7;14;8;31" teamGroups1="" teamGroups2="" teams1="1" teams2="10;16;9;18;7;0" type="SOFT"/>
            <CA2 max="2" min="0" mode1="A" mode2="GLOBAL" penalty="5" slotGroups="" slots="1;15;11;35;5;24" teamGroups1="" teamGroups2="" teams1="3" teams2="16;9;7;4;2;6" type="SOFT"/>
            <CA2 max="3" min="0" mode1="H" mode2="GLOBAL" penalty="5" slotGroups="" slots="33;12;7;15;29;5;25;36" teamGroups1="" teamGroups2="" teams1="16" teams2="10;9;15;14;4;5;2;1" type="SOFT"/>
            <CA2 max="2" min="0" mode1="A" mode2="GLOBAL" penalty="5" slotGroups="" slots="18;6;15;23;8;5" teamGroups1="" teamGroups2="" teams1="14" teams2="16;18;15;0;6;1" type="SOFT"/>
            <CA2 max="2" min="0" mode1="H" mode2="GLOBAL" penalty="5" slotGroups="" slots="30;18;10;2;17;16" teamGroups1="" teamGroups2="" teams1="0" teams2="10;19;16;11;7;4" type="SOFT"/>
            <CA2 max="2" min="0" mode1="A" mode2="GLOBAL" penalty="5" slotGroups="" slots="21;26;20;15;34;32;25" teamGroups1="" teamGroups2="" teams1="0" teams2="8;12;19;14;2;3;1" type="SOFT"/>
            <CA2 max="2" min="0" mode1="HA" mode2="GLOBAL" penalty="5" slotGroups="" slots="7;2;21;14;13;11;29;4" teamGroups1="" teamGroups2="" teams1="5" teams2="10;16;11;15;17;14;4;6" type="SOFT"/>
            <CA2 max="1" min="0" mode1="HA" mode2="GLOBAL" penalty="5" slotGroups="" slots="0;10;2;22;17;4" teamGroups1="" teamGroups2="" teams1="19" teams2="10;16;17;0;5;6" type="SOFT"/>
            <CA2 max="1" min="0" mode1="HA" mode2="GLOBAL" penalty="5" slotGroups="" slots="30;7;2;26;13;27;9" teamGroups1="" teamGroups2="" teams1="7" teams2="10;8;11;15;17;0;1" type="SOFT"/>
            <CA2 max="3" min="0" mode1="H" mode2="GLOBAL" penalty="5" slotGroups="" slots="33;0;37;10;15;35;8;36" teamGroups1="" teamGroups2="" teams1="4" teams2="10;8;12;16;11;2;6;1" type="SOFT"/>
            <CA2 max="1" min="0" mode1="HA" mode2="GLOBAL" penalty="5" slotGroups="" slots="21;22;14;11;8;16" teamGroups1="" teamGroups2="" teams1="7" teams2="12;9;15;4;5;6" type="SOFT"/>
            <CA2 max="2" min="0" mode1="A" mode2="GLOBAL" penalty="5" slotGroups="" slots="33;6;26;20;13;34" teamGroups1="" teamGroups2="" teams1="14" teams2="10;13;15;7;4;2" type="SOFT"/>
            <CA2 max="1" min="0" mode1="HA" mode2="GLOBAL" penalty="5" slotGroups="" slots="33;1;2;19;26;29" teamGroups1="" teamGroups2="" teams1="3" teams2="10;8;9;11;13;0" type="SOFT"/>
            <CA2 max="1" min="0" mode1="HA" mode2="GLOBAL" penalty="5" slotGroups="" slots="33;22;19;20;14;36" teamGroups1="" teamGroups2="" teams1="10" teams2="12;19;18;15;0;4" type="SOFT"/>
            <CA2 max="3" min="0" mode1="H" mode2="GLOBAL" penalty="5" slotGroups="" slots="0;10;19;26;14;32;27;31" teamGroups1="" teamGroups2="" teams1="10" teams2="8;12;11;15;7;3;6;1" type="SOFT"/>
            <CA2 max="2" min="0" mode1="H" mode2="GLOBAL" penalty="5" slotGroups="" slots="33;30;20;15;29;17" teamGroups1="" teamGroups2="" teams1="7" teams2="8;16;4;3;6;1" type="SOFT"/>
            <CA2 max="2" min="0" mode1="A" mode2="GLOBAL" penalty="5" slotGroups="" slots="7;26;11;29;8;16;31" teamGroups1="" teamGroups2="" teams1="4" teams2="8;16;18;11;13;0;6" type="SOFT"/>
            <CA2 max="1" min="0" mode1="HA" mode2="GLOBAL" penalty="5" slotGroups="" slots="37;10;7;20;27;5" teamGroups1="" teamGroups2="" teams1="18" teams2="11;15;17;4;2;1" type="SOFT"/>
            <CA2 max="3" min="0" mode1="A" mode2="GLOBAL" penalty="5" slotGroups="" slots="18;10;28;29;35;16;25;31" teamGroups1="" teamGroups2="" teams1="9" teams2="8;12;18;0;4;2;6;1" type="SOFT"/>
            <CA2 max="2" min="0" mode1="A" mode2="GLOBAL" penalty="5" slotGroups="" slots="33;12;35;34;32;9" teamGroups1="" teamGroups2="" teams1="14" teams2="9;18;17;0;5;3" type="SOFT"/>
            <CA2 max="2" min="0" mode1="H" mode2="GLOBAL" penalty="5" slotGroups="" slots="7;6;28;22;8;27" teamGroups1="" teamGroups2="" teams1="5" teams2="19;18;15;7;6;1" type="SOFT"/>
            <CA2 max="1" min="0" mode1="HA" mode2="GLOBAL" penalty="5" slotGroups="" slots="6;23;13;29;9;25" teamGroups1="" teamGroups2="" teams1="4" teams2="18;11;17;14;3;6" type="SOFT"/>
            <CA2 max="1" min="0" mode1="HA" mode2="GLOBAL" penalty="5" slotGroups="" slots="10;7;21;22;15;13;31" teamGroups1="" teamGroups2="" teams1="15" teams2="10;19;11;14;7;5;1" type="SOFT"/>
            <CA2 max="3" min="0" mode1="H" mode2="GLOBAL" penalty="5" slotGroups="" slots="37;7;28;2;23;13;34;9" teamGroups1="" teamGroups2="" teams1="5" teams2="8;12;18;13;14;4;2;3" type="SOFT"/>
            <CA2 max="2" min="0" mode1="HA" mode2="GLOBAL" penalty="5" slotGroups="" slots="37;6;35;34;4;24;31;36" teamGroups1="" teamGroups2="" teams1="0" teams2="8;12;13;14;4;5;3;1" type="SOFT"/>
            <CA2 max="2" min="0" mode1="H" mode2="GLOBAL" penalty="5" slotGroups="" slots="12;1;18;28;14;32;31" teamGroups1="" teamGroups2="" teams1="8" teams2="12;9;13;5;3;6;1" type="SOFT"/>
            <CA2 max="2" min="0" mode1="A" mode2="GLOBAL" penalty="5" slotGroups="" slots="23;13;11;3;5;25;24" teamGroups1="" teamGroups2="" teams1="16" teams2="10;19;15;14;4;5;6" type="SOFT"/>
            <CA2 max="1" min="0" mode1="HA" mode2="GLOBAL" penalty="5" slotGroups="" slots="30;18;23;13;9;31" teamGroups1="" teamGroups2="" teams1="14" teams2="12;9;13;17;0;2" type="SOFT"/>
            <CA2 max="2" min="0" mode1="HA" mode2="GLOBAL" penalty="5" slotGroups="" slots="12;37;10;20;23;8;32;5" teamGroups1="" teamGroups2="" teams1="16" teams2="8;17;14;7;0;4;3;6" type="SOFT"/>
            <CA2 max="1" min="0" mode1="HA" mode2="GLOBAL" penalty="5" slotGroups="" slots="20;11;17;4;27;31;36" teamGroups1="" teamGroups2="" teams1="16" teams2="8;13;17;14;0;4;5" type="SOFT"/>
            <CA2 max="1" min="0" mode1="HA" mode2="GLOBAL" penalty="5" slotGroups="" slots="30;37;28;19;23;32" teamGroups1="" teamGroups2="" teams1="6" teams2="12;18;14;5;2;3" type="SOFT"/>
            <CA2 max="3" min="0" mode1="A" mode2="GLOBAL" penalty="5" slotGroups="" slots="0;6;2;35;34;8;31;36" teamGroups1="" teamGroups2="" teams1="16" teams2="10;8;11;13;0;2;3;6" type="SOFT"/>
            <CA2 max="2" min="0" mode1="HA" mode2="GLOBAL" penalty="5" slotGroups="" slots="30;37;6;21;22;23;35;31" teamGroups1="" teamGroups2="" teams1="15" teams2="19;16;9;11;13;17;5;1" type="SOFT"/>
            <CA2 max="2" min="0" mode1="HA" mode2="GLOBAL" penalty="5" slotGroups="" slots="0;37;7;6;19;15;35;24" teamGroups1="" teamGroups2="" teams1="18" teams2="10;8;16;13;15;17;14;1" type="SOFT"/>
            <CA2 max="3" min="0" mode1="H" mode2="GLOBAL" penalty="5" slotGroups="" slots="0;37;10;6;22;34;16;25" teamGroups1="" teamGroups2="" teams1="8" teams2="10;16;11;13;14;4;5;6" type="SOFT"/>
            <CA2 max="1" min="0" mode1="HA" mode2="GLOBAL" penalty="5" slotGroups="" slots="1;7;29;8;17;25" teamGroups1="" teamGroups2="" teams1="0" teams2="19;18;11;17;5;3" type="SOFT"/>
            <CA2 max="3" min="0" mode1="A" mode2="GLOBAL" penalty="5" slotGroups="" slots="0;7;20;35;4;9;16;25" teamGroups1="" teamGroups2="" teams1="8" teams2="18;15;7;0;5;2;3;1" type="SOFT"/>
            <CA2 max="3" min="0" mode1="H" mode2="GLOBAL" penalty="5" slotGroups="" slots="37;2;21;22;11;8;17;5" teamGroups1="" teamGroups2="" teams1="10" teams2="8;18;17;0;4;5;2;3" type="SOFT"/>
            <CA2 max="2" min="0" mode1="H" mode2="GLOBAL" penalty="5" slotGroups="" slots="33;18;6;26;11;17;24" teamGroups1="" teamGroups2="" teams1="9" teams2="18;11;15;4;5;3;1" type="SOFT"/>
            <CA2 max="3" min="0" mode1="A" mode2="GLOBAL" penalty="5" slotGroups="" slots="18;7;22;19;20;3;32;31" teamGroups1="" teamGroups2="" teams1="2" teams2="12;9;18;11;15;14;3;6" type="SOFT"/>
            <CA2 max="1" min="0" mode1="HA" mode2="GLOBAL" penalty="5" slotGroups="" slots="30;18;28;2;9;25" teamGroups1="" teamGroups2="" teams1="10" teams2="16;9;11;15;4;1" type="SOFT"/>
            <CA2 max="1" min="0" mode1="HA" mode2="GLOBAL" penalty="5" slotGroups="" slots="33;30;20;8;9;25;36" teamGroups1="" teamGroups2="" teams1="17" teams2="10;16;9;15;14;0;3" type="SOFT"/>
            <CA2 max="2" min="0" mode1="HA" mode2="GLOBAL" penalty="5" slotGroups="" slots="30;7;2;14;15;23;35;27" teamGroups1="" teamGroups2="" teams1="1" teams2="19;9;18;11;17;14;4;2" type="SOFT"/>
            <CA2 max="1" min="0" mode1="HA" mode2="GLOBAL" penalty="5" slotGroups="" slots="30;10;7;2;23;17;9" teamGroups1="" teamGroups2="" teams1="10" teams2="8;19;16;15;7;0;5" type="SOFT"/>
            <CA2 max="2" min="0" mode1="A" mode2="GLOBAL" penalty="5" slotGroups="" slots="20;14;23;4;9;36" teamGroups1="" teamGroups2="" teams1="11" teams2="8;12;16;9;13;15" type="SOFT"/>
            <CA2 max="3" min="0" mode1="A" mode2="GLOBAL" penalty="5" slotGroups="" slots="30;1;0;22;11;35;8;32" teamGroups1="" teamGroups2="" teams1="5" teams2="8;16;9;18;11;17;2;6" type="SOFT"/>
            <CA2 max="2" min="0" mode1="A" mode2="GLOBAL" penalty="5" slotGroups="" slots="37;7;6;11;8;16" teamGroups1="" teamGroups2="" teams1="2" teams2="10;12;19;0;5;1" type="SOFT"/>
            <CA2 max="2" min="0" mode1="HA" mode2="GLOBAL" penalty="5" slotGroups="" slots="0;37;7;19;11;32;9;16" teamGroups1="" teamGroups2="" teams1="5" teams2="8;9;11;17;4;2;6;1" type="SOFT"/>
            <CA2 max="2" min="0" mode1="HA" mode2="GLOBAL" penalty="5" slotGroups="" slots="33;0;2;20;14;17;32;5" teamGroups1="" teamGroups2="" teams1="9" teams2="8;12;18;11;15;0;4;3" type="SOFT"/>
            <CA2 max="2" min="0" mode1="A" mode2="GLOBAL" penalty="5" slotGroups="" slots="0;6;21;26;23;11;36" teamGroups1="" teamGroups2="" teams1="13" teams2="10;8;19;16;9;18;17" type="SOFT"/>
            <CA2 max="3" min="0" mode1="H" mode2="GLOBAL" penalty="5" slotGroups="" slots="33;1;6;21;22;35;17;31" teamGroups1="" teamGroups2="" teams1="11" teams2="8;12;13;7;0;4;3;6" type="SOFT"/>
            <CA2 max="2" min="0" mode1="H" mode2="GLOBAL" penalty="5" slotGroups="" slots="1;18;2;22;4;9" teamGroups1="" teamGroups2="" teams1="10" teams2="15;17;7;3;6;1" type="SOFT"/>
            <CA2 max="2" min="0" mode1="A" mode2="GLOBAL" penalty="5" slotGroups="" slots="33;10;7;6;14;11;31" teamGroups1="" teamGroups2="" teams1="2" teams2="10;8;19;9;18;4;6" type="SOFT"/>
            <CA2 max="2" min="0" mode1="H" mode2="GLOBAL" penalty="5" slotGroups="" slots="30;37;7;11;5;24" teamGroups1="" teamGroups2="" teams1="16" teams2="8;9;15;14;7;1" type="SOFT"/>
            <CA2 max="2" min="0" mode1="H" mode2="GLOBAL" penalty="5" slotGroups="" slots="22;13;3;9;5;31" teamGroups1="" teamGroups2="" teams1="15" teams2="8;19;16;11;5;1" type="SOFT"/>
            <CA2 max="2" min="0" mode1="H" mode2="GLOBAL" penalty="5" slotGroups="" slots="33;1;20;14;3;24" teamGroups1="" teamGroups2="" teams1="7" teams2="19;16;11;5;2;6" type="SOFT"/>
            <CA2 max="2" min="0" mode1="H" mode2="GLOBAL" penalty="5" slotGroups="" slots="28;21;22;17;4;36" teamGroups1="" teamGroups2="" teams1="0" teams2="10;9;11;7;5;2" type="SOFT"/>
            <CA2 max="2" min="0" mode1="A" mode2="GLOBAL" penalty="5" slotGroups="" slots="18;7;28;20;35;25" teamGroups1="" teamGroups2="" teams1="2" teams2="19;18;15;3;6;1" type="SOFT"/>
            <CA2 max="3" min="0" mode1="H" mode2="GLOBAL" penalty="5" slotGroups="" slots="30;15;29;17;4;27;5;24" teamGroups1="" teamGroups2="" teams1="18" teams2="10;8;19;16;15;17;7;2" type="SOFT"/>
            <CA2 max="3" min="0" mode1="H" mode2="GLOBAL" penalty="5" slotGroups="" slots="28;19;29;35;27;16;25;36" teamGroups1="" teamGroups2="" teams1="17" teams2="12;16;15;7;0;4;2;6" type="SOFT"/>
            <CA2 max="3" min="0" mode1="A" mode2="GLOBAL" penalty="5" slotGroups="" slots="33;7;2;20;23;34;17;9" teamGroups1="" teamGroups2="" teams1="9" teams2="10;12;19;11;13;0;4;3" type="SOFT"/>
            <CA2 max="1" min="0" mode1="HA" mode2="GLOBAL" penalty="5" slotGroups="" slots="1;7;20;15;3;31" teamGroups1="" teamGroups2="" teams1="14" teams2="8;16;18;0;2;3" type="SOFT"/>
            <CA2 max="1" min="0" mode1="HA" mode2="GLOBAL" penalty="5" slotGroups="" slots="37;18;2;22;14;11;36" teamGroups1="" teamGroups2="" teams1="1" teams2="8;16;9;13;17;0;4" type="SOFT"/>
            <CA2 max="2" min="0" mode1="H" mode2="GLOBAL" penalty="5" slotGroups="" slots="18;6;14;8;32;16" teamGroups1="" teamGroups2="" teams1="14" teams2="10;8;18;11;7;5" type="SOFT"/>
            <CA2 max="2" min="0" mode1="HA" mode2="GLOBAL" penalty="5" slotGroups="" slots="1;10;19;13;3;35;32;9" teamGroups1="" teamGroups2="" teams1="14" teams2="12;18;11;17;7;0;3;1" type="SOFT"/>
            <CA2 max="2" min="0" mode1="A" mode2="GLOBAL" penalty="5" slotGroups="" slots="37;10;20;13;5;36" teamGroups1="" teamGroups2="" teams1="15" teams2="19;9;11;7;2;3" type="SOFT"/>
            <CA2 max="1" min="0" mode1="HA" mode2="GLOBAL" penalty="5" slotGroups="" slots="12;18;14;13;35;27;25" teamGroups1="" teamGroups2="" teams1="15" teams2="16;9;11;17;14;0;2" type="SOFT"/>
            <CA2 max="2" min="0" mode1="H" mode2="GLOBAL" penalty="5" slotGroups="" slots="12;0;10;2;8;17" teamGroups1="" teamGroups2="" teams1="4" teams2="8;12;16;9;7;0" type="SOFT"/>
            <CA2 max="2" min="0" mode1="A" mode2="GLOBAL" penalty="5" slotGroups="" slots="33;6;28;22;15;25" teamGroups1="" teamGroups2="" teams1="2" teams2="10;12;18;11;5;6" type="SOFT"/>
            <CA2 max="3" min="0" mode1="A" mode2="GLOBAL" penalty="5" slotGroups="" slots="10;7;6;13;11;9;5;31" teamGroups1="" teamGroups2="" teams1="18" teams2="12;19;16;9;11;7;6;1" type="SOFT"/>
            <CA2 max="2" min="0" mode1="H" mode2="GLOBAL" penalty="5" slotGroups="" slots="12;10;28;13;29;9;16" teamGroups1="" teamGroups2="" teams1="14" teams2="8;16;18;4;5;2;3" type="SOFT"/>
            <CA2 max="3" min="0" mode1="A" mode2="GLOBAL" penalty="5" slotGroups="" slots="30;10;28;2;21;29;17;36" teamGroups1="" teamGroups2="" teams1="5" teams2="10;12;16;9;11;7;4;2" type="SOFT"/>
            <CA2 max="1" min="0" mode1="HA" mode2="GLOBAL" penalty="5" slotGroups="" slots="37;26;20;11;17;16" teamGroups1="" teamGroups2="" teams1="17" teams2="15;7;4;2;3;1" type="SOFT"/>
            <CA2 max="1" min="0" mode1="HA" mode2="GLOBAL" penalty="5" slotGroups="" slots="12;19;26;15;3;9" teamGroups1="" teamGroups2="" teams1="7" teams2="9;13;14;5;3;6" type="SOFT"/>
            <CA2 max="1" min="0" mode1="HA" mode2="GLOBAL" penalty="5" slotGroups="" slots="18;7;28;14;13;8" teamGroups1="" teamGroups2="" teams1="5" teams2="11;17;0;4;2;1" type="SOFT"/>
            <CA2 max="2" min="0" mode1="H" mode2="GLOBAL" penalty="5" slotGroups="" slots="37;22;14;11;4;27" teamGroups1="" teamGroups2="" teams1="3" teams2="12;11;0;2;6;1" type="SOFT"/>
            <CA2 max="3" min="0" mode1="A" mode2="GLOBAL" penalty="5" slotGroups="" slots="30;1;6;19;3;5;25;24" teamGroups1="" teamGroups2="" teams1="16" teams2="8;12;9;15;7;5;2;3" type="SOFT"/>
            <CA2 max="2" min="0" mode1="HA" mode2="GLOBAL" penalty="5" slotGroups="" slots="0;7;2;21;14;23;5;25" teamGroups1="" teamGroups2="" teams1="3" teams2="10;8;19;16;15;14;5;1" type="SOFT"/>
            <CA2 max="2" min="0" mode1="HA" mode2="GLOBAL" penalty="5" slotGroups="" slots="1;18;6;28;2;15;16;36" teamGroups1="" teamGroups2="" teams1="3" teams2="19;13;15;14;0;5;2;1" type="SOFT"/>
            <CA2 max="2" min="0" mode1="H" mode2="GLOBAL" penalty="5" slotGroups="" slots="1;0;28;34;4;24;31" teamGroups1="" teamGroups2="" teams1="19" teams2="12;9;18;11;7;4;3" type="SOFT"/>
            <CA2 max="2" min="0" mode1="A" mode2="GLOBAL" penalty="5" slotGroups="" slots="12;30;0;2;15;23;36" teamGroups1="" teamGroups2="" teams1="12" teams2="19;17;14;0;4;5;3" type="SOFT"/>
            <CA2 max="1" min="0" mode1="HA" mode2="GLOBAL" penalty="5" slotGroups="" slots="33;12;1;18;2;27;16" teamGroups1="" teamGroups2="" teams1="13" teams2="10;12;9;7;0;4;3" type="SOFT"/>
            <CA2 max="2" min="0" mode1="HA" mode2="GLOBAL" penalty="5" slotGroups="" slots="33;0;18;2;26;11;5;24" teamGroups1="" teamGroups2="" teams1="7" teams2="10;12;15;0;4;3;6;1" type="SOFT"/>
            <CA2 max="2" min="0" mode1="A" mode2="GLOBAL" penalty="5" slotGroups="" slots="37;6;2;26;3;34" teamGroups1="" teamGroups2="" teams1="7" teams2="12;16;18;15;4;3" type="SOFT"/>
            <CA2 max="1" min="0" mode1="HA" mode2="GLOBAL" penalty="5" slotGroups="" slots="30;10;2;23;35;32;31" teamGroups1="" teamGroups2="" teams1="9" teams2="10;18;17;7;4;5;1" type="SOFT"/>
            <CA2 max="3" min="0" mode1="A" mode2="GLOBAL" penalty="5" slotGroups="" slots="12;30;6;22;15;3;27;36" teamGroups1="" teamGroups2="" teams1="15" teams2="19;11;14;7;0;4;2;6" type="SOFT"/>
            <CA2 max="2" min="0" mode1="A" mode2="GLOBAL" penalty="5" slotGroups="" slots="33;0;2;3;29;34" teamGroups1="" teamGroups2="" teams1="4" teams2="19;15;14;0;6;1" type="SOFT"/>
            <CA2 max="2" min="0" mode1="H" mode2="GLOBAL" penalty="5" slotGroups="" slots="1;18;21;13;32;24;31" teamGroups1="" teamGroups2="" teams1="14" teams2="10;9;11;13;17;5;2" type="SOFT"/>
            <CA2 max="3" min="0" mode1="A" mode2="GLOBAL" penalty="5" slotGroups="" slots="7;6;2;35;8;4;27;9" teamGroups1="" teamGroups2="" teams1="17" teams2="8;16;18;14;7;2;6;1" type="SOFT"/>
            <CA2 max="1" min="0" mode1="HA" mode2="GLOBAL" penalty="5" slotGroups="" slots="33;30;18;6;15;35;25" teamGroups1="" teamGroups2="" teams1="9" teams2="10;8;16;14;2;3;1" type="SOFT"/>
            <CA2 max="2" min="0" mode1="A" mode2="GLOBAL" penalty="5" slotGroups="" slots="30;28;14;23;9;25;31" teamGroups1="" teamGroups2="" teams1="19" teams2="8;12;16;13;17;7;0" type="SOFT"/>
            <CA2 max="3" min="0" mode1="A" mode2="GLOBAL" penalty="5" slotGroups="" slots="18;20;14;29;32;27;16;36" teamGroups1="" teamGroups2="" teams1="9" teams2="8;12;16;14;5;2;3;1" type="SOFT"/>
            <CA2 max="1" min="0" mode1="HA" mode2="GLOBAL" penalty="5" slotGroups="" slots="0;18;26;34;32;9" teamGroups1="" teamGroups2="" teams1="10" teams2="12;19;16;9;15;7" type="SOFT"/>
            <CA2 max="2" min="0" mode1="H" mode2="GLOBAL" penalty="5" slotGroups="" slots="30;1;10;19;29;35;16" teamGroups1="" teamGroups2="" teams1="9" teams2="10;8;12;18;13;4;3" type="SOFT"/>
            <CA2 max="2" min="0" mode1="HA" mode2="GLOBAL" penalty="5" slotGroups="" slots="6;26;20;29;35;34;9;5" teamGroups1="" teamGroups2="" teams1="13" teams2="10;12;18;17;14;0;3;6" type="SOFT"/>
            <CA2 max="1" min="0" mode1="HA" mode2="GLOBAL" penalty="5" slotGroups="" slots="18;3;29;8;17;5" teamGroups1="" teamGroups2="" teams1="18" teams2="12;9;13;14;0;2" type="SOFT"/>
            <CA2 max="2" min="0" mode1="H" mode2="GLOBAL" penalty="5" slotGroups="" slots="22;35;8;4;16;31" teamGroups1="" teamGroups2="" teams1="11" teams2="12;16;17;7;3;1" type="SOFT"/>
            <CA2 max="3" min="0" mode1="H" mode2="GLOBAL" penalty="5" slotGroups="" slots="30;22;11;35;17;4;16;31" teamGroups1="" teamGroups2="" teams1="2" teams2="10;18;14;0;5;3;6;1" type="SOFT"/>
            <CA2 max="2" min="0" mode1="HA" mode2="GLOBAL" penalty="5" slotGroups="" slots="30;22;19;26;15;34;17;16" teamGroups1="" teamGroups2="" teams1="3" teams2="8;16;9;11;17;14;4;6" type="SOFT"/>
            <CA2 max="2" min="0" mode1="HA" mode2="GLOBAL" penalty="5" slotGroups="" slots="12;1;37;20;32;5;31;36" teamGroups1="" teamGroups2="" teams1="3" teams2="10;8;12;9;13;14;5;6" type="SOFT"/>
            <CA2 max="1" min="0" mode1="HA" mode2="GLOBAL" penalty="5" slotGroups="" slots="7;2;14;13;34;4" teamGroups1="" teamGroups2="" teams1="4" teams2="12;19;18;0;2;6" type="SOFT"/>
            <CA2 max="2" min="0" mode1="A" mode2="GLOBAL" penalty="5" slotGroups="" slots="1;21;29;35;17;16;31" teamGroups1="" teamGroups2="" teams1="4" teams2="12;19;16;13;5;2;6" type="SOFT"/>
            <CA2 max="2" min="0" mode1="HA" mode2="GLOBAL" penalty="5" slotGroups="" slots="12;30;0;2;34;17;27;25" teamGroups1="" teamGroups2="" teams1="4" teams2="10;8;16;11;15;17;14;3" type="SOFT"/>
            <CA2 max="2" min="0" mode1="HA" mode2="GLOBAL" penalty="5" slotGroups="" slots="33;6;28;15;23;13;27;36" teamGroups1="" teamGroups2="" teams1="12" teams2="10;9;13;14;7;0;5;1" type="SOFT"/>
            <CA2 max="3" min="0" mode1="A" mode2="GLOBAL" penalty="5" slotGroups="" slots="12;22;20;11;3;32;16;31" teamGroups1="" teamGroups2="" teams1="15" teams2="12;18;11;0;5;2;6;1" type="SOFT"/>
            <CA2 max="2" min="0" mode1="A" mode2="GLOBAL" penalty="5" slotGroups="" slots="7;21;26;15;29;4;16" teamGroups1="" teamGroups2="" teams1="5" teams2="16;13;14;4;2;6;1" type="SOFT"/>
            <CA2 max="2" min="0" mode1="H" mode2="GLOBAL" penalty="5" slotGroups="" slots="37;18;3;35;17;25;36" teamGroups1="" teamGroups2="" teams1="7" teams2="10;8;12;16;17;14;1" type="SOFT"/>
            <CA2 max="3" min="0" mode1="H" mode2="GLOBAL" penalty="5" slotGroups="" slots="1;18;6;13;11;8;32;5" teamGroups1="" teamGroups2="" teams1="5" teams2="19;16;15;7;0;2;6;1" type="SOFT"/>
            <CA2 max="2" min="0" mode1="A" mode2="GLOBAL" penalty="5" slotGroups="" slots="30;19;20;3;5;24;31" teamGroups1="" teamGroups2="" teams1="11" teams2="12;19;16;18;14;4;2" type="SOFT"/>
            <CA2 max="3" min="0" mode1="H" mode2="GLOBAL" penalty="5" slotGroups="" slots="33;7;6;2;20;8;17;31" teamGroups1="" teamGroups2="" teams1="12" teams2="16;9;15;17;7;0;2;6" type="SOFT"/>
            <CA2 max="2" min="0" mode1="H" mode2="GLOBAL" penalty="5" slotGroups="" slots="12;19;20;8;17;27;24" teamGroups1="" teamGroups2="" teams1="17" teams2="8;16;13;7;3;6;1" type="SOFT"/>
            <CA2 max="2" min="0" mode1="H" mode2="GLOBAL" penalty="5" slotGroups="" slots="28;13;35;5;16;31" teamGroups1="" teamGroups2="" teams1="3" teams2="12;16;9;4;5;6" type="SOFT"/>
            <CA3 intp="3" max="2" min="0" mode1="H" mode2="SLOTS" penalty="1" teamGroups1="" teamGroups2="" teams1="10;8;12;19;16;9;18;11;13;15;17;14;7;0;4;5;2;3;6;1" teams2="10;8;12;19;16;9;18;11;13;15;17;14;7;0;4;5;2;3;6;1" type="HARD"/>
            <CA3 intp="4" max="2" min="0" mode1="HA" mode2="SLOTS" penalty="5" teamGroups1="" teamGroups2="" teams1="15" teams2="19;13;14;5;2;3;6" type="SOFT"/>
            <CA3 intp="4" max="2" min="0" mode1="H" mode2="SLOTS" penalty="5" teamGroups1="" teamGroups2="" teams1="4" teams2="19;18;5;3;6" type="SOFT"/>
            <CA3 intp="4" max="2" min="0" mode1="HA" mode2="SLOTS" penalty="5" teamGroups1="" teamGroups2="" teams1="12" teams2="18;11;15;14;2" type="SOFT"/>
            <CA3 intp="4" max="2" min="0" mode1="H" mode2="SLOTS" penalty="5" teamGroups1="" teamGroups2="" teams1="15" teams2="16;9;13;6;1" type="SOFT"/>
            <CA3 intp="4" max="2" min="0" mode1="HA" mode2="SLOTS" penalty="5" teamGroups1="" teamGroups2="" teams1="3" teams2="10;8;12;18;11;15;14" type="SOFT"/>
            <CA3 intp="4" max="2" min="0" mode1="A" mode2="SLOTS" penalty="5" teamGroups1="" teamGroups2="" teams1="13" teams2="10;9;15;14;4;2;3" type="SOFT"/>
            <CA3 intp="4" max="2" min="0" mode1="A" mode2="SLOTS" penalty="5" teamGroups1="" teamGroups2="" teams1="7" teams2="12;15;0;4;5;3" type="SOFT"/>
            <CA3 intp="4" max="2" min="0" mode1="HA" mode2="SLOTS" penalty="5" teamGroups1="" teamGroups2="" teams1="16" teams2="10;18;7;5;1" type="SOFT"/>
            <CA3 intp="4" max="2" min="0" mode1="A" mode2="SLOTS" penalty="5" teamGroups1="" teamGroups2="" teams1="3" teams2="19;9;18;17;4;6" type="SOFT"/>
            <CA3 intp="4" max="2" min="0" mode1="A" mode2="SLOTS" penalty="5" teamGroups1="" teamGroups2="" teams1="8" teams2="11;15;17;14;2;3" type="SOFT"/>
            <CA3 intp="4" max="2" min="0" mode1="A" mode2="SLOTS" penalty="5" teamGroups1="" teamGroups2="" teams1="9" teams2="8;18;17;4;5;6" type="SOFT"/>
            <CA3 intp="4" max="2" min="0" mode1="H" mode2="SLOTS" penalty="5" teamGroups1="" teamGroups2="" teams1="1" teams2="10;12;18;11;15;5;2" type="SOFT"/>
            <CA3 intp="4" max="2" min="0" mode1="HA" mode2="SLOTS" penalty="5" teamGroups1="" teamGroups2="" teams1="4" teams2="11;13;14;7;5;3" type="SOFT"/>
        </CapacityConstraints>
        <GameConstraints>
            <GA1 max="0" meetings="8,5;" min="0" penalty="1" slotGroups="" slots="35" type="HARD"/>
            <GA1 max="0" meetings="19,14;" min="0" penalty="1" slotGroups="" slots="15" type="HARD"/>
            <GA1 max="1" meetings="0,11;" min="1" penalty="1" slotGroups="" slots="30" type="HARD"/>
            <GA1 max="0" meetings="9,2;" min="0" penalty="1" slotGroups="" slots="24" type="HARD"/>
            <GA1 max="2" meetings="0,10;15,8;15,16;19,4;" min="0" penalty="1" slotGroups="" slots="37;15;13;27" type="HARD"/>
            <GA1 max="0" meetings="12,4;" min="0" penalty="1" slotGroups="" slots="34" type="SOFT"/>
            <GA1 max="2" meetings="5,6;7,10;17,5;17,10;" min="0" penalty="1" slotGroups="" slots="20" type="SOFT"/>
            <GA1 max="0" meetings="18,1;" min="0" penalty="1" slotGroups="" slots="5" type="SOFT"/>
            <GA1 max="0" meetings="11,1;" min="0" penalty="1" slotGroups="" slots="7" type="SOFT"/>
        </GameConstraints>
        <BreakConstraints>
            <BR1 intp="0" mode1="LEQ" mode2="HA" penalty="1" slotGroups="" slots="9" teamGroups="" teams="13" type="HARD"/>
            <BR1 intp="1" mode1="LEQ" mode2="HA" penalty="1" slotGroups="" slots="13;25;31" teamGroups="" teams="1" type="HARD"/>
            <BR1 intp="0" mode1="LEQ" mode2="HA" penalty="1" slotGroups="" slots="11" teamGroups="" teams="7" type="HARD"/>
            <BR1 intp="2" mode1="LEQ" mode2="HA" penalty="1" slotGroups="" slots="30;13;3;29;17;27" teamGroups="" teams="3" type="HARD"/>
            <BR1 intp="2" mode1="LEQ" mode2="HA" penalty="1" slotGroups="" slots="30;18;15;4;16;31" teamGroups="" teams="14" type="HARD"/>
            <BR1 intp="0" mode1="LEQ" mode2="HA" penalty="1" slotGroups="" slots="34" teamGroups="" teams="2" type="HARD"/>
            <BR1 intp="2" mode1="LEQ" mode2="HA" penalty="1" slotGroups="" slots="30;0;37;3;29;34" teamGroups="" teams="7" type="HARD"/>
            <BR1 intp="2" mode1="LEQ" mode2="HA" penalty="1" slotGroups="" slots="20;14;13;3;32;36" teamGroups="" teams="14" type="HARD"/>
            <BR1 intp="1" mode1="LEQ" mode2="HA" penalty="1" slotGroups="" slots="33;37;13" teamGroups="" teams="10" type="HARD"/>
            <BR1 intp="0" mode1="LEQ" mode2="HA" penalty="1" slotGroups="" slots="0" teamGroups="" teams="9" type="HARD"/>
            <BR1 intp="0" mode1="LEQ" mode2="HA" penalty="1" slotGroups="" slots="8" teamGroups="" teams="0" type="HARD"/>
            <BR1 intp="0" mode1="LEQ" mode2="HA" penalty="1" slotGroups="" slots="18" teamGroups="" teams="15" type="HARD"/>
            <BR1 intp="1" mode1="LEQ" mode2="HA" penalty="1" slotGroups="" slots="7;34;4" teamGroups="" teams="2" type="HARD"/>
            <BR1 intp="2" mode1="LEQ" mode2="HA" penalty="1" slotGroups="" slots="33;12;2;8;17;4" teamGroups="" teams="2" type="HARD"/>
            <BR1 intp="2" mode1="LEQ" mode2="HA" penalty="1" slotGroups="" slots="0;37;18;10;17;25" teamGroups="" teams="17" type="HARD"/>
            <BR1 intp="0" mode1="LEQ" mode2="HA" penalty="1" slotGroups="" slots="31" teamGroups="" teams="11" type="HARD"/>
            <BR1 intp="0" mode1="LEQ" mode2="HA" penalty="1" slotGroups="" slots="28" teamGroups="" teams="17" type="HARD"/>
            <BR1 intp="2" mode1="LEQ" mode2="HA" penalty="1" slotGroups="" slots="18;6;21;16;24;36" teamGroups="" teams="18" type="HARD"/>
            <BR1 intp="2" mode1="LEQ" mode2="HA" penalty="1" slotGroups="" slots="30;28;21;8;17;27" teamGroups="" teams="5" type="HARD"/>
            <BR1 intp="2" mode1="LEQ" mode2="HA" penalty="1" slotGroups="" slots="0;10;7;24;31;36" teamGroups="" teams="10" type="HARD"/>
            <BR1 intp="1" mode1="LEQ" mode2="HA" penalty="1" slotGroups="" slots="14;9;36" teamGroups="" teams="11" type="HARD"/>
            <BR1 intp="2" mode1="LEQ" mode2="HA" penalty="1" slotGroups="" slots="6;2;20;9;16;25" teamGroups="" teams="11" type="HARD"/>
            <BR1 intp="0" mode1="LEQ" mode2="HA" penalty="1" slotGroups="" slots="31" teamGroups="" teams="12" type="HARD"/>
            <BR1 intp="0" mode1="LEQ" mode2="HA" penalty="1" slotGroups="" slots="16" teamGroups="" teams="13" type="HARD"/>
            <BR1 intp="1" mode1="LEQ" mode2="HA" penalty="1" slotGroups="" slots="37;6;29" teamGroups="" teams="2" type="HARD"/>
            <BR1 intp="1" mode1="LEQ" mode2="HA" penalty="1" slotGroups="" slots="33;15;34" teamGroups="" teams="14" type="HARD"/>
            <BR1 intp="0" mode1="LEQ" mode2="HA" penalty="1" slotGroups="" slots="29" teamGroups="" teams="4" type="HARD"/>
            <BR1 intp="2" mode1="LEQ" mode2="HA" penalty="1" slotGroups="" slots="30;13;35;8;5;16" teamGroups="" teams="11" type="HARD"/>
            <BR1 intp="2" mode1="LEQ" mode2="HA" penalty="1" slotGroups="" slots="21;13;11;8;27;36" teamGroups="" teams="13" type="HARD"/>
            <BR1 intp="0" mode1="LEQ" mode2="HA" penalty="5" slotGroups="" slots="36" teamGroups="" teams="1" type="SOFT"/>
            <BR1 intp="2" mode1="LEQ" mode2="HA" penalty="5" slotGroups="" slots="10;28;21;26;23;4" teamGroups="" teams="4" type="SOFT"/>
            <BR1 intp="0" mode1="LEQ" mode2="HA" penalty="5" slotGroups="" slots="11" teamGroups="" teams="9" type="SOFT"/>
            <BR1 intp="1" mode1="LEQ" mode2="HA" penalty="5" slotGroups="" slots="11;17;32" teamGroups="" teams="15" type="SOFT"/>
            <BR1 intp="0" mode1="LEQ" mode2="HA" penalty="5" slotGroups="" slots="17" teamGroups="" teams="5" type="SOFT"/>
            <BR1 intp="1" mode1="LEQ" mode2="HA" penalty="5" slotGroups="" slots="12;0;14" teamGroups="" teams="17" type="SOFT"/>
            <BR1 intp="1" mode1="LEQ" mode2="HA" penalty="5" slotGroups="" slots="1;17;16" teamGroups="" teams="1" type="SOFT"/>
            <BR1 intp="1" mode1="LEQ" mode2="HA" penalty="5" slotGroups="" slots="6;22;17" teamGroups="" teams="14" type="SOFT"/>
            <BR1 intp="2" mode1="LEQ" mode2="HA" penalty="5" slotGroups="" slots="12;19;26;13;29;4" teamGroups="" teams="10" type="SOFT"/>
            <BR1 intp="1" mode1="LEQ" mode2="HA" penalty="5" slotGroups="" slots="23;13;9" teamGroups="" teams="8" type="SOFT"/>
            <BR1 intp="0" mode1="LEQ" mode2="HA" penalty="5" slotGroups="" slots="9" teamGroups="" teams="0" type="SOFT"/>
            <BR1 intp="2" mode1="LEQ" mode2="HA" penalty="5" slotGroups="" slots="0;18;21;15;34;31" teamGroups="" teams="18" type="SOFT"/>
            <BR1 intp="2" mode1="LEQ" mode2="HA" penalty="5" slotGroups="" slots="37;7;28;3;5;24" teamGroups="" teams="8" type="SOFT"/>
            <BR1 intp="0" mode1="LEQ" mode2="HA" penalty="5" slotGroups="" slots="0" teamGroups="" teams="3" type="SOFT"/>
            <BR1 intp="0" mode1="LEQ" mode2="HA" penalty="5" slotGroups="" slots="21" teamGroups="" teams="11" type="SOFT"/>
            <BR1 intp="2" mode1="LEQ" mode2="HA" penalty="5" slotGroups="" slots="33;26;35;27;5;25" teamGroups="" teams="14" type="SOFT"/>
            <BR1 intp="1" mode1="LEQ" mode2="HA" penalty="5" slotGroups="" slots="18;10;23" teamGroups="" teams="3" type="SOFT"/>
            <BR1 intp="0" mode1="LEQ" mode2="HA" penalty="5" slotGroups="" slots="17" teamGroups="" teams="0" type="SOFT"/>
            <BR1 intp="2" mode1="LEQ" mode2="HA" penalty="5" slotGroups="" slots="37;6;14;35;17;32" teamGroups="" teams="3" type="SOFT"/>
            <BR1 intp="0" mode1="LEQ" mode2="HA" penalty="5" slotGroups="" slots="21" teamGroups="" teams="9" type="SOFT"/>
            <BR1 intp="1" mode1="LEQ" mode2="HA" penalty="5" slotGroups="" slots="33;9;36" teamGroups="" teams="11" type="SOFT"/>
            <BR2 intp="18" homeMode="HA" mode2="LEQ" penalty="10" slotGroups="" slots="33;12;30;1;0;37;18;10;7;6;28;2;21;22;19;26;20;14;15;23;13;11;3;29;35;34;8;17;32;4;27;9;5;16;25;24;31;36" teamGroups="" teams="10;8;12;19;16;9;18;11;13;15;17;14;7;0;4;5;2;3;6;1" type="SOFT"/>
        </BreakConstraints>
        <FairnessConstraints>
            <FA2 intp="2" mode="H" penalty="10" slotGroups="" slots="33;12;30;1;0;37;18;10;7;6;28;2;21;22;19;26;20;14;15;23;13;11;3;29;35;34;8;17;32;4;27;9;5;16;25;24;31;36" teamGroups="" teams="10;8;12;19;16;9;18;11;13;15;17;14;7;0;4;5;2;3;6;1" type="SOFT"/>
        </FairnessConstraints>
        <SeparationConstraints>
            <SE1 mode1="SLOTS" min="10" penalty="10" teamGroups="" teams="10;8;12;19;16;9;18;11;13;15;17;14;7;0;4;5;2;3;6;1" type="SOFT"/>
        </SeparationConstraints>
    </Constraints>
</Instance>
