<?xml version="1.0" encoding="UTF-8"?>
<Instance>
  <MetaData>
    <InstanceName>Early 4</InstanceName>
    <DataType>A</DataType>
    <Contributor>ITC2021</Contributor>
    <Date year="2020" month="10"/>
  </MetaData>
  <Structure>
    <Format leagueIds="0">
      <numberRoundRobin>2</numberRoundRobin>
      <compactness>C</compactness>
      <gameMode>P</gameMode>
    </Format>
  </Structure>
  <ObjectiveFunction>
    <Objective>SC</Objective>
  </ObjectiveFunction>
  <Resources>
    <Leagues>
      <league id="0" name="League 0"/>
    </Leagues>
    <Teams>
      <team id="0" league="0" name="Team 0"/>
      <team id="1" league="0" name="Team 1"/>
      <team id="2" league="0" name="Team 2"/>
      <team id="3" league="0" name="Team 3"/>
      <team id="4" league="0" name="Team 4"/>
      <team id="5" league="0" name="Team 5"/>
      <team id="6" league="0" name="Team 6"/>
      <team id="7" league="0" name="Team 7"/>
      <team id="8" league="0" name="Team 8"/>
      <team id="9" league="0" name="Team 9"/>
      <team id="10" league="0" name="Team 10"/>
      <team id="11" league="0" name="Team 11"/>
      <team id="12" league="0" name="Team 12"/>
      <team id="13" league="0" name="Team 13"/>
      <team id="14" league="0" name="Team 14"/>
      <team id="15" league="0" name="Team 15"/>
      <team id="16" league="0" name="Team 16"/>
      <team id="17" league="0" name="Team 17"/>
    </Teams>
    <Slots>
      <slot id="0" name="Slot 0"/>
      <slot id="1" name="Slot 1"/>
      <slot id="2" name="Slot 2"/>
      <slot id="3" name="Slot 3"/>
      <slot id="4" name="Slot 4"/>
      <slot id="5" name="Slot 5"/>
      <slot id="6" name="Slot 6"/>
      <slot id="7" name="Slot 7"/>
      <slot id="8" name="Slot 8"/>
      <slot id="9" name="Slot 9"/>
      <slot id="10" name="Slot 10"/>
      <slot id="11" name="Slot 11"/>
      <slot id="12" name="Slot 12"/>
      <slot id="13" name="Slot 13"/>
      <slot id="14" name="Slot 14"/>
      <slot id="15" name="Slot 15"/>
      <slot id="16" name="Slot 16"/>
      <slot id="17" name="Slot 17"/>
      <slot id="18" name="Slot 18"/>
      <slot id="19" name="Slot 19"/>
      <slot id="20" name="Slot 20"/>
      <slot id="21" name="Slot 21"/>
      <slot id="22" name="Slot 22"/>
      <slot id="23" name="Slot 23"/>
      <slot id="24" name="Slot 24"/>
      <slot id="25" name="Slot 25"/>
      <slot id="26" name="Slot 26"/>
      <slot id="27" name="Slot 27"/>
      <slot id="28" name="Slot 28"/>
      <slot id="29" name="Slot 29"/>
      <slot id="30" name="Slot 30"/>
      <slot id="31" name="Slot 31"/>
      <slot id="32" name="Slot 32"/>
      <slot id="33" name="Slot 33"/>
    </Slots>
  </Resources>
  <Constraints>
    <BasicConstraints/>
    <CapacityConstraints>
      <CA1 max="1" min="0" mode="A" penalty="1" slots="2;18;15;19" teams="13" type="SOFT"/>
      <CA1 max="1" min="0" mode="H" penalty="1" slots="9;31;11;15" teams="6" type="SOFT"/>
      <CA1 max="2" min="0" mode="A" penalty="1" slots="9;17;11;3;16;15" teams="13" type="SOFT"/>
      <CA1 max="1" min="0" mode="H" penalty="1" slots="11;1" teams="6" type="SOFT"/>
      <CA1 max="1" min="0" mode="A" penalty="1" slots="12;22;3" teams="3" type="SOFT"/>
      <CA1 max="0" min="0" mode="H" penalty="1" slots="7" teams="6" type="SOFT"/>
      <CA1 max="1" min="0" mode="H" penalty="1" slots="8;22" teams="9" type="SOFT"/>
      <CA1 max="1" min="0" mode="A" penalty="1" slots="14;18;29;0" teams="16" type="SOFT"/>
      <CA1 max="2" min="0" mode="A" penalty="1" slots="21;23;9;25;27;18" teams="9" type="SOFT"/>
      <CA1 max="2" min="0" mode="A" penalty="1" slots="12;30;21;2;26;20" teams="4" type="SOFT"/>
      <CA1 max="0" min="0" mode="A" penalty="1" slots="8" teams="14" type="SOFT"/>
      <CA1 max="1" min="0" mode="H" penalty="1" slots="2;33" teams="10" type="SOFT"/>
      <CA1 max="1" min="0" mode="A" penalty="1" slots="14;17;11" teams="1" type="SOFT"/>
      <CA1 max="0" min="0" mode="H" penalty="1" slots="17" teams="3" type="SOFT"/>
      <CA1 max="1" min="0" mode="A" penalty="1" slots="9;1;0" teams="13" type="SOFT"/>
      <CA1 max="0" min="0" mode="H" penalty="1" slots="33" teams="7" type="SOFT"/>
      <CA1 max="2" min="0" mode="A" penalty="1" slots="23;17;11;20;4;16" teams="12" type="SOFT"/>
      <CA1 max="1" min="0" mode="A" penalty="1" slots="14;32" teams="10" type="SOFT"/>
      <CA1 max="1" min="0" mode="A" penalty="1" slots="21;14;25;4;7" teams="10" type="SOFT"/>
      <CA1 max="0" min="0" mode="A" penalty="1" slots="32" teams="15" type="SOFT"/>
      <CA1 max="0" min="0" mode="H" penalty="1" slots="8" teams="7" type="SOFT"/>
      <CA1 max="1" min="0" mode="H" penalty="1" slots="33;13;4" teams="2" type="SOFT"/>
      <CA1 max="1" min="0" mode="A" penalty="1" slots="21;32;19;28" teams="1" type="SOFT"/>
      <CA1 max="2" min="0" mode="A" penalty="1" slots="21;23;33;22;29;28" teams="1" type="SOFT"/>
      <CA1 max="1" min="0" mode="A" penalty="1" slots="12;4;19" teams="5" type="SOFT"/>
      <CA1 max="1" min="0" mode="H" penalty="1" slots="10;27" teams="8" type="SOFT"/>
      <CA1 max="2" min="0" mode="H" penalty="1" slots="21;14;33;1;13;15" teams="4" type="SOFT"/>
      <CA1 max="1" min="0" mode="A" penalty="1" slots="31;27" teams="12" type="SOFT"/>
      <CA1 max="1" min="0" mode="H" penalty="1" slots="30;14;8;27;16" teams="9" type="SOFT"/>
      <CA1 max="1" min="0" mode="A" penalty="1" slots="5;29;16;0" teams="13" type="SOFT"/>
      <CA1 max="1" min="0" mode="A" penalty="1" slots="5;6;16" teams="1" type="SOFT"/>
      <CA1 max="1" min="0" mode="A" penalty="1" slots="26;3;29;19" teams="5" type="SOFT"/>
      <CA2 max="2" min="0" mode1="A" mode2="GLOBAL" penalty="5" slots="12;2;26;17;8;1;15" teams1="14" teams2="11;8;13;17;0;1;4" type="SOFT"/>
      <CA2 max="2" min="0" mode1="HA" mode2="GLOBAL" penalty="5" slots="21;8;11;6;29;0;19;28" teams1="0" teams2="3;2;16;8;14;17;5;1" type="SOFT"/>
      <CA2 max="1" min="0" mode1="HA" mode2="GLOBAL" penalty="5" slots="10;21;8;33;22;6;16" teams1="13" teams2="2;11;10;14;12;4;6" type="SOFT"/>
      <CA2 max="1" min="0" mode1="HA" mode2="GLOBAL" penalty="5" slots="23;2;11;27;3;15" teams1="12" teams2="2;16;13;14;17;9" type="SOFT"/>
      <CA2 max="2" min="0" mode1="H" mode2="GLOBAL" penalty="5" slots="2;9;26;14;24;32;29" teams1="4" teams2="2;10;14;15;0;5;6" type="SOFT"/>
      <CA2 max="2" min="0" mode1="H" mode2="GLOBAL" penalty="5" slots="14;8;20;13;18;0;28" teams1="15" teams2="7;2;16;11;8;13;9" type="SOFT"/>
      <CA2 max="2" min="0" mode1="H" mode2="GLOBAL" penalty="5" slots="10;14;32;6;18;3;28" teams1="2" teams2="3;16;11;10;8;15;6" type="SOFT"/>
      <CA2 max="2" min="0" mode1="H" mode2="GLOBAL" penalty="5" slots="10;14;8;33;3;7;19" teams1="5" teams2="3;2;11;15;0;1;6" type="SOFT"/>
      <CA2 max="2" min="0" mode1="A" mode2="GLOBAL" penalty="5" slots="21;26;25;4;29;15" teams1="0" teams2="16;11;8;12;15;9" type="SOFT"/>
      <CA2 max="2" min="0" mode1="A" mode2="GLOBAL" penalty="5" slots="23;9;4;29;15;0" teams1="6" teams2="16;10;12;17;0;5" type="SOFT"/>
      <CA2 max="2" min="0" mode1="H" mode2="GLOBAL" penalty="5" slots="10;9;17;8;32;33;18" teams1="14" teams2="7;11;10;13;12;0;5" type="SOFT"/>
      <CA2 max="2" min="0" mode1="H" mode2="GLOBAL" penalty="5" slots="14;24;17;1;13;16" teams1="3" teams2="10;14;15;0;4;6" type="SOFT"/>
      <CA2 max="2" min="0" mode1="H" mode2="GLOBAL" penalty="5" slots="12;2;25;11;27;20;16" teams1="16" teams2="3;2;11;10;8;13;6" type="SOFT"/>
      <CA2 max="1" min="0" mode1="HA" mode2="GLOBAL" penalty="5" slots="30;26;17;32;1;15" teams1="11" teams2="7;10;8;12;17;9" type="SOFT"/>
      <CA2 max="1" min="0" mode1="HA" mode2="GLOBAL" penalty="5" slots="21;14;24;27;18;15" teams1="6" teams2="16;14;12;17;9;4" type="SOFT"/>
      <CA2 max="1" min="0" mode1="HA" mode2="GLOBAL" penalty="5" slots="10;23;25;31;5;13;7" teams1="8" teams2="7;2;16;10;12;0;1" type="SOFT"/>
      <CA2 max="2" min="0" mode1="HA" mode2="GLOBAL" penalty="5" slots="30;23;26;17;33;11;20;3" teams1="3" teams2="2;16;10;13;15;1;4;6" type="SOFT"/>
      <CA2 max="1" min="0" mode1="HA" mode2="GLOBAL" penalty="5" slots="12;23;25;8;5;27" teams1="3" teams2="7;2;17;15;9;0" type="SOFT"/>
      <CA2 max="3" min="0" mode1="H" mode2="GLOBAL" penalty="5" slots="12;2;17;5;6;3;7;28" teams1="11" teams2="3;16;14;17;15;9;1;4" type="SOFT"/>
      <CA2 max="2" min="0" mode1="HA" mode2="GLOBAL" penalty="5" slots="12;10;21;2;26;14;7;19" teams1="2" teams2="7;3;11;10;8;5;1;6" type="SOFT"/>
      <CA2 max="2" min="0" mode1="HA" mode2="GLOBAL" penalty="5" slots="17;31;22;20;1;6;29;19" teams1="8" teams2="3;10;13;14;9;0;1;6" type="SOFT"/>
      <CA2 max="2" min="0" mode1="HA" mode2="GLOBAL" penalty="5" slots="12;30;21;26;22;13;4;19" teams1="9" teams2="7;3;16;11;10;8;13;1" type="SOFT"/>
      <CA2 max="3" min="0" mode1="A" mode2="GLOBAL" penalty="5" slots="10;23;2;14;31;27;1;19" teams1="2" teams2="16;14;12;9;0;5;1;4" type="SOFT"/>
      <CA2 max="1" min="0" mode1="HA" mode2="GLOBAL" penalty="5" slots="23;2;24;5;18;7" teams1="1" teams2="16;8;17;0;4;6" type="SOFT"/>
      <CA2 max="1" min="0" mode1="HA" mode2="GLOBAL" penalty="5" slots="10;2;9;31;11;15;28" teams1="15" teams2="16;10;13;17;9;0;4" type="SOFT"/>
      <CA2 max="3" min="0" mode1="H" mode2="GLOBAL" penalty="5" slots="2;26;24;32;22;4;18;15" teams1="11" teams2="3;2;8;14;12;15;5;6" type="SOFT"/>
      <CA2 max="2" min="0" mode1="HA" mode2="GLOBAL" penalty="5" slots="10;17;31;27;1;13;7;29" teams1="4" teams2="7;3;10;14;9;0;5;1" type="SOFT"/>
      <CA2 max="2" min="0" mode1="A" mode2="GLOBAL" penalty="5" slots="24;25;5;20;13;3;28" teams1="0" teams2="3;2;14;12;15;9;1" type="SOFT"/>
      <CA2 max="1" min="0" mode1="HA" mode2="GLOBAL" penalty="5" slots="25;17;8;20;1;3;29" teams1="17" teams2="7;3;11;8;12;9;5" type="SOFT"/>
      <CA2 max="2" min="0" mode1="H" mode2="GLOBAL" penalty="5" slots="10;23;5;6;3;29;0" teams1="2" teams2="3;16;11;13;14;5;6" type="SOFT"/>
      <CA2 max="3" min="0" mode1="H" mode2="GLOBAL" penalty="5" slots="30;23;14;24;17;8;5;15" teams1="4" teams2="7;16;10;13;14;12;5;6" type="SOFT"/>
      <CA2 max="3" min="0" mode1="H" mode2="GLOBAL" penalty="5" slots="10;26;5;27;20;18;15;0" teams1="10" teams2="3;2;16;13;12;17;15;6" type="SOFT"/>
      <CA2 max="3" min="0" mode1="H" mode2="GLOBAL" penalty="5" slots="10;5;27;20;1;4;18;0" teams1="13" teams2="11;10;8;14;9;0;4;6" type="SOFT"/>
      <CA2 max="3" min="0" mode1="A" mode2="GLOBAL" penalty="5" slots="30;9;14;25;32;33;5;13" teams1="9" teams2="7;3;2;11;17;0;4;6" type="SOFT"/>
      <CA2 max="2" min="0" mode1="H" mode2="GLOBAL" penalty="5" slots="26;24;25;13;16;15" teams1="5" teams2="16;10;13;17;15;6" type="SOFT"/>
      <CA2 max="1" min="0" mode1="HA" mode2="GLOBAL" penalty="5" slots="25;8;33;5;13;6;28" teams1="7" teams2="10;12;17;9;0;1;6" type="SOFT"/>
      <CA2 max="1" min="0" mode1="HA" mode2="GLOBAL" penalty="5" slots="12;2;26;8;7;28" teams1="11" teams2="7;3;12;17;15;6" type="SOFT"/>
      <CA2 max="2" min="0" mode1="H" mode2="GLOBAL" penalty="5" slots="9;32;22;4;29;16" teams1="15" teams2="3;2;11;10;4;6" type="SOFT"/>
      <CA2 max="2" min="0" mode1="A" mode2="GLOBAL" penalty="5" slots="30;24;17;1;16;19" teams1="15" teams2="10;14;12;17;0;4" type="SOFT"/>
      <CA2 max="2" min="0" mode1="HA" mode2="GLOBAL" penalty="5" slots="12;21;23;26;11;27;6;15" teams1="5" teams2="3;2;11;10;9;0;1;4" type="SOFT"/>
      <CA2 max="1" min="0" mode1="HA" mode2="GLOBAL" penalty="5" slots="12;23;25;8;4;18" teams1="5" teams2="7;10;12;9;0;6" type="SOFT"/>
      <CA2 max="3" min="0" mode1="H" mode2="GLOBAL" penalty="5" slots="30;10;2;5;13;6;29;15" teams1="8" teams2="16;10;14;17;9;1;4;6" type="SOFT"/>
      <CA2 max="2" min="0" mode1="H" mode2="GLOBAL" penalty="5" slots="12;9;25;31;6;28" teams1="6" teams2="3;8;14;15;9;1" type="SOFT"/>
      <CA2 max="2" min="0" mode1="A" mode2="GLOBAL" penalty="5" slots="12;14;8;5;11;4;19" teams1="12" teams2="7;16;10;13;17;9;0" type="SOFT"/>
      <CA2 max="1" min="0" mode1="HA" mode2="GLOBAL" penalty="5" slots="32;33;5;11;22;18" teams1="15" teams2="7;2;8;9;1;4" type="SOFT"/>
      <CA2 max="3" min="0" mode1="H" mode2="GLOBAL" penalty="5" slots="10;2;8;5;22;1;6;3" teams1="13" teams2="10;8;14;17;15;9;0;6" type="SOFT"/>
      <CA2 max="2" min="0" mode1="A" mode2="GLOBAL" penalty="5" slots="10;32;5;27;4;29" teams1="10" teams2="2;13;12;9;0;5" type="SOFT"/>
      <CA2 max="1" min="0" mode1="HA" mode2="GLOBAL" penalty="5" slots="10;31;27;1;18;16;0" teams1="0" teams2="7;2;16;10;8;15;4" type="SOFT"/>
      <CA2 max="3" min="0" mode1="A" mode2="GLOBAL" penalty="5" slots="30;10;25;33;11;1;4;3" teams1="10" teams2="7;11;8;13;14;12;17;9" type="SOFT"/>
      <CA2 max="2" min="0" mode1="A" mode2="GLOBAL" penalty="5" slots="23;8;5;4;15;0" teams1="5" teams2="2;16;11;10;8;6" type="SOFT"/>
      <CA2 max="2" min="0" mode1="A" mode2="GLOBAL" penalty="5" slots="2;25;6;3;16;19" teams1="13" teams2="10;8;14;17;9;1" type="SOFT"/>
      <CA2 max="3" min="0" mode1="A" mode2="GLOBAL" penalty="5" slots="2;14;24;32;31;13;6;18" teams1="6" teams2="2;16;8;13;12;15;5;1" type="SOFT"/>
      <CA2 max="1" min="0" mode1="HA" mode2="GLOBAL" penalty="5" slots="12;11;27;22;20;6;19" teams1="17" teams2="11;8;15;9;0;1;4" type="SOFT"/>
      <CA2 max="1" min="0" mode1="HA" mode2="GLOBAL" penalty="5" slots="30;9;26;25;13;3" teams1="7" teams2="17;9;5;1;4;6" type="SOFT"/>
      <CA2 max="3" min="0" mode1="A" mode2="GLOBAL" penalty="5" slots="2;9;17;31;20;18;7;0" teams1="3" teams2="7;14;17;9;0;5;1;6" type="SOFT"/>
      <CA2 max="2" min="0" mode1="HA" mode2="GLOBAL" penalty="5" slots="10;26;14;8;22;13;29;19" teams1="4" teams2="7;16;10;14;17;15;0;1" type="SOFT"/>
      <CA2 max="2" min="0" mode1="H" mode2="GLOBAL" penalty="5" slots="14;24;31;7;29;16" teams1="8" teams2="11;10;13;14;9;0" type="SOFT"/>
      <CA2 max="3" min="0" mode1="A" mode2="GLOBAL" penalty="5" slots="24;25;17;33;31;27;18;15" teams1="16" teams2="3;2;11;10;12;15;0;5" type="SOFT"/>
      <CA2 max="1" min="0" mode1="HA" mode2="GLOBAL" penalty="5" slots="21;17;22;18;15;28" teams1="4" teams2="2;16;11;10;13;1" type="SOFT"/>
      <CA2 max="2" min="0" mode1="H" mode2="GLOBAL" penalty="5" slots="12;21;9;25;3;7;16" teams1="1" teams2="3;10;12;17;0;4;6" type="SOFT"/>
      <CA2 max="2" min="0" mode1="A" mode2="GLOBAL" penalty="5" slots="10;1;6;7;29;15" teams1="0" teams2="7;16;8;14;15;1" type="SOFT"/>
      <CA2 max="3" min="0" mode1="A" mode2="GLOBAL" penalty="5" slots="21;9;32;20;7;16;0;19" teams1="7" teams2="2;16;11;10;8;14;12;1" type="SOFT"/>
      <CA2 max="2" min="0" mode1="HA" mode2="GLOBAL" penalty="5" slots="8;32;33;20;1;13;4;18" teams1="11" teams2="16;10;13;14;15;9;5;6" type="SOFT"/>
      <CA2 max="3" min="0" mode1="A" mode2="GLOBAL" penalty="5" slots="9;26;22;20;6;3;7;0" teams1="5" teams2="7;2;16;13;14;9;0;6" type="SOFT"/>
      <CA2 max="2" min="0" mode1="A" mode2="GLOBAL" penalty="5" slots="9;17;8;33;18;16" teams1="6" teams2="11;8;14;12;15;9" type="SOFT"/>
      <CA2 max="1" min="0" mode1="HA" mode2="GLOBAL" penalty="5" slots="12;21;25;5;22;0;19" teams1="0" teams2="3;16;11;10;8;17;9" type="SOFT"/>
      <CA2 max="2" min="0" mode1="H" mode2="GLOBAL" penalty="5" slots="30;2;8;31;27;4;15" teams1="2" teams2="3;11;13;14;17;15;4" type="SOFT"/>
      <CA2 max="2" min="0" mode1="A" mode2="GLOBAL" penalty="5" slots="30;23;24;11;22;7" teams1="1" teams2="7;3;8;13;9;5" type="SOFT"/>
      <CA2 max="1" min="0" mode1="HA" mode2="GLOBAL" penalty="5" slots="21;23;9;31;22;4" teams1="6" teams2="3;2;11;8;1;4" type="SOFT"/>
      <CA2 max="2" min="0" mode1="H" mode2="GLOBAL" penalty="5" slots="23;9;8;31;16;0" teams1="10" teams2="7;13;14;12;15;6" type="SOFT"/>
      <CA2 max="2" min="0" mode1="H" mode2="GLOBAL" penalty="5" slots="30;10;11;27;6;19" teams1="3" teams2="7;8;13;15;9;4" type="SOFT"/>
      <CA2 max="2" min="0" mode1="H" mode2="GLOBAL" penalty="5" slots="25;5;27;6;3;16" teams1="5" teams2="16;10;13;15;9;6" type="SOFT"/>
      <CA2 max="2" min="0" mode1="H" mode2="GLOBAL" penalty="5" slots="2;33;11;13;29;0" teams1="4" teams2="10;13;12;17;1;6" type="SOFT"/>
      <CA2 max="2" min="0" mode1="A" mode2="GLOBAL" penalty="5" slots="26;27;22;29;15;19" teams1="0" teams2="7;16;10;12;9;6" type="SOFT"/>
      <CA2 max="3" min="0" mode1="A" mode2="GLOBAL" penalty="5" slots="12;21;26;31;20;18;0;19" teams1="17" teams2="7;16;11;10;8;13;12;1" type="SOFT"/>
      <CA2 max="1" min="0" mode1="HA" mode2="GLOBAL" penalty="5" slots="24;8;11;1;16;19;28" teams1="17" teams2="7;16;10;12;5;1;6" type="SOFT"/>
      <CA2 max="1" min="0" mode1="HA" mode2="GLOBAL" penalty="5" slots="2;26;17;31;27;18;16" teams1="0" teams2="7;11;13;17;9;1;4" type="SOFT"/>
      <CA2 max="3" min="0" mode1="A" mode2="GLOBAL" penalty="5" slots="21;26;24;11;13;3;0;19" teams1="4" teams2="7;11;10;8;14;15;9;1" type="SOFT"/>
      <CA2 max="2" min="0" mode1="H" mode2="GLOBAL" penalty="5" slots="12;14;24;25;18;7" teams1="10" teams2="16;12;17;9;0;6" type="SOFT"/>
      <CA2 max="2" min="0" mode1="A" mode2="GLOBAL" penalty="5" slots="12;2;14;33;3;16;15" teams1="6" teams2="7;11;8;13;15;0;1" type="SOFT"/>
      <CA2 max="3" min="0" mode1="A" mode2="GLOBAL" penalty="5" slots="21;9;26;17;33;5;22;15" teams1="5" teams2="7;16;10;12;17;15;4;6" type="SOFT"/>
      <CA2 max="2" min="0" mode1="A" mode2="GLOBAL" penalty="5" slots="12;10;23;9;11;18;28" teams1="12" teams2="16;8;13;14;9;0;1" type="SOFT"/>
      <CA2 max="2" min="0" mode1="A" mode2="GLOBAL" penalty="5" slots="12;14;32;22;13;6;18" teams1="7" teams2="10;8;13;15;9;5;6" type="SOFT"/>
      <CA2 max="2" min="0" mode1="A" mode2="GLOBAL" penalty="5" slots="10;11;4;3;29;19;28" teams1="11" teams2="7;2;8;14;12;9;5" type="SOFT"/>
      <CA2 max="2" min="0" mode1="A" mode2="GLOBAL" penalty="5" slots="21;5;4;6;3;28" teams1="9" teams2="2;14;15;0;1;6" type="SOFT"/>
      <CA2 max="1" min="0" mode1="HA" mode2="GLOBAL" penalty="5" slots="21;32;31;20;4;3;19" teams1="3" teams2="7;2;11;10;8;9;0" type="SOFT"/>
      <CA2 max="3" min="0" mode1="H" mode2="GLOBAL" penalty="5" slots="10;17;31;20;4;18;3;29" teams1="13" teams2="2;16;14;12;15;9;4;6" type="SOFT"/>
      <CA2 max="2" min="0" mode1="HA" mode2="GLOBAL" penalty="5" slots="12;9;26;25;1;13;19;28" teams1="6" teams2="16;11;8;14;17;15;0;5" type="SOFT"/>
      <CA2 max="3" min="0" mode1="A" mode2="GLOBAL" penalty="5" slots="21;9;26;24;17;13;4;3" teams1="10" teams2="7;2;16;11;14;17;15;6" type="SOFT"/>
      <CA2 max="3" min="0" mode1="H" mode2="GLOBAL" penalty="5" slots="30;21;31;20;1;29;0;28" teams1="13" teams2="7;3;10;12;17;15;0;5" type="SOFT"/>
      <CA2 max="3" min="0" mode1="H" mode2="GLOBAL" penalty="5" slots="9;26;25;17;32;6;3;28" teams1="17" teams2="3;2;16;8;14;12;15;0" type="SOFT"/>
      <CA2 max="2" min="0" mode1="HA" mode2="GLOBAL" penalty="5" slots="21;26;14;25;32;5;27;29" teams1="17" teams2="3;11;10;13;14;5;1;6" type="SOFT"/>
      <CA2 max="2" min="0" mode1="A" mode2="GLOBAL" penalty="5" slots="10;21;14;24;31;18;15" teams1="8" teams2="7;16;10;13;17;1;4" type="SOFT"/>
      <CA2 max="2" min="0" mode1="HA" mode2="GLOBAL" penalty="5" slots="12;30;10;9;8;3;7;16" teams1="13" teams2="7;3;2;11;14;12;9;5" type="SOFT"/>
      <CA2 max="2" min="0" mode1="H" mode2="GLOBAL" penalty="5" slots="5;1;13;3;29;19;28" teams1="8" teams2="7;16;10;13;17;15;9" type="SOFT"/>
      <CA2 max="3" min="0" mode1="A" mode2="GLOBAL" penalty="5" slots="30;23;25;32;5;18;16;19" teams1="4" teams2="3;2;8;14;12;15;0;5" type="SOFT"/>
      <CA2 max="2" min="0" mode1="H" mode2="GLOBAL" penalty="5" slots="10;21;33;5;1;15;28" teams1="5" teams2="7;2;16;10;8;15;9" type="SOFT"/>
      <CA2 max="1" min="0" mode1="HA" mode2="GLOBAL" penalty="5" slots="30;23;5;1;3;7;0" teams1="2" teams2="7;16;10;14;0;5;6" type="SOFT"/>
      <CA2 max="1" min="0" mode1="HA" mode2="GLOBAL" penalty="5" slots="30;14;24;25;22;13;6" teams1="9" teams2="2;16;10;0;5;4;6" type="SOFT"/>
      <CA2 max="1" min="0" mode1="HA" mode2="GLOBAL" penalty="5" slots="10;8;33;27;22;1" teams1="9" teams2="10;13;17;15;0;4" type="SOFT"/>
      <CA2 max="2" min="0" mode1="H" mode2="GLOBAL" penalty="5" slots="10;2;22;20;13;4;6" teams1="8" teams2="7;3;16;11;10;15;9" type="SOFT"/>
      <CA2 max="2" min="0" mode1="A" mode2="GLOBAL" penalty="5" slots="30;21;24;25;17;31;20" teams1="5" teams2="7;3;2;8;14;12;17" type="SOFT"/>
      <CA2 max="3" min="0" mode1="H" mode2="GLOBAL" penalty="5" slots="10;9;8;33;31;11;4;0" teams1="17" teams2="3;16;11;8;14;12;5;4" type="SOFT"/>
      <CA2 max="3" min="0" mode1="H" mode2="GLOBAL" penalty="5" slots="21;9;26;17;5;11;20;1" teams1="3" teams2="7;16;11;12;17;15;9;4" type="SOFT"/>
      <CA2 max="2" min="0" mode1="H" mode2="GLOBAL" penalty="5" slots="23;25;33;11;18;19" teams1="17" teams2="7;3;16;13;14;15" type="SOFT"/>
      <CA2 max="2" min="0" mode1="H" mode2="GLOBAL" penalty="5" slots="10;2;14;33;11;6;28" teams1="10" teams2="7;8;14;17;9;5;1" type="SOFT"/>
      <CA2 max="3" min="0" mode1="A" mode2="GLOBAL" penalty="5" slots="30;10;8;32;11;1;6;28" teams1="17" teams2="7;2;10;8;14;9;5;6" type="SOFT"/>
      <CA2 max="1" min="0" mode1="HA" mode2="GLOBAL" penalty="5" slots="10;21;24;25;8;33;13" teams1="2" teams2="3;13;12;15;0;5;1" type="SOFT"/>
      <CA2 max="3" min="0" mode1="A" mode2="GLOBAL" penalty="5" slots="12;2;31;22;20;13;4;29" teams1="4" teams2="7;2;11;8;14;15;0;6" type="SOFT"/>
      <CA2 max="2" min="0" mode1="A" mode2="GLOBAL" penalty="5" slots="2;26;8;18;3;7;19" teams1="4" teams2="7;11;13;12;0;1;6" type="SOFT"/>
      <CA2 max="2" min="0" mode1="H" mode2="GLOBAL" penalty="5" slots="30;2;33;27;4;16;15" teams1="16" teams2="3;11;8;12;17;0;6" type="SOFT"/>
      <CA2 max="2" min="0" mode1="H" mode2="GLOBAL" penalty="5" slots="30;21;23;32;33;31" teams1="9" teams2="11;10;8;13;0;4" type="SOFT"/>
      <CA2 max="1" min="0" mode1="HA" mode2="GLOBAL" penalty="5" slots="23;24;25;33;20;13;7" teams1="12" teams2="7;14;17;15;9;5;1" type="SOFT"/>
      <CA2 max="1" min="0" mode1="HA" mode2="GLOBAL" penalty="5" slots="12;30;2;26;14;0;28" teams1="13" teams2="2;10;17;15;9;5;6" type="SOFT"/>
      <CA2 max="1" min="0" mode1="HA" mode2="GLOBAL" penalty="5" slots="30;10;26;25;31;20;15" teams1="9" teams2="11;13;14;17;15;0;1" type="SOFT"/>
      <CA2 max="2" min="0" mode1="HA" mode2="GLOBAL" penalty="5" slots="12;30;23;2;17;5;22;4" teams1="16" teams2="7;3;2;11;13;17;15;1" type="SOFT"/>
      <CA2 max="2" min="0" mode1="A" mode2="GLOBAL" penalty="5" slots="30;21;9;32;27;22;3" teams1="1" teams2="7;3;2;8;17;15;6" type="SOFT"/>
      <CA2 max="2" min="0" mode1="A" mode2="GLOBAL" penalty="5" slots="23;33;5;22;18;28" teams1="10" teams2="7;2;13;15;9;6" type="SOFT"/>
      <CA2 max="2" min="0" mode1="HA" mode2="GLOBAL" penalty="5" slots="26;24;31;13;4;6;29;15" teams1="8" teams2="3;16;11;10;15;0;1;6" type="SOFT"/>
      <CA2 max="1" min="0" mode1="HA" mode2="GLOBAL" penalty="5" slots="2;9;14;17;31;7;28" teams1="0" teams2="3;11;13;17;9;5;6" type="SOFT"/>
      <CA2 max="2" min="0" mode1="H" mode2="GLOBAL" penalty="5" slots="12;30;21;32;13;3;16" teams1="17" teams2="7;8;13;15;0;1;4" type="SOFT"/>
      <CA2 max="2" min="0" mode1="A" mode2="GLOBAL" penalty="5" slots="10;14;22;20;13;6" teams1="3" teams2="16;11;13;14;0;6" type="SOFT"/>
      <CA2 max="2" min="0" mode1="H" mode2="GLOBAL" penalty="5" slots="30;31;11;6;18;3;28" teams1="3" teams2="7;11;13;17;0;5;6" type="SOFT"/>
      <CA2 max="2" min="0" mode1="H" mode2="GLOBAL" penalty="5" slots="10;23;5;1;4;29;15" teams1="11" teams2="3;2;13;17;15;5;4" type="SOFT"/>
      <CA2 max="1" min="0" mode1="HA" mode2="GLOBAL" penalty="5" slots="30;2;11;6;19;28" teams1="9" teams2="7;3;13;12;0;6" type="SOFT"/>
      <CA2 max="2" min="0" mode1="H" mode2="GLOBAL" penalty="5" slots="25;5;11;22;13;19;28" teams1="7" teams2="2;11;8;15;0;5;4" type="SOFT"/>
      <CA2 max="3" min="0" mode1="H" mode2="GLOBAL" penalty="5" slots="9;24;25;32;27;18;29;28" teams1="8" teams2="16;13;12;9;5;1;4;6" type="SOFT"/>
      <CA2 max="1" min="0" mode1="HA" mode2="GLOBAL" penalty="5" slots="14;25;32;4;18;0" teams1="0" teams2="11;10;8;17;15;1" type="SOFT"/>
      <CA2 max="2" min="0" mode1="H" mode2="GLOBAL" penalty="5" slots="21;2;26;14;22;1;19" teams1="0" teams2="7;2;16;14;12;17;4" type="SOFT"/>
      <CA2 max="3" min="0" mode1="A" mode2="GLOBAL" penalty="5" slots="12;30;26;8;33;11;6;3" teams1="2" teams2="7;16;10;13;14;15;9;6" type="SOFT"/>
      <CA2 max="2" min="0" mode1="H" mode2="GLOBAL" penalty="5" slots="2;25;33;5;27;16" teams1="4" teams2="2;16;8;12;5;6" type="SOFT"/>
      <CA2 max="3" min="0" mode1="A" mode2="GLOBAL" penalty="5" slots="30;2;26;5;22;1;6;18" teams1="4" teams2="3;2;16;11;10;8;14;0" type="SOFT"/>
      <CA2 max="2" min="0" mode1="HA" mode2="GLOBAL" penalty="5" slots="12;23;2;9;17;8;33;11" teams1="2" teams2="7;3;16;10;17;15;9;1" type="SOFT"/>
      <CA2 max="1" min="0" mode1="HA" mode2="GLOBAL" penalty="5" slots="10;8;11;22;4;3;29" teams1="10" teams2="7;3;2;13;15;9;1" type="SOFT"/>
      <CA2 max="2" min="0" mode1="A" mode2="GLOBAL" penalty="5" slots="8;22;1;3;15;0" teams1="12" teams2="2;17;0;5;1;6" type="SOFT"/>
      <CA2 max="2" min="0" mode1="H" mode2="GLOBAL" penalty="5" slots="30;23;2;8;5;18" teams1="3" teams2="16;8;13;1;4;6" type="SOFT"/>
      <CA2 max="2" min="0" mode1="A" mode2="GLOBAL" penalty="5" slots="10;8;32;31;18;15" teams1="2" teams2="7;8;13;12;17;4" type="SOFT"/>
      <CA2 max="2" min="0" mode1="A" mode2="GLOBAL" penalty="5" slots="26;17;11;4;6;18" teams1="10" teams2="7;2;8;14;4;6" type="SOFT"/>
      <CA2 max="2" min="0" mode1="H" mode2="GLOBAL" penalty="5" slots="12;20;13;4;18;7;15" teams1="1" teams2="7;16;8;14;15;0;5" type="SOFT"/>
      <CA2 max="3" min="0" mode1="H" mode2="GLOBAL" penalty="5" slots="9;26;8;32;31;20;4;29" teams1="17" teams2="7;3;11;13;12;5;4;6" type="SOFT"/>
      <CA2 max="2" min="0" mode1="A" mode2="GLOBAL" penalty="5" slots="23;8;33;27;7;29;19" teams1="10" teams2="2;12;15;0;1;4;6" type="SOFT"/>
      <CA2 max="2" min="0" mode1="A" mode2="GLOBAL" penalty="5" slots="21;24;31;5;20;6;16" teams1="6" teams2="7;2;10;14;12;9;1" type="SOFT"/>
      <CA2 max="3" min="0" mode1="H" mode2="GLOBAL" penalty="5" slots="24;25;32;31;20;4;6;18" teams1="2" teams2="3;11;10;14;17;9;5;6" type="SOFT"/>
      <CA2 max="2" min="0" mode1="H" mode2="GLOBAL" penalty="5" slots="10;14;24;1;18;29;19" teams1="11" teams2="16;14;17;15;5;1;4" type="SOFT"/>
      <CA2 max="2" min="0" mode1="HA" mode2="GLOBAL" penalty="5" slots="30;25;8;31;11;20;1;7" teams1="16" teams2="3;11;14;15;9;0;5;4" type="SOFT"/>
      <CA2 max="2" min="0" mode1="A" mode2="GLOBAL" penalty="5" slots="10;17;11;20;1;15;0" teams1="17" teams2="7;3;16;10;13;0;5" type="SOFT"/>
      <CA2 max="2" min="0" mode1="H" mode2="GLOBAL" penalty="5" slots="27;22;20;6;7;29" teams1="8" teams2="3;13;15;9;5;4" type="SOFT"/>
      <CA2 max="3" min="0" mode1="A" mode2="GLOBAL" penalty="5" slots="12;23;2;9;5;1;13;19" teams1="9" teams2="3;2;16;11;10;0;5;6" type="SOFT"/>
      <CA2 max="3" min="0" mode1="A" mode2="GLOBAL" penalty="5" slots="30;25;8;32;33;4;19;28" teams1="8" teams2="3;11;10;13;12;15;5;4" type="SOFT"/>
      <CA2 max="2" min="0" mode1="H" mode2="GLOBAL" penalty="5" slots="26;8;5;27;20;1;13" teams1="0" teams2="2;16;10;15;9;5;4" type="SOFT"/>
      <CA2 max="2" min="0" mode1="H" mode2="GLOBAL" penalty="5" slots="21;25;17;1;7;0" teams1="15" teams2="10;8;14;12;17;0" type="SOFT"/>
      <CA2 max="1" min="0" mode1="HA" mode2="GLOBAL" penalty="5" slots="26;24;8;3;19;28" teams1="12" teams2="3;16;14;15;9;1" type="SOFT"/>
      <CA2 max="3" min="0" mode1="H" mode2="GLOBAL" penalty="5" slots="12;10;25;5;27;1;18;7" teams1="13" teams2="7;2;11;14;15;5;1;4" type="SOFT"/>
      <CA2 max="2" min="0" mode1="HA" mode2="GLOBAL" penalty="5" slots="23;8;5;13;18;15;0;19" teams1="0" teams2="7;2;16;11;14;12;5;4" type="SOFT"/>
      <CA2 max="2" min="0" mode1="HA" mode2="GLOBAL" penalty="5" slots="10;25;17;5;11;27;18;7" teams1="10" teams2="7;8;13;12;9;1;4;6" type="SOFT"/>
      <CA2 max="2" min="0" mode1="A" mode2="GLOBAL" penalty="5" slots="21;24;31;5;6;7" teams1="6" teams2="3;10;8;17;15;9" type="SOFT"/>
      <CA2 max="2" min="0" mode1="A" mode2="GLOBAL" penalty="5" slots="24;8;33;3;29;19" teams1="14" teams2="10;8;13;9;1;6" type="SOFT"/>
      <CA2 max="2" min="0" mode1="HA" mode2="GLOBAL" penalty="5" slots="24;25;17;22;13;6;29;19" teams1="12" teams2="3;11;10;8;17;15;1;6" type="SOFT"/>
      <CA2 max="3" min="0" mode1="H" mode2="GLOBAL" penalty="5" slots="12;30;10;21;9;33;31;6" teams1="0" teams2="7;3;16;8;17;15;9;6" type="SOFT"/>
      <CA2 max="2" min="0" mode1="A" mode2="GLOBAL" penalty="5" slots="12;9;26;31;20;1;19" teams1="0" teams2="7;2;14;12;9;1;6" type="SOFT"/>
      <CA2 max="2" min="0" mode1="A" mode2="GLOBAL" penalty="5" slots="10;23;26;8;33;6;3" teams1="17" teams2="7;8;13;14;15;5;6" type="SOFT"/>
      <CA2 max="2" min="0" mode1="A" mode2="GLOBAL" penalty="5" slots="12;10;25;18;29;16" teams1="16" teams2="3;10;8;14;17;9" type="SOFT"/>
      <CA2 max="1" min="0" mode1="HA" mode2="GLOBAL" penalty="5" slots="9;14;17;27;3;16;19" teams1="17" teams2="3;2;11;10;8;15;5" type="SOFT"/>
      <CA2 max="3" min="0" mode1="A" mode2="GLOBAL" penalty="5" slots="10;14;17;33;31;27;4;6" teams1="15" teams2="3;11;10;17;9;0;1;4" type="SOFT"/>
      <CA2 max="3" min="0" mode1="H" mode2="GLOBAL" penalty="5" slots="24;17;31;11;13;6;16;19" teams1="8" teams2="7;16;11;14;17;15;0;1" type="SOFT"/>
      <CA2 max="3" min="0" mode1="A" mode2="GLOBAL" penalty="5" slots="2;17;32;31;5;20;1;6" teams1="11" teams2="16;10;8;13;15;9;0;6" type="SOFT"/>
      <CA2 max="2" min="0" mode1="A" mode2="GLOBAL" penalty="5" slots="26;14;32;22;20;3;16" teams1="16" teams2="7;3;10;13;12;17;0" type="SOFT"/>
      <CA2 max="1" min="0" mode1="HA" mode2="GLOBAL" penalty="5" slots="12;21;26;31;27;1" teams1="15" teams2="3;8;12;9;1;6" type="SOFT"/>
      <CA2 max="3" min="0" mode1="A" mode2="GLOBAL" penalty="5" slots="12;30;24;17;33;20;16;28" teams1="4" teams2="3;13;14;12;15;9;0;1" type="SOFT"/>
      <CA2 max="2" min="0" mode1="H" mode2="GLOBAL" penalty="5" slots="24;25;31;27;13;6;0" teams1="5" teams2="7;16;11;10;17;0;4" type="SOFT"/>
      <CA2 max="3" min="0" mode1="A" mode2="GLOBAL" penalty="5" slots="12;30;21;26;24;32;1;0" teams1="4" teams2="7;3;14;17;15;9;0;5" type="SOFT"/>
      <CA2 max="2" min="0" mode1="HA" mode2="GLOBAL" penalty="5" slots="30;10;21;9;8;13;6;15" teams1="16" teams2="2;11;13;17;15;9;0;4" type="SOFT"/>
      <CA2 max="2" min="0" mode1="HA" mode2="GLOBAL" penalty="5" slots="10;23;9;8;1;13;15;0" teams1="2" teams2="10;8;13;14;17;9;0;6" type="SOFT"/>
      <CA2 max="2" min="0" mode1="A" mode2="GLOBAL" penalty="5" slots="9;25;4;18;7;15" teams1="14" teams2="3;10;12;15;5;6" type="SOFT"/>
      <CA2 max="1" min="0" mode1="HA" mode2="GLOBAL" penalty="5" slots="23;24;25;5;29;28" teams1="15" teams2="3;2;10;8;13;14" type="SOFT"/>
      <CA2 max="2" min="0" mode1="H" mode2="GLOBAL" penalty="5" slots="2;25;17;32;33;13" teams1="5" teams2="3;2;16;11;8;17" type="SOFT"/>
      <CA2 max="2" min="0" mode1="A" mode2="GLOBAL" penalty="5" slots="23;31;6;18;3;15" teams1="5" teams2="11;8;12;15;9;6" type="SOFT"/>
      <CA2 max="2" min="0" mode1="A" mode2="GLOBAL" penalty="5" slots="26;24;17;32;27;4" teams1="8" teams2="10;17;15;9;5;1" type="SOFT"/>
      <CA2 max="2" min="0" mode1="H" mode2="GLOBAL" penalty="5" slots="14;8;31;4;18;29;28" teams1="16" teams2="3;11;10;12;5;1;4" type="SOFT"/>
      <CA2 max="1" min="0" mode1="HA" mode2="GLOBAL" penalty="5" slots="12;31;5;1;7;19" teams1="1" teams2="3;16;11;10;8;13" type="SOFT"/>
      <CA2 max="3" min="0" mode1="H" mode2="GLOBAL" penalty="5" slots="10;21;14;17;32;13;18;28" teams1="8" teams2="2;10;14;17;15;9;0;5" type="SOFT"/>
      <CA2 max="3" min="0" mode1="H" mode2="GLOBAL" penalty="5" slots="30;9;24;5;11;27;1;3" teams1="3" teams2="7;11;10;8;14;12;15;1" type="SOFT"/>
      <CA2 max="1" min="0" mode1="HA" mode2="GLOBAL" penalty="5" slots="10;23;2;26;24;25;33" teams1="4" teams2="7;2;11;10;8;5;1" type="SOFT"/>
      <CA2 max="2" min="0" mode1="H" mode2="GLOBAL" penalty="5" slots="10;21;13;3;7;16;0" teams1="12" teams2="11;10;8;14;0;1;6" type="SOFT"/>
      <CA2 max="1" min="0" mode1="HA" mode2="GLOBAL" penalty="5" slots="12;21;27;7;16;0;19" teams1="2" teams2="16;12;17;15;9;0;4" type="SOFT"/>
      <CA2 max="2" min="0" mode1="A" mode2="GLOBAL" penalty="5" slots="12;9;8;32;22;29;16" teams1="14" teams2="10;13;12;17;9;5;1" type="SOFT"/>
      <CA2 max="2" min="0" mode1="A" mode2="GLOBAL" penalty="5" slots="2;26;31;11;1;4;16" teams1="2" teams2="7;8;13;12;17;5;1" type="SOFT"/>
      <CA2 max="2" min="0" mode1="H" mode2="GLOBAL" penalty="5" slots="25;17;32;20;7;29;19" teams1="9" teams2="10;8;13;17;15;4;6" type="SOFT"/>
      <CA2 max="1" min="0" mode1="HA" mode2="GLOBAL" penalty="5" slots="12;9;25;22;3;29" teams1="17" teams2="2;11;8;13;12;9" type="SOFT"/>
      <CA2 max="2" min="0" mode1="A" mode2="GLOBAL" penalty="5" slots="12;21;9;32;16;15" teams1="9" teams2="7;3;16;13;1;4" type="SOFT"/>
      <CA2 max="2" min="0" mode1="H" mode2="GLOBAL" penalty="5" slots="32;31;11;16;15;19" teams1="4" teams2="3;2;11;13;15;1" type="SOFT"/>
      <CA2 max="1" min="0" mode1="HA" mode2="GLOBAL" penalty="5" slots="12;21;14;32;5;1;6" teams1="4" teams2="3;16;11;10;12;9;0" type="SOFT"/>
      <CA2 max="2" min="0" mode1="H" mode2="GLOBAL" penalty="5" slots="30;23;24;31;18;16;15" teams1="4" teams2="7;3;16;11;9;0;1" type="SOFT"/>
      <CA2 max="1" min="0" mode1="HA" mode2="GLOBAL" penalty="5" slots="30;10;33;31;18;16" teams1="11" teams2="7;2;16;14;17;4" type="SOFT"/>
      <CA2 max="2" min="0" mode1="H" mode2="GLOBAL" penalty="5" slots="30;14;8;32;5;22;7" teams1="0" teams2="7;16;11;8;13;15;6" type="SOFT"/>
      <CA2 max="2" min="0" mode1="H" mode2="GLOBAL" penalty="5" slots="26;14;25;33;18;7" teams1="16" teams2="2;11;8;13;17;5" type="SOFT"/>
      <CA2 max="2" min="0" mode1="HA" mode2="GLOBAL" penalty="5" slots="2;14;25;8;27;22;7;0" teams1="17" teams2="13;14;12;15;9;0;5;6" type="SOFT"/>
      <CA2 max="3" min="0" mode1="H" mode2="GLOBAL" penalty="5" slots="10;21;23;14;24;17;4;16" teams1="13" teams2="2;16;11;8;17;15;1;6" type="SOFT"/>
      <CA2 max="3" min="0" mode1="H" mode2="GLOBAL" penalty="5" slots="2;9;26;17;11;4;3;7" teams1="14" teams2="7;16;11;8;12;17;15;0" type="SOFT"/>
      <CA2 max="2" min="0" mode1="HA" mode2="GLOBAL" penalty="5" slots="23;17;11;4;6;29;0;19" teams1="4" teams2="11;10;13;12;9;5;1;6" type="SOFT"/>
      <CA2 max="2" min="0" mode1="A" mode2="GLOBAL" penalty="5" slots="12;23;31;13;3;28" teams1="5" teams2="2;16;11;8;14;6" type="SOFT"/>
      <CA2 max="3" min="0" mode1="A" mode2="GLOBAL" penalty="5" slots="12;10;26;25;32;18;29;19" teams1="16" teams2="7;11;10;14;12;0;4;6" type="SOFT"/>
      <CA2 max="1" min="0" mode1="HA" mode2="GLOBAL" penalty="5" slots="24;31;5;11;6;19;28" teams1="15" teams2="7;16;11;14;9;1;6" type="SOFT"/>
      <CA2 max="3" min="0" mode1="A" mode2="GLOBAL" penalty="5" slots="24;8;31;11;20;4;16;0" teams1="11" teams2="7;2;10;8;12;17;1;4" type="SOFT"/>
      <CA2 max="2" min="0" mode1="HA" mode2="GLOBAL" penalty="5" slots="26;14;17;31;27;13;16;15" teams1="3" teams2="7;2;16;11;8;12;17;1" type="SOFT"/>
      <CA2 max="2" min="0" mode1="H" mode2="GLOBAL" penalty="5" slots="12;21;23;25;5;28" teams1="14" teams2="11;10;12;17;1;6" type="SOFT"/>
      <CA2 max="2" min="0" mode1="H" mode2="GLOBAL" penalty="5" slots="12;23;24;32;27;18;0" teams1="1" teams2="3;2;10;13;14;12;17" type="SOFT"/>
      <CA2 max="2" min="0" mode1="A" mode2="GLOBAL" penalty="5" slots="10;2;24;8;4;15;0" teams1="12" teams2="2;8;13;14;15;0;4" type="SOFT"/>
      <CA2 max="2" min="0" mode1="A" mode2="GLOBAL" penalty="5" slots="10;9;25;17;8;33" teams1="12" teams2="3;2;10;13;17;5" type="SOFT"/>
      <CA2 max="2" min="0" mode1="A" mode2="GLOBAL" penalty="5" slots="9;25;8;11;20;1" teams1="3" teams2="11;13;17;15;5;4" type="SOFT"/>
      <CA2 max="1" min="0" mode1="HA" mode2="GLOBAL" penalty="5" slots="23;17;8;32;11;13;29" teams1="16" teams2="3;2;14;17;5;4;6" type="SOFT"/>
      <CA2 max="1" min="0" mode1="HA" mode2="GLOBAL" penalty="5" slots="12;17;31;1;3;28" teams1="16" teams2="2;11;10;14;1;6" type="SOFT"/>
      <CA2 max="2" min="0" mode1="A" mode2="GLOBAL" penalty="5" slots="12;30;2;33;18;28" teams1="15" teams2="7;16;10;8;17;4" type="SOFT"/>
      <CA2 max="2" min="0" mode1="H" mode2="GLOBAL" penalty="5" slots="10;2;26;33;27;4" teams1="5" teams2="11;10;8;17;9;0" type="SOFT"/>
      <CA2 max="2" min="0" mode1="A" mode2="GLOBAL" penalty="5" slots="9;14;1;18;16;0" teams1="3" teams2="16;10;8;15;9;1" type="SOFT"/>
      <CA2 max="2" min="0" mode1="HA" mode2="GLOBAL" penalty="5" slots="9;26;32;33;5;22;6;29" teams1="1" teams2="3;16;13;17;15;0;5;6" type="SOFT"/>
      <CA2 max="2" min="0" mode1="H" mode2="GLOBAL" penalty="5" slots="26;17;8;32;33;20;15" teams1="3" teams2="7;2;16;13;17;15;1" type="SOFT"/>
      <CA2 max="3" min="0" mode1="A" mode2="GLOBAL" penalty="5" slots="21;9;14;17;32;33;13;3" teams1="7" teams2="3;2;16;12;0;1;4;6" type="SOFT"/>
      <CA2 max="2" min="0" mode1="HA" mode2="GLOBAL" penalty="5" slots="30;21;25;17;33;22;15;19" teams1="6" teams2="7;2;10;8;14;15;5;4" type="SOFT"/>
      <CA2 max="2" min="0" mode1="A" mode2="GLOBAL" penalty="5" slots="10;26;5;22;16;28" teams1="13" teams2="2;16;11;8;17;9" type="SOFT"/>
      <CA2 max="1" min="0" mode1="HA" mode2="GLOBAL" penalty="5" slots="23;26;8;13;3;0" teams1="11" teams2="3;2;17;9;4;6" type="SOFT"/>
      <CA2 max="2" min="0" mode1="A" mode2="GLOBAL" penalty="5" slots="30;23;17;8;20;15" teams1="11" teams2="7;2;10;13;17;15" type="SOFT"/>
      <CA2 max="1" min="0" mode1="HA" mode2="GLOBAL" penalty="5" slots="30;23;24;31;1;4;16" teams1="9" teams2="3;11;8;13;14;5;4" type="SOFT"/>
      <CA2 max="2" min="0" mode1="HA" mode2="GLOBAL" penalty="5" slots="12;21;2;8;32;20;18;19" teams1="17" teams2="7;2;11;14;12;15;9;6" type="SOFT"/>
      <CA2 max="1" min="0" mode1="HA" mode2="GLOBAL" penalty="5" slots="21;2;11;7;0;19" teams1="17" teams2="2;10;9;5;1;6" type="SOFT"/>
      <CA2 max="1" min="0" mode1="HA" mode2="GLOBAL" penalty="5" slots="30;9;25;5;13;4;19" teams1="16" teams2="2;10;13;12;15;1;6" type="SOFT"/>
      <CA2 max="2" min="0" mode1="H" mode2="GLOBAL" penalty="5" slots="10;21;20;6;3;0;28" teams1="17" teams2="7;13;14;12;0;4;6" type="SOFT"/>
      <CA2 max="2" min="0" mode1="H" mode2="GLOBAL" penalty="5" slots="12;21;9;24;32;7;15" teams1="2" teams2="7;11;13;17;9;1;6" type="SOFT"/>
      <CA2 max="1" min="0" mode1="HA" mode2="GLOBAL" penalty="5" slots="30;24;8;32;5;4" teams1="4" teams2="3;16;11;17;9;5" type="SOFT"/>
      <CA2 max="2" min="0" mode1="HA" mode2="GLOBAL" penalty="5" slots="2;17;32;33;31;4;6;16" teams1="17" teams2="11;10;8;9;0;5;4;6" type="SOFT"/>
      <CA2 max="1" min="0" mode1="HA" mode2="GLOBAL" penalty="5" slots="26;14;31;1;13;3;16" teams1="12" teams2="16;11;10;8;13;0;5" type="SOFT"/>
      <CA2 max="1" min="0" mode1="HA" mode2="GLOBAL" penalty="5" slots="21;14;24;33;1;13;3" teams1="2" teams2="7;8;12;17;0;1;6" type="SOFT"/>
      <CA2 max="2" min="0" mode1="A" mode2="GLOBAL" penalty="5" slots="24;25;33;5;27;4;15" teams1="15" teams2="16;8;13;14;9;4;6" type="SOFT"/>
      <CA2 max="1" min="0" mode1="HA" mode2="GLOBAL" penalty="5" slots="30;32;33;3;7;16;0" teams1="9" teams2="2;16;11;10;17;15;5" type="SOFT"/>
      <CA2 max="1" min="0" mode1="HA" mode2="GLOBAL" penalty="5" slots="30;23;26;24;27;3;19" teams1="0" teams2="7;3;16;14;12;5;6" type="SOFT"/>
      <CA4 max="2" min="0" mode1="H" mode2="GLOBAL" penalty="1" slots="2;4;3;0" teams1="16;8;15;1" teams2="16;8;15;1" type="HARD"/>
      <CA4 max="2" min="0" mode1="H" mode2="GLOBAL" penalty="1" slots="2;4;7;0" teams1="16;10;15;9" teams2="16;10;15;9" type="HARD"/>
      <CA4 max="1" min="0" mode1="H" mode2="EVERY" penalty="1" slots="33" teams1="16;13" teams2="7;3;2;16;11;10;8;13;14;12;17;15;9;0;5;1;4;6" type="HARD"/>
      <CA4 max="1" min="0" mode1="H" mode2="EVERY" penalty="1" slots="29" teams1="13;0" teams2="7;3;2;16;11;10;8;13;14;12;17;15;9;0;5;1;4;6" type="HARD"/>
      <CA4 max="2" min="0" mode1="H" mode2="GLOBAL" penalty="1" slots="10;1;4;7;16;0" teams1="3;2;8;12;5;6" teams2="3;2;8;12;5;6" type="HARD"/>
      <CA4 max="1" min="0" mode1="H" mode2="EVERY" penalty="1" slots="3" teams1="12;6" teams2="7;3;2;16;11;10;8;13;14;12;17;15;9;0;5;1;4;6" type="HARD"/>
      <CA4 max="2" min="0" mode1="H" mode2="GLOBAL" penalty="1" slots="9;8;11;6;16;15" teams1="7;2;16;8;17;4" teams2="7;2;16;8;17;4" type="HARD"/>
      <CA4 max="2" min="0" mode1="H" mode2="GLOBAL" penalty="1" slots="9;5;1;6" teams1="10;9;1;6" teams2="10;9;1;6" type="HARD"/>
      <CA4 max="1" min="0" mode1="H" mode2="EVERY" penalty="1" slots="19" teams1="13;15" teams2="7;3;2;16;11;10;8;13;14;12;17;15;9;0;5;1;4;6" type="HARD"/>
      <CA4 max="1" min="0" mode1="H" mode2="EVERY" penalty="1" slots="1" teams1="7;1" teams2="7;3;2;16;11;10;8;13;14;12;17;15;9;0;5;1;4;6" type="HARD"/>
      <CA4 max="2" min="0" mode1="H" mode2="GLOBAL" penalty="1" slots="5;4;6;3;0" teams1="13;14;12;17;15" teams2="13;14;12;17;15" type="HARD"/>
      <CA4 max="2" min="0" mode1="H" mode2="GLOBAL" penalty="1" slots="5;1;4;3" teams1="11;5;1;6" teams2="11;5;1;6" type="HARD"/>
      <CA4 max="1" min="0" mode1="H" mode2="EVERY" penalty="1" slots="26" teams1="16;15" teams2="7;3;2;16;11;10;8;13;14;12;17;15;9;0;5;1;4;6" type="HARD"/>
      <CA4 max="1" min="0" mode1="H" mode2="EVERY" penalty="1" slots="1" teams1="10;4" teams2="7;3;2;16;11;10;8;13;14;12;17;15;9;0;5;1;4;6" type="HARD"/>
      <CA4 max="1" min="0" mode1="H" mode2="EVERY" penalty="1" slots="9" teams1="10;12" teams2="7;3;2;16;11;10;8;13;14;12;17;15;9;0;5;1;4;6" type="HARD"/>
      <CA4 max="2" min="0" mode1="H" mode2="GLOBAL" penalty="1" slots="2;8;1;6;3" teams1="11;8;12;1;4" teams2="11;8;12;1;4" type="HARD"/>
      <CA4 max="2" min="0" mode1="H" mode2="GLOBAL" penalty="1" slots="9;1;4;6;7" teams1="2;12;17;15;0" teams2="2;12;17;15;0" type="HARD"/>
      <CA4 max="2" min="0" mode1="H" mode2="GLOBAL" penalty="1" slots="1;4;3;0" teams1="8;12;17;6" teams2="8;12;17;6" type="HARD"/>
      <CA4 max="2" min="0" mode1="H" mode2="GLOBAL" penalty="1" slots="2;8;5;1;6" teams1="2;16;11;13;1" teams2="2;16;11;13;1" type="HARD"/>
      <CA4 max="2" min="0" mode1="H" mode2="GLOBAL" penalty="1" slots="2;4;6;0" teams1="7;17;4;6" teams2="7;17;4;6" type="HARD"/>
      <CA4 max="1" min="0" mode1="H" mode2="EVERY" penalty="1" slots="17" teams1="12;1" teams2="7;3;2;16;11;10;8;13;14;12;17;15;9;0;5;1;4;6" type="HARD"/>
      <CA4 max="1" min="0" mode1="H" mode2="EVERY" penalty="1" slots="17" teams1="16;9" teams2="7;3;2;16;11;10;8;13;14;12;17;15;9;0;5;1;4;6" type="HARD"/>
      <CA4 max="2" min="0" mode1="H" mode2="GLOBAL" penalty="1" slots="2;1;4;3" teams1="2;13;15;0" teams2="2;13;15;0" type="HARD"/>
      <CA4 max="2" min="0" mode1="H" mode2="GLOBAL" penalty="1" slots="2;9;1;13;3;7" teams1="7;2;10;17;15;1" teams2="7;2;10;17;15;1" type="HARD"/>
      <CA4 max="2" min="0" mode1="H" mode2="GLOBAL" penalty="1" slots="2;5;1;4;3" teams1="7;11;13;9;4" teams2="7;11;13;9;4" type="HARD"/>
      <CA4 max="2" min="0" mode1="H" mode2="GLOBAL" penalty="1" slots="10;21;9;5;15;19" teams1="7;2;16;5;1;6" teams2="7;2;16;5;1;6" type="HARD"/>
      <CA4 max="1" min="0" mode1="H" mode2="EVERY" penalty="1" slots="31" teams1="11;5" teams2="7;3;2;16;11;10;8;13;14;12;17;15;9;0;5;1;4;6" type="HARD"/>
      <CA4 max="2" min="0" mode1="H" mode2="GLOBAL" penalty="1" slots="1;4;6;3" teams1="7;13;17;15" teams2="7;13;17;15" type="HARD"/>
      <CA4 max="2" min="0" mode1="H" mode2="GLOBAL" penalty="1" slots="12;23;20;6;7;15" teams1="3;11;8;12;15;4" teams2="3;11;8;12;15;4" type="HARD"/>
      <CA4 max="2" min="0" mode1="H" mode2="GLOBAL" penalty="1" slots="2;17;11;6;16;0" teams1="7;14;12;17;1;4" teams2="7;14;12;17;1;4" type="HARD"/>
      <CA4 max="2" min="0" mode1="H" mode2="GLOBAL" penalty="1" slots="10;9;5;16;0;19" teams1="11;13;14;9;0;1" teams2="11;13;14;9;0;1" type="HARD"/>
      <CA4 max="2" min="0" mode1="H" mode2="GLOBAL" penalty="1" slots="14;8;13;4;3;7" teams1="2;13;12;17;9;5" teams2="2;13;12;17;9;5" type="HARD"/>
      <CA4 max="2" min="0" mode1="H" mode2="GLOBAL" penalty="1" slots="10;1;4;7;0" teams1="16;8;14;12;6" teams2="16;8;14;12;6" type="HARD"/>
      <CA4 max="2" min="0" mode1="H" mode2="GLOBAL" penalty="1" slots="2;8;6;7" teams1="7;3;10;6" teams2="7;3;10;6" type="HARD"/>
      <CA4 max="2" min="0" mode1="H" mode2="GLOBAL" penalty="1" slots="2;5;1;4;3" teams1="2;17;15;0;6" teams2="2;17;15;0;6" type="HARD"/>
      <CA4 max="2" min="0" mode1="H" mode2="GLOBAL" penalty="1" slots="5;1;4;3" teams1="7;11;14;5" teams2="7;11;14;5" type="HARD"/>
      <CA4 max="1" min="0" mode1="H" mode2="EVERY" penalty="1" slots="17" teams1="11;1" teams2="7;3;2;16;11;10;8;13;14;12;17;15;9;0;5;1;4;6" type="HARD"/>
      <CA4 max="2" min="0" mode1="H" mode2="GLOBAL" penalty="1" slots="12;2;8;20;15;0" teams1="16;17;15;9;5;4" teams2="16;17;15;9;5;4" type="HARD"/>
      <CA4 max="1" min="0" mode1="H" mode2="EVERY" penalty="1" slots="8" teams1="3;17" teams2="7;3;2;16;11;10;8;13;14;12;17;15;9;0;5;1;4;6" type="HARD"/>
      <CA4 max="2" min="0" mode1="H" mode2="GLOBAL" penalty="1" slots="8;3;7;0" teams1="7;16;10;17" teams2="7;16;10;17" type="HARD"/>
      <CA4 max="2" min="0" mode1="H" mode2="GLOBAL" penalty="1" slots="10;9;4;7;0" teams1="16;10;9;1;4" teams2="16;10;9;1;4" type="HARD"/>
      <CA4 max="2" min="0" mode1="H" mode2="GLOBAL" penalty="1" slots="2;1;3;0" teams1="16;14;17;15" teams2="16;14;17;15" type="HARD"/>
      <CA4 max="2" min="0" mode1="H" mode2="GLOBAL" penalty="1" slots="12;14;8;13;4;7" teams1="7;3;16;11;10;14" teams2="7;3;16;11;10;14" type="HARD"/>
      <CA4 max="2" min="0" mode1="H" mode2="GLOBAL" penalty="1" slots="2;1;4;7;0" teams1="7;11;10;17;9" teams2="7;11;10;17;9" type="HARD"/>
      <CA4 max="2" min="0" mode1="H" mode2="GLOBAL" penalty="1" slots="5;4;3;0" teams1="11;17;5;1" teams2="11;17;5;1" type="HARD"/>
      <CA4 max="2" min="0" mode1="H" mode2="GLOBAL" penalty="1" slots="2;14;11;13;3;15" teams1="3;11;10;12;17;6" teams2="3;11;10;12;17;6" type="HARD"/>
      <CA4 max="1" min="0" mode1="H" mode2="EVERY" penalty="1" slots="19" teams1="8;5" teams2="7;3;2;16;11;10;8;13;14;12;17;15;9;0;5;1;4;6" type="HARD"/>
      <CA4 max="2" min="0" mode1="H" mode2="GLOBAL" penalty="1" slots="9;8;1;6;7" teams1="3;10;14;5;6" teams2="3;10;14;5;6" type="HARD"/>
      <CA4 max="2" min="0" mode1="H" mode2="GLOBAL" penalty="1" slots="21;4;15;0;19;28" teams1="2;8;14;12;17;15" teams2="2;8;14;12;17;15" type="HARD"/>
      <CA4 max="2" min="0" mode1="H" mode2="GLOBAL" penalty="1" slots="2;1;6;3" teams1="16;11;14;9" teams2="16;11;14;9" type="HARD"/>
      <CA4 max="1" min="0" mode1="H" mode2="EVERY" penalty="1" slots="23" teams1="8;6" teams2="7;3;2;16;11;10;8;13;14;12;17;15;9;0;5;1;4;6" type="HARD"/>
      <CA4 max="2" min="0" mode1="H" mode2="GLOBAL" penalty="1" slots="14;11;13;4;3;0" teams1="3;11;13;12;17;6" teams2="3;11;13;12;17;6" type="HARD"/>
      <CA4 max="2" min="0" mode1="H" mode2="GLOBAL" penalty="1" slots="2;5;4;3" teams1="7;13;12;6" teams2="7;13;12;6" type="HARD"/>
      <CA4 max="2" min="0" mode1="H" mode2="GLOBAL" penalty="1" slots="9;8;5;1;6" teams1="2;16;13;17;1" teams2="2;16;13;17;1" type="HARD"/>
      <CA4 max="1" min="0" mode1="H" mode2="EVERY" penalty="1" slots="20" teams1="16;9" teams2="7;3;2;16;11;10;8;13;14;12;17;15;9;0;5;1;4;6" type="HARD"/>
      <CA4 max="1" min="0" mode1="H" mode2="EVERY" penalty="1" slots="2" teams1="1;6" teams2="7;3;2;16;11;10;8;13;14;12;17;15;9;0;5;1;4;6" type="HARD"/>
      <CA4 max="2" min="0" mode1="H" mode2="GLOBAL" penalty="1" slots="2;5;1;4;0" teams1="2;16;13;5;6" teams2="2;16;13;5;6" type="HARD"/>
      <CA4 max="2" min="0" mode1="H" mode2="GLOBAL" penalty="1" slots="5;1;4;0" teams1="10;17;9;1" teams2="10;17;9;1" type="HARD"/>
      <CA4 max="2" min="0" mode1="H" mode2="GLOBAL" penalty="1" slots="10;2;9;6;7;0" teams1="2;13;14;12;1;4" teams2="2;13;14;12;1;4" type="HARD"/>
      <CA4 max="2" min="0" mode1="H" mode2="GLOBAL" penalty="1" slots="2;1;3;0" teams1="11;13;4;6" teams2="11;13;4;6" type="HARD"/>
      <CA4 max="1" min="0" mode1="H" mode2="EVERY" penalty="1" slots="28" teams1="1;6" teams2="7;3;2;16;11;10;8;13;14;12;17;15;9;0;5;1;4;6" type="HARD"/>
      <CA4 max="1" min="0" mode1="H" mode2="EVERY" penalty="1" slots="22" teams1="0;4" teams2="7;3;2;16;11;10;8;13;14;12;17;15;9;0;5;1;4;6" type="HARD"/>
      <CA4 max="1" min="0" mode1="H" mode2="EVERY" penalty="1" slots="12" teams1="17;5" teams2="7;3;2;16;11;10;8;13;14;12;17;15;9;0;5;1;4;6" type="HARD"/>
      <CA4 max="1" min="0" mode1="H" mode2="EVERY" penalty="1" slots="21" teams1="7;1" teams2="7;3;2;16;11;10;8;13;14;12;17;15;9;0;5;1;4;6" type="HARD"/>
      <CA4 max="1" min="0" mode1="H" mode2="EVERY" penalty="1" slots="1" teams1="2;8" teams2="7;3;2;16;11;10;8;13;14;12;17;15;9;0;5;1;4;6" type="HARD"/>
      <CA4 max="2" min="0" mode1="H" mode2="GLOBAL" penalty="1" slots="9;5;11;1;0" teams1="8;13;14;9;6" teams2="8;13;14;9;6" type="HARD"/>
      <CA4 max="2" min="0" mode1="H" mode2="GLOBAL" penalty="1" slots="2;5;1;3" teams1="7;12;9;4" teams2="7;12;9;4" type="HARD"/>
      <CA4 max="2" min="0" mode1="H" mode2="GLOBAL" penalty="1" slots="2;3;7;0" teams1="2;12;4;6" teams2="2;12;4;6" type="HARD"/>
      <CA4 max="1" min="0" mode1="H" mode2="EVERY" penalty="1" slots="6" teams1="3;17" teams2="7;3;2;16;11;10;8;13;14;12;17;15;9;0;5;1;4;6" type="HARD"/>
      <CA4 max="1" min="0" mode1="H" mode2="EVERY" penalty="1" slots="24" teams1="3;11" teams2="7;3;2;16;11;10;8;13;14;12;17;15;9;0;5;1;4;6" type="HARD"/>
      <CA4 max="2" min="0" mode1="H" mode2="GLOBAL" penalty="1" slots="2;26;11;13;6;7" teams1="7;2;17;15;1;4" teams2="7;2;17;15;1;4" type="HARD"/>
      <CA4 max="2" min="0" mode1="H" mode2="GLOBAL" penalty="1" slots="2;5;1;3" teams1="7;8;12;4" teams2="7;8;12;4" type="HARD"/>
      <CA4 max="2" min="0" mode1="H" mode2="GLOBAL" penalty="1" slots="8;5;4;6;0" teams1="11;13;14;12;15" teams2="11;13;14;12;15" type="HARD"/>
      <CA4 max="2" min="0" mode1="H" mode2="GLOBAL" penalty="1" slots="2;5;4;0" teams1="2;8;9;0" teams2="2;8;9;0" type="HARD"/>
      <CA4 max="1" min="0" mode1="H" mode2="EVERY" penalty="1" slots="23" teams1="11;13" teams2="7;3;2;16;11;10;8;13;14;12;17;15;9;0;5;1;4;6" type="HARD"/>
      <CA4 max="2" min="0" mode1="H" mode2="GLOBAL" penalty="1" slots="1;4;3;0" teams1="10;13;14;15" teams2="10;13;14;15" type="HARD"/>
      <CA4 max="2" min="0" mode1="H" mode2="GLOBAL" penalty="1" slots="5;1;4;3" teams1="7;16;13;15" teams2="7;16;13;15" type="HARD"/>
      <CA4 max="2" min="0" mode1="H" mode2="GLOBAL" penalty="1" slots="1;4;3;0" teams1="11;13;17;9" teams2="11;13;17;9" type="HARD"/>
      <CA4 max="2" min="0" mode1="H" mode2="GLOBAL" penalty="1" slots="12;17;8;11;1;4" teams1="7;3;16;13;14;15" teams2="7;3;16;13;14;15" type="HARD"/>
      <CA4 max="1" min="0" mode1="H" mode2="EVERY" penalty="1" slots="13" teams1="3;16" teams2="7;3;2;16;11;10;8;13;14;12;17;15;9;0;5;1;4;6" type="HARD"/>
      <CA4 max="1" min="0" mode1="H" mode2="EVERY" penalty="1" slots="4" teams1="17;6" teams2="7;3;2;16;11;10;8;13;14;12;17;15;9;0;5;1;4;6" type="HARD"/>
      <CA4 max="2" min="0" mode1="H" mode2="GLOBAL" penalty="1" slots="2;9;11;1;3" teams1="10;15;0;5;1" teams2="10;15;0;5;1" type="HARD"/>
      <CA4 max="1" min="0" mode1="H" mode2="EVERY" penalty="1" slots="7" teams1="3;13" teams2="7;3;2;16;11;10;8;13;14;12;17;15;9;0;5;1;4;6" type="HARD"/>
      <CA4 max="2" min="0" mode1="H" mode2="GLOBAL" penalty="1" slots="2;5;1;4;0" teams1="2;10;8;9;5" teams2="2;10;8;9;5" type="HARD"/>
      <CA4 max="1" min="0" mode1="H" mode2="EVERY" penalty="1" slots="9" teams1="11;9" teams2="7;3;2;16;11;10;8;13;14;12;17;15;9;0;5;1;4;6" type="HARD"/>
    </CapacityConstraints>
    <GameConstraints>
      <GA1 max="2" meetings="4,10;8,12;" min="1" penalty="1" slots="9;15" type="HARD"/>
      <GA1 max="4" meetings="4,7;5,12;6,8;12,7;" min="2" penalty="1" slots="30;21;11;19" type="HARD"/>
      <GA1 max="2" meetings="5,9;6,1;" min="1" penalty="1" slots="10;25" type="HARD"/>
      <GA1 max="1" meetings="5,9;8,11;" min="0" penalty="1" slots="8;4" type="HARD"/>
      <GA1 max="0" meetings="1,13;" min="0" penalty="1" slots="4" type="HARD"/>
      <GA1 max="0" meetings="6,16;" min="0" penalty="1" slots="6" type="HARD"/>
      <GA1 max="0" meetings="14,9;" min="0" penalty="1" slots="5" type="HARD"/>
      <GA1 max="1" meetings="5,1;10,5;" min="0" penalty="1" slots="18;3" type="HARD"/>
      <GA1 max="2" meetings="5,7;13,7;" min="1" penalty="1" slots="30;8" type="HARD"/>
      <GA1 max="2" meetings="5,11;9,5;9,10;10,11;" min="0" penalty="1" slots="25;5;20;28" type="HARD"/>
      <GA1 max="1" meetings="1,9;7,2;13,17;" min="0" penalty="1" slots="33;20;29" type="HARD"/>
      <GA1 max="0" meetings="6,10;" min="0" penalty="1" slots="20" type="HARD"/>
      <GA1 max="1" meetings="12,14;12,16;17,7;" min="0" penalty="1" slots="24;13;6" type="HARD"/>
      <GA1 max="0" meetings="14,5;" min="0" penalty="1" slots="1" type="HARD"/>
      <GA1 max="1" meetings="15,5;" min="1" penalty="1" slots="18" type="HARD"/>
      <GA1 max="1" meetings="10,17;" min="1" penalty="1" slots="6" type="HARD"/>
      <GA1 max="1" meetings="10,6;16,1;" min="0" penalty="1" slots="33;1" type="HARD"/>
      <GA1 max="1" meetings="9,2;15,17;16,17;" min="0" penalty="1" slots="23;1;29" type="HARD"/>
      <GA1 max="3" meetings="5,10;7,17;9,0;" min="2" penalty="1" slots="1;13;18" type="HARD"/>
      <GA1 max="1" meetings="2,4;3,11;10,13;" min="0" penalty="1" slots="27;13;3" type="HARD"/>
      <GA1 max="1" meetings="10,4;" min="1" penalty="1" slots="33" type="HARD"/>
      <GA1 max="0" meetings="5,3;" min="0" penalty="1" slots="6" type="HARD"/>
      <GA1 max="1" meetings="9,10;12,6;" min="0" penalty="1" slots="13;28" type="HARD"/>
      <GA1 max="0" meetings="3,17;" min="0" penalty="1" slots="23" type="HARD"/>
      <GA1 max="3" meetings="2,14;3,4;6,2;" min="2" penalty="1" slots="14;11;29" type="HARD"/>
      <GA1 max="0" meetings="3,10;" min="0" penalty="1" slots="3" type="HARD"/>
      <GA1 max="0" meetings="6,4;" min="0" penalty="1" slots="24" type="HARD"/>
      <GA1 max="0" meetings="6,7;" min="0" penalty="1" slots="33" type="HARD"/>
      <GA1 max="0" meetings="13,14;" min="0" penalty="1" slots="4" type="HARD"/>
      <GA1 max="1" meetings="16,10;" min="1" penalty="1" slots="1" type="HARD"/>
      <GA1 max="0" meetings="2,8;" min="0" penalty="1" slots="16" type="HARD"/>
      <GA1 max="1" meetings="7,2;10,3;" min="0" penalty="1" slots="6;3" type="HARD"/>
      <GA1 max="3" meetings="2,10;2,14;15,10;" min="2" penalty="1" slots="21;26;11" type="HARD"/>
      <GA1 max="0" meetings="0,17;" min="0" penalty="1" slots="17" type="HARD"/>
    </GameConstraints>
    <BreakConstraints>
      <BR1 intp="0" mode1="LEQ" mode2="HA" penalty="1" slots="27" teams="2" type="HARD"/>
      <BR1 intp="0" mode1="LEQ" mode2="HA" penalty="1" slots="5" teams="13" type="HARD"/>
      <BR1 intp="2" mode1="LEQ" mode2="HA" penalty="1" slots="21;23;11;22;20;19" teams="4" type="HARD"/>
      <BR1 intp="0" mode1="LEQ" mode2="HA" penalty="1" slots="5" teams="2" type="HARD"/>
      <BR1 intp="0" mode1="LEQ" mode2="HA" penalty="1" slots="27" teams="4" type="HARD"/>
      <BR1 intp="0" mode1="LEQ" mode2="HA" penalty="1" slots="7" teams="14" type="HARD"/>
      <BR1 intp="1" mode1="LEQ" mode2="HA" penalty="1" slots="10;8;0" teams="16" type="HARD"/>
      <BR1 intp="1" mode1="LEQ" mode2="HA" penalty="1" slots="30;32;13" teams="0" type="HARD"/>
      <BR1 intp="0" mode1="LEQ" mode2="HA" penalty="1" slots="9" teams="3" type="HARD"/>
      <BR1 intp="0" mode1="LEQ" mode2="HA" penalty="1" slots="6" teams="6" type="HARD"/>
      <BR1 intp="0" mode1="LEQ" mode2="HA" penalty="1" slots="18" teams="16" type="HARD"/>
      <BR1 intp="1" mode1="LEQ" mode2="HA" penalty="1" slots="30;10;28" teams="3" type="HARD"/>
      <BR1 intp="0" mode1="LEQ" mode2="HA" penalty="1" slots="1" teams="14" type="HARD"/>
      <BR1 intp="2" mode1="LEQ" mode2="HA" penalty="1" slots="10;23;8;11;27;22" teams="10" type="HARD"/>
      <BR1 intp="0" mode1="LEQ" mode2="HA" penalty="1" slots="9" teams="3" type="HARD"/>
      <BR1 intp="2" mode1="LEQ" mode2="HA" penalty="1" slots="21;24;8;13;4;29" teams="16" type="HARD"/>
      <BR1 intp="1" mode1="LEQ" mode2="HA" penalty="1" slots="30;25;16" teams="0" type="HARD"/>
      <BR1 intp="2" mode1="LEQ" mode2="HA" penalty="1" slots="2;14;32;5;16;15" teams="13" type="HARD"/>
      <BR1 intp="2" mode1="LEQ" mode2="HA" penalty="1" slots="23;2;9;26;20;16" teams="3" type="HARD"/>
      <BR1 intp="1" mode1="LEQ" mode2="HA" penalty="1" slots="21;17;22" teams="9" type="HARD"/>
      <BR1 intp="1" mode1="LEQ" mode2="HA" penalty="1" slots="10;11;27" teams="17" type="HARD"/>
      <BR1 intp="2" mode1="LEQ" mode2="HA" penalty="1" slots="12;2;8;5;4;0" teams="6" type="HARD"/>
      <BR1 intp="2" mode1="LEQ" mode2="HA" penalty="1" slots="30;21;23;31;20;4" teams="0" type="HARD"/>
      <BR1 intp="0" mode1="LEQ" mode2="HA" penalty="1" slots="6" teams="3" type="HARD"/>
      <BR1 intp="0" mode1="LEQ" mode2="HA" penalty="1" slots="20" teams="14" type="HARD"/>
      <BR1 intp="2" mode1="LEQ" mode2="HA" penalty="1" slots="9;14;24;22;1;3" teams="9" type="HARD"/>
      <BR1 intp="2" mode1="LEQ" mode2="HA" penalty="1" slots="30;24;17;4;18;28" teams="11" type="HARD"/>
      <BR1 intp="1" mode1="LEQ" mode2="HA" penalty="1" slots="2;14;11" teams="5" type="HARD"/>
      <BR1 intp="1" mode1="LEQ" mode2="HA" penalty="1" slots="27;1;16" teams="9" type="HARD"/>
      <BR1 intp="2" mode1="LEQ" mode2="HA" penalty="1" slots="26;33;11;4;3;7" teams="5" type="HARD"/>
      <BR1 intp="2" mode1="LEQ" mode2="HA" penalty="1" slots="23;2;14;31;11;22" teams="2" type="HARD"/>
      <BR1 intp="1" mode1="LEQ" mode2="HA" penalty="1" slots="5;22;29" teams="8" type="HARD"/>
      <BR1 intp="0" mode1="LEQ" mode2="HA" penalty="1" slots="13" teams="10" type="HARD"/>
      <BR1 intp="1" mode1="LEQ" mode2="HA" penalty="1" slots="26;14;18" teams="3" type="HARD"/>
      <BR1 intp="1" mode1="LEQ" mode2="HA" penalty="1" slots="9;17;5" teams="11" type="HARD"/>
      <BR1 intp="0" mode1="LEQ" mode2="HA" penalty="1" slots="20" teams="15" type="HARD"/>
      <BR1 intp="0" mode1="LEQ" mode2="HA" penalty="1" slots="10" teams="11" type="HARD"/>
      <BR1 intp="1" mode1="LEQ" mode2="HA" penalty="1" slots="24;25;3" teams="0" type="HARD"/>
      <BR1 intp="1" mode1="LEQ" mode2="HA" penalty="1" slots="10;9;4" teams="7" type="HARD"/>
      <BR1 intp="2" mode1="LEQ" mode2="HA" penalty="1" slots="2;14;24;8;0;28" teams="2" type="HARD"/>
      <BR1 intp="1" mode1="LEQ" mode2="HA" penalty="1" slots="9;27;4" teams="15" type="HARD"/>
      <BR1 intp="1" mode1="LEQ" mode2="HA" penalty="1" slots="12;20;16" teams="16" type="HARD"/>
      <BR1 intp="1" mode1="LEQ" mode2="HA" penalty="1" slots="10;32;16" teams="1" type="HARD"/>
      <BR1 intp="1" mode1="LEQ" mode2="HA" penalty="1" slots="2;26;3" teams="10" type="HARD"/>
      <BR2 intp="88" homeMode="HA" mode2="LEQ" penalty="1" slots="12;30;10;21;23;2;9;26;14;24;25;17;8;32;33;31;5;11;27;22;20;1;13;4;6;18;3;7;29;16;15;0;19;28" teams="7;3;2;16;11;10;8;13;14;12;17;15;9;0;5;1;4;6" type="HARD"/>
    </BreakConstraints>
    <FairnessConstraints/>
    <SeparationConstraints>
      <SE1 mode1="SLOTS" min="10" penalty="10" teams="7;3;2;16;11;10;8;13;14;12;17;15;9;0;5;1;4;6" type="SOFT"/>
    </SeparationConstraints>
  </Constraints>
</Instance>
