<?xml version="1.0" encoding="UTF-8"?>
<Instance>
  <MetaData>
    <InstanceName>Early 12</InstanceName>
    <DataType>A</DataType>
    <Contributor>ITC2021</Contributor>
    <Date year="2020" month="10"/>
  </MetaData>
  <Structure>
    <Format leagueIds="0">
      <numberRoundRobin>2</numberRoundRobin>
      <compactness>C</compactness>
      <gameMode>P</gameMode>
    </Format>
  </Structure>
  <ObjectiveFunction>
    <Objective>SC</Objective>
  </ObjectiveFunction>
  <Resources>
    <Leagues>
      <league id="0" name="League 0"/>
    </Leagues>
    <Teams>
      <team id="0" league="0" name="Team 0"/>
      <team id="1" league="0" name="Team 1"/>
      <team id="2" league="0" name="Team 2"/>
      <team id="3" league="0" name="Team 3"/>
      <team id="4" league="0" name="Team 4"/>
      <team id="5" league="0" name="Team 5"/>
      <team id="6" league="0" name="Team 6"/>
      <team id="7" league="0" name="Team 7"/>
      <team id="8" league="0" name="Team 8"/>
      <team id="9" league="0" name="Team 9"/>
      <team id="10" league="0" name="Team 10"/>
      <team id="11" league="0" name="Team 11"/>
      <team id="12" league="0" name="Team 12"/>
      <team id="13" league="0" name="Team 13"/>
      <team id="14" league="0" name="Team 14"/>
      <team id="15" league="0" name="Team 15"/>
      <team id="16" league="0" name="Team 16"/>
      <team id="17" league="0" name="Team 17"/>
      <team id="18" league="0" name="Team 18"/>
      <team id="19" league="0" name="Team 19"/>
    </Teams>
    <Slots>
      <slot id="0" name="Slot 0"/>
      <slot id="1" name="Slot 1"/>
      <slot id="2" name="Slot 2"/>
      <slot id="3" name="Slot 3"/>
      <slot id="4" name="Slot 4"/>
      <slot id="5" name="Slot 5"/>
      <slot id="6" name="Slot 6"/>
      <slot id="7" name="Slot 7"/>
      <slot id="8" name="Slot 8"/>
      <slot id="9" name="Slot 9"/>
      <slot id="10" name="Slot 10"/>
      <slot id="11" name="Slot 11"/>
      <slot id="12" name="Slot 12"/>
      <slot id="13" name="Slot 13"/>
      <slot id="14" name="Slot 14"/>
      <slot id="15" name="Slot 15"/>
      <slot id="16" name="Slot 16"/>
      <slot id="17" name="Slot 17"/>
      <slot id="18" name="Slot 18"/>
      <slot id="19" name="Slot 19"/>
      <slot id="20" name="Slot 20"/>
      <slot id="21" name="Slot 21"/>
      <slot id="22" name="Slot 22"/>
      <slot id="23" name="Slot 23"/>
      <slot id="24" name="Slot 24"/>
      <slot id="25" name="Slot 25"/>
      <slot id="26" name="Slot 26"/>
      <slot id="27" name="Slot 27"/>
      <slot id="28" name="Slot 28"/>
      <slot id="29" name="Slot 29"/>
      <slot id="30" name="Slot 30"/>
      <slot id="31" name="Slot 31"/>
      <slot id="32" name="Slot 32"/>
      <slot id="33" name="Slot 33"/>
      <slot id="34" name="Slot 34"/>
      <slot id="35" name="Slot 35"/>
      <slot id="36" name="Slot 36"/>
      <slot id="37" name="Slot 37"/>
    </Slots>
  </Resources>
  <Constraints>
    <BasicConstraints/>
    <CapacityConstraints>
      <CA1 max="2" min="0" mode="A" penalty="1" slots="8;37;9;19" teams="4" type="HARD"/>
      <CA1 max="1" min="0" mode="A" penalty="1" slots="23;14;33;5" teams="9" type="HARD"/>
      <CA1 max="1" min="0" mode="H" penalty="1" slots="3;36;12" teams="4" type="HARD"/>
      <CA1 max="1" min="0" mode="A" penalty="1" slots="21;30" teams="19" type="HARD"/>
      <CA1 max="0" min="0" mode="H" penalty="1" slots="22" teams="7" type="HARD"/>
      <CA1 max="0" min="0" mode="H" penalty="1" slots="4" teams="16" type="HARD"/>
      <CA1 max="2" min="0" mode="A" penalty="1" slots="18;16;12;5" teams="8" type="HARD"/>
      <CA1 max="0" min="0" mode="H" penalty="1" slots="10" teams="11" type="HARD"/>
      <CA1 max="2" min="0" mode="A" penalty="1" slots="27;33;2;6" teams="16" type="HARD"/>
      <CA1 max="1" min="0" mode="H" penalty="1" slots="31;26;6" teams="6" type="HARD"/>
      <CA1 max="2" min="0" mode="A" penalty="1" slots="20;16;33;25" teams="8" type="HARD"/>
      <CA1 max="2" min="0" mode="A" penalty="1" slots="35;7;5;6" teams="14" type="HARD"/>
      <CA1 max="2" min="0" mode="A" penalty="1" slots="18;15;36;32" teams="13" type="HARD"/>
      <CA1 max="2" min="0" mode="A" penalty="1" slots="11;17;7;22" teams="11" type="HARD"/>
      <CA1 max="1" min="0" mode="A" penalty="1" slots="11;17;25;6" teams="10" type="HARD"/>
      <CA1 max="0" min="0" mode="A" penalty="1" slots="11" teams="5" type="HARD"/>
      <CA1 max="1" min="0" mode="A" penalty="1" slots="4;24" teams="18" type="HARD"/>
      <CA1 max="1" min="0" mode="H" penalty="1" slots="23;28" teams="0" type="HARD"/>
      <CA1 max="1" min="0" mode="H" penalty="1" slots="0;10;2" teams="4" type="HARD"/>
      <CA1 max="1" min="0" mode="A" penalty="1" slots="21;35" teams="9" type="HARD"/>
      <CA1 max="1" min="0" mode="A" penalty="1" slots="23;32;5" teams="14" type="HARD"/>
      <CA1 max="1" min="0" mode="H" penalty="1" slots="8;37;29;9" teams="2" type="HARD"/>
      <CA1 max="1" min="0" mode="A" penalty="1" slots="10;19" teams="9" type="HARD"/>
      <CA1 max="1" min="0" mode="A" penalty="1" slots="20;30;36" teams="9" type="HARD"/>
      <CA1 max="1" min="0" mode="A" penalty="1" slots="1;26" teams="0" type="HARD"/>
      <CA1 max="0" min="0" mode="H" penalty="1" slots="36" teams="4" type="HARD"/>
      <CA1 max="1" min="0" mode="A" penalty="1" slots="17;10" teams="9" type="HARD"/>
      <CA1 max="1" min="0" mode="A" penalty="1" slots="31;37;30;15" teams="10" type="HARD"/>
      <CA1 max="2" min="0" mode="A" penalty="1" slots="16;36;7;28" teams="0" type="HARD"/>
      <CA1 max="0" min="0" mode="H" penalty="1" slots="6" teams="1" type="HARD"/>
      <CA1 max="1" min="0" mode="A" penalty="1" slots="11;25" teams="1" type="HARD"/>
      <CA1 max="0" min="0" mode="H" penalty="1" slots="20" teams="13" type="HARD"/>
      <CA1 max="1" min="0" mode="A" penalty="1" slots="35;23" teams="4" type="HARD"/>
      <CA1 max="0" min="0" mode="A" penalty="1" slots="25" teams="17" type="HARD"/>
      <CA1 max="1" min="0" mode="A" penalty="1" slots="14;15;19" teams="18" type="HARD"/>
      <CA1 max="0" min="0" mode="A" penalty="1" slots="19" teams="6" type="HARD"/>
      <CA1 max="1" min="0" mode="A" penalty="1" slots="23;16" teams="16" type="HARD"/>
      <CA2 max="0" min="0" mode1="H" mode2="GLOBAL" penalty="1" slots="15" teams1="6" teams2="18" type="HARD"/>
      <CA2 max="0" min="0" mode1="H" mode2="GLOBAL" penalty="1" slots="20" teams1="12" teams2="19" type="HARD"/>
      <CA2 max="0" min="0" mode1="H" mode2="GLOBAL" penalty="1" slots="26" teams1="15" teams2="3" type="HARD"/>
      <CA2 max="1" min="0" mode1="HA" mode2="GLOBAL" penalty="1" slots="8;21;37;12;34" teams1="10" teams2="0;1;4;17;13" type="HARD"/>
      <CA2 max="0" min="0" mode1="A" mode2="GLOBAL" penalty="1" slots="18" teams1="14" teams2="8" type="HARD"/>
      <CA2 max="0" min="0" mode1="A" mode2="GLOBAL" penalty="1" slots="12" teams1="1" teams2="6" type="HARD"/>
      <CA2 max="0" min="0" mode1="A" mode2="GLOBAL" penalty="1" slots="34" teams1="5" teams2="19" type="HARD"/>
      <CA2 max="0" min="0" mode1="H" mode2="GLOBAL" penalty="1" slots="17" teams1="18" teams2="5" type="HARD"/>
      <CA2 max="1" min="0" mode1="HA" mode2="GLOBAL" penalty="1" slots="31;20;37;18;26" teams1="3" teams2="0;16;15;17;2" type="HARD"/>
      <CA2 max="1" min="0" mode1="HA" mode2="GLOBAL" penalty="1" slots="27;21;37;22" teams1="4" teams2="7;17;13;14" type="HARD"/>
      <CA2 max="0" min="0" mode1="H" mode2="GLOBAL" penalty="1" slots="5" teams1="10" teams2="11" type="HARD"/>
      <CA2 max="1" min="0" mode1="HA" mode2="GLOBAL" penalty="1" slots="31;30;9;34" teams1="9" teams2="8;12;7;2" type="HARD"/>
      <CA2 max="0" min="0" mode1="H" mode2="GLOBAL" penalty="1" slots="21" teams1="8" teams2="15" type="HARD"/>
      <CA2 max="0" min="0" mode1="H" mode2="GLOBAL" penalty="1" slots="19" teams1="1" teams2="11" type="HARD"/>
      <CA2 max="0" min="0" mode1="A" mode2="GLOBAL" penalty="1" slots="8" teams1="18" teams2="2" type="HARD"/>
      <CA2 max="0" min="0" mode1="A" mode2="GLOBAL" penalty="1" slots="24" teams1="19" teams2="3" type="HARD"/>
      <CA2 max="2" min="0" mode1="HA" mode2="GLOBAL" penalty="1" slots="31;35;0;10;28;2" teams1="2" teams2="0;6;9;12;13;5" type="HARD"/>
      <CA2 max="2" min="0" mode1="HA" mode2="GLOBAL" penalty="1" slots="31;4;8;29;9;26" teams1="8" teams2="0;18;12;10;17;3" type="HARD"/>
      <CA2 max="1" min="0" mode1="HA" mode2="GLOBAL" penalty="1" slots="1;20;29;19" teams1="7" teams2="11;10;13;14" type="HARD"/>
      <CA2 max="1" min="0" mode1="HA" mode2="GLOBAL" penalty="1" slots="31;35;15;25;32" teams1="8" teams2="1;4;12;13;5" type="HARD"/>
      <CA2 max="0" min="0" mode1="H" mode2="GLOBAL" penalty="1" slots="0" teams1="9" teams2="5" type="HARD"/>
      <CA2 max="0" min="0" mode1="A" mode2="GLOBAL" penalty="1" slots="33" teams1="15" teams2="17" type="HARD"/>
      <CA2 max="0" min="0" mode1="H" mode2="GLOBAL" penalty="1" slots="26" teams1="3" teams2="14" type="HARD"/>
      <CA2 max="0" min="0" mode1="H" mode2="GLOBAL" penalty="1" slots="33" teams1="1" teams2="11" type="HARD"/>
      <CA2 max="1" min="0" mode1="HA" mode2="GLOBAL" penalty="1" slots="35;7;34;2" teams1="1" teams2="4;19;11;5" type="HARD"/>
      <CA2 max="0" min="0" mode1="A" mode2="GLOBAL" penalty="1" slots="20" teams1="9" teams2="4" type="HARD"/>
      <CA2 max="0" min="0" mode1="A" mode2="GLOBAL" penalty="1" slots="1" teams1="12" teams2="14" type="HARD"/>
      <CA2 max="0" min="0" mode1="H" mode2="GLOBAL" penalty="1" slots="36" teams1="12" teams2="16" type="HARD"/>
      <CA2 max="0" min="0" mode1="H" mode2="GLOBAL" penalty="1" slots="34" teams1="3" teams2="19" type="HARD"/>
      <CA2 max="2" min="0" mode1="HA" mode2="GLOBAL" penalty="1" slots="13;35;14;16;19;22" teams1="11" teams2="1;6;15;10;3;13" type="HARD"/>
      <CA2 max="1" min="0" mode1="HA" mode2="GLOBAL" penalty="1" slots="13;33;7;10;19" teams1="14" teams2="1;18;11;12;17" type="HARD"/>
      <CA2 max="1" min="0" mode1="HA" mode2="GLOBAL" penalty="1" slots="3;24;30;9;6" teams1="13" teams2="0;1;16;11;15" type="HARD"/>
      <CA2 max="1" min="0" mode1="HA" mode2="GLOBAL" penalty="1" slots="0;17;28;6" teams1="17" teams2="1;16;7;2" type="HARD"/>
      <CA2 max="0" min="0" mode1="A" mode2="GLOBAL" penalty="1" slots="35" teams1="16" teams2="2" type="HARD"/>
      <CA2 max="0" min="0" mode1="A" mode2="GLOBAL" penalty="1" slots="1" teams1="12" teams2="3" type="HARD"/>
      <CA2 max="1" min="0" mode1="HA" mode2="GLOBAL" penalty="1" slots="13;21;34;10;19" teams1="16" teams2="8;0;4;18;2" type="HARD"/>
      <CA2 max="0" min="0" mode1="H" mode2="GLOBAL" penalty="1" slots="35" teams1="4" teams2="7" type="HARD"/>
      <CA2 max="0" min="0" mode1="H" mode2="GLOBAL" penalty="1" slots="14" teams1="16" teams2="6" type="HARD"/>
      <CA2 max="0" min="0" mode1="H" mode2="GLOBAL" penalty="1" slots="23" teams1="19" teams2="9" type="HARD"/>
      <CA2 max="1" min="0" mode1="HA" mode2="GLOBAL" penalty="1" slots="20;35;23;30" teams1="14" teams2="8;6;2;5" type="HARD"/>
      <CA2 max="0" min="0" mode1="A" mode2="GLOBAL" penalty="1" slots="4" teams1="14" teams2="18" type="HARD"/>
      <CA2 max="1" min="0" mode1="HA" mode2="GLOBAL" penalty="1" slots="8;23;29;28;2" teams1="4" teams2="9;7;3;14;2" type="HARD"/>
      <CA2 max="1" min="0" mode1="HA" mode2="GLOBAL" penalty="1" slots="13;37;34;19;2" teams1="9" teams2="6;16;12;14;2" type="HARD"/>
      <CA2 max="0" min="0" mode1="A" mode2="GLOBAL" penalty="1" slots="1" teams1="14" teams2="17" type="HARD"/>
      <CA2 max="1" min="0" mode1="HA" mode2="GLOBAL" penalty="1" slots="20;37;15;5" teams1="19" teams2="9;7;17;5" type="HARD"/>
      <CA2 max="0" min="0" mode1="A" mode2="GLOBAL" penalty="1" slots="21" teams1="1" teams2="18" type="HARD"/>
      <CA2 max="0" min="0" mode1="H" mode2="GLOBAL" penalty="1" slots="15" teams1="7" teams2="0" type="HARD"/>
      <CA2 max="0" min="0" mode1="A" mode2="GLOBAL" penalty="1" slots="15" teams1="13" teams2="2" type="HARD"/>
      <CA2 max="0" min="0" mode1="A" mode2="GLOBAL" penalty="1" slots="25" teams1="6" teams2="11" type="HARD"/>
      <CA2 max="0" min="0" mode1="A" mode2="GLOBAL" penalty="1" slots="8" teams1="17" teams2="4" type="HARD"/>
      <CA2 max="2" min="0" mode1="HA" mode2="GLOBAL" penalty="1" slots="35;18;14;30;15;10" teams1="3" teams2="11;9;10;17;13;2" type="HARD"/>
      <CA2 max="2" min="0" mode1="HA" mode2="GLOBAL" penalty="1" slots="13;3;18;14;15;16" teams1="10" teams2="8;4;16;9;7;5" type="HARD"/>
      <CA2 max="0" min="0" mode1="H" mode2="GLOBAL" penalty="1" slots="27" teams1="15" teams2="13" type="HARD"/>
      <CA2 max="2" min="0" mode1="HA" mode2="GLOBAL" penalty="1" slots="23;24;30;16;29;28" teams1="14" teams2="1;6;11;9;7;3" type="HARD"/>
      <CA2 max="0" min="0" mode1="H" mode2="GLOBAL" penalty="1" slots="8" teams1="13" teams2="6" type="HARD"/>
      <CA2 max="0" min="0" mode1="H" mode2="GLOBAL" penalty="1" slots="27" teams1="11" teams2="14" type="HARD"/>
      <CA2 max="0" min="0" mode1="A" mode2="GLOBAL" penalty="1" slots="29" teams1="19" teams2="2" type="HARD"/>
      <CA2 max="1" min="0" mode1="HA" mode2="GLOBAL" penalty="1" slots="3;12;34;10" teams1="7" teams2="8;0;19;11" type="HARD"/>
      <CA2 max="0" min="0" mode1="H" mode2="GLOBAL" penalty="1" slots="10" teams1="0" teams2="1" type="HARD"/>
      <CA2 max="0" min="0" mode1="A" mode2="GLOBAL" penalty="1" slots="30" teams1="18" teams2="13" type="HARD"/>
      <CA2 max="0" min="0" mode1="A" mode2="GLOBAL" penalty="1" slots="31" teams1="4" teams2="0" type="HARD"/>
      <CA2 max="0" min="0" mode1="H" mode2="GLOBAL" penalty="1" slots="1" teams1="12" teams2="9" type="HARD"/>
      <CA2 max="0" min="0" mode1="H" mode2="GLOBAL" penalty="1" slots="32" teams1="0" teams2="10" type="HARD"/>
      <CA2 max="0" min="0" mode1="A" mode2="GLOBAL" penalty="1" slots="36" teams1="12" teams2="9" type="HARD"/>
      <CA2 max="0" min="0" mode1="H" mode2="GLOBAL" penalty="1" slots="24" teams1="17" teams2="8" type="HARD"/>
      <CA2 max="0" min="0" mode1="A" mode2="GLOBAL" penalty="1" slots="24" teams1="14" teams2="18" type="HARD"/>
      <CA2 max="0" min="0" mode1="A" mode2="GLOBAL" penalty="1" slots="15" teams1="8" teams2="2" type="HARD"/>
      <CA2 max="0" min="0" mode1="H" mode2="GLOBAL" penalty="1" slots="29" teams1="2" teams2="19" type="HARD"/>
      <CA2 max="0" min="0" mode1="A" mode2="GLOBAL" penalty="1" slots="14" teams1="17" teams2="6" type="HARD"/>
      <CA2 max="1" min="0" mode1="HA" mode2="GLOBAL" penalty="1" slots="29;25;34;10;28" teams1="14" teams2="8;4;15;17;13" type="HARD"/>
      <CA2 max="0" min="0" mode1="A" mode2="GLOBAL" penalty="1" slots="18" teams1="2" teams2="3" type="HARD"/>
      <CA2 max="0" min="0" mode1="H" mode2="GLOBAL" penalty="1" slots="24" teams1="18" teams2="1" type="HARD"/>
      <CA3 intp="3" max="2" min="0" mode1="H" mode2="SLOTS" penalty="1" teams1="8;0;1;6;4;16;18;19;11;9;12;7;15;10;17;3;13;14;2;5" teams2="8;0;1;6;4;16;18;19;11;9;12;7;15;10;17;3;13;14;2;5" type="HARD"/>
      <CA3 intp="3" max="2" min="0" mode1="A" mode2="SLOTS" penalty="1" teams1="8;0;1;6;4;16;18;19;11;9;12;7;15;10;17;3;13;14;2;5" teams2="8;0;1;6;4;16;18;19;11;9;12;7;15;10;17;3;13;14;2;5" type="HARD"/>
      <CA3 intp="4" max="2" min="0" mode1="HA" mode2="SLOTS" penalty="5" teams1="15" teams2="6;11;9;17;3;2" type="SOFT"/>
      <CA3 intp="4" max="2" min="0" mode1="HA" mode2="SLOTS" penalty="5" teams1="15" teams2="8;19;11;10;3;2" type="SOFT"/>
      <CA3 intp="4" max="2" min="0" mode1="H" mode2="SLOTS" penalty="5" teams1="16" teams2="0;6;19;9;7;5" type="SOFT"/>
      <CA3 intp="4" max="2" min="0" mode1="HA" mode2="SLOTS" penalty="5" teams1="0" teams2="1;6;16;19;9;14" type="SOFT"/>
      <CA3 intp="4" max="2" min="0" mode1="H" mode2="SLOTS" penalty="5" teams1="7" teams2="6;4;16;10;13;2;5" type="SOFT"/>
      <CA3 intp="4" max="2" min="0" mode1="HA" mode2="SLOTS" penalty="5" teams1="15" teams2="4;11;10;13;2" type="SOFT"/>
      <CA3 intp="4" max="2" min="0" mode1="A" mode2="SLOTS" penalty="5" teams1="2" teams2="0;1;16;15;17;13" type="SOFT"/>
      <CA3 intp="4" max="2" min="0" mode1="HA" mode2="SLOTS" penalty="5" teams1="6" teams2="8;4;12;15;13;2" type="SOFT"/>
      <CA3 intp="4" max="2" min="0" mode1="A" mode2="SLOTS" penalty="5" teams1="14" teams2="1;16;19;10;3;13;5" type="SOFT"/>
      <CA3 intp="4" max="2" min="0" mode1="H" mode2="SLOTS" penalty="5" teams1="7" teams2="8;11;12;14;2" type="SOFT"/>
      <CA3 intp="4" max="2" min="0" mode1="H" mode2="SLOTS" penalty="5" teams1="8" teams2="0;6;4;19;15;14" type="SOFT"/>
      <CA3 intp="4" max="2" min="0" mode1="HA" mode2="SLOTS" penalty="5" teams1="3" teams2="16;18;10;17;2" type="SOFT"/>
      <CA3 intp="4" max="2" min="0" mode1="HA" mode2="SLOTS" penalty="5" teams1="7" teams2="0;19;12;10;3;13" type="SOFT"/>
      <CA3 intp="4" max="2" min="0" mode1="H" mode2="SLOTS" penalty="5" teams1="16" teams2="8;0;7;15;14" type="SOFT"/>
      <CA3 intp="4" max="2" min="0" mode1="H" mode2="SLOTS" penalty="5" teams1="15" teams2="8;16;11;9;14" type="SOFT"/>
      <CA3 intp="4" max="2" min="0" mode1="H" mode2="SLOTS" penalty="5" teams1="19" teams2="6;4;12;15;3;13" type="SOFT"/>
      <CA3 intp="4" max="2" min="0" mode1="HA" mode2="SLOTS" penalty="5" teams1="8" teams2="6;16;19;12;10" type="SOFT"/>
      <CA3 intp="4" max="2" min="0" mode1="H" mode2="SLOTS" penalty="5" teams1="13" teams2="6;19;12;15;2;5" type="SOFT"/>
      <CA3 intp="4" max="2" min="0" mode1="A" mode2="SLOTS" penalty="5" teams1="2" teams2="8;1;11;7;10;17" type="SOFT"/>
      <CA3 intp="4" max="2" min="0" mode1="H" mode2="SLOTS" penalty="5" teams1="6" teams2="8;1;10;13;14;5" type="SOFT"/>
      <CA4 max="2" min="0" mode1="H" mode2="GLOBAL" penalty="1" slots="1;3;14;7;10;6" teams1="6;4;19;9;15;2" teams2="6;4;19;9;15;2" type="HARD"/>
      <CA4 max="2" min="0" mode1="H" mode2="GLOBAL" penalty="1" slots="0;5;2;6" teams1="4;11;9;5" teams2="4;11;9;5" type="HARD"/>
      <CA4 max="1" min="0" mode1="H" mode2="EVERY" penalty="1" slots="25" teams1="0;1" teams2="8;0;1;6;4;16;18;19;11;9;12;7;15;10;17;3;13;14;2;5" type="HARD"/>
      <CA4 max="2" min="0" mode1="H" mode2="GLOBAL" penalty="1" slots="4;1;3;0;5" teams1="8;11;9;7;14" teams2="8;11;9;7;14" type="HARD"/>
      <CA4 max="2" min="0" mode1="H" mode2="GLOBAL" penalty="1" slots="4;11;0;5;6" teams1="8;9;12;7;5" teams2="8;9;12;7;5" type="HARD"/>
      <CA4 max="1" min="0" mode1="H" mode2="EVERY" penalty="1" slots="26" teams1="9;10" teams2="8;0;1;6;4;16;18;19;11;9;12;7;15;10;17;3;13;14;2;5" type="HARD"/>
      <CA4 max="2" min="0" mode1="H" mode2="GLOBAL" penalty="1" slots="4;0;7;10;6" teams1="0;1;18;3;13" teams2="0;1;18;3;13" type="HARD"/>
      <CA4 max="2" min="0" mode1="H" mode2="GLOBAL" penalty="1" slots="1;0;10;5;2" teams1="0;19;12;7;14" teams2="0;19;12;7;14" type="HARD"/>
      <CA4 max="2" min="0" mode1="H" mode2="GLOBAL" penalty="1" slots="4;7;10;5;2" teams1="8;6;4;15;5" teams2="8;6;4;15;5" type="HARD"/>
      <CA4 max="2" min="0" mode1="H" mode2="GLOBAL" penalty="1" slots="1;3;0;2" teams1="0;1;12;15" teams2="0;1;12;15" type="HARD"/>
      <CA4 max="2" min="0" mode1="H" mode2="GLOBAL" penalty="1" slots="14;15;0;10;5;6" teams1="1;6;18;10;17;14" teams2="1;6;18;10;17;14" type="HARD"/>
      <CA4 max="2" min="0" mode1="H" mode2="GLOBAL" penalty="1" slots="4;8;3;10;6" teams1="6;12;7;15;13" teams2="6;12;7;15;13" type="HARD"/>
      <CA4 max="2" min="0" mode1="H" mode2="GLOBAL" penalty="1" slots="3;0;7;5;6" teams1="1;18;9;7;3" teams2="1;18;9;7;3" type="HARD"/>
      <CA4 max="2" min="0" mode1="H" mode2="GLOBAL" penalty="1" slots="4;8;0;7;2" teams1="1;9;12;7;2" teams2="1;9;12;7;2" type="HARD"/>
      <CA4 max="2" min="0" mode1="H" mode2="GLOBAL" penalty="1" slots="0;7;12;10;5" teams1="1;10;3;13;14" teams2="1;10;3;13;14" type="HARD"/>
      <CA4 max="1" min="0" mode1="H" mode2="EVERY" penalty="1" slots="12" teams1="8;13" teams2="8;0;1;6;4;16;18;19;11;9;12;7;15;10;17;3;13;14;2;5" type="HARD"/>
      <CA4 max="2" min="0" mode1="H" mode2="GLOBAL" penalty="1" slots="8;18;14;0;5;2" teams1="16;19;12;7;15;5" teams2="16;19;12;7;15;5" type="HARD"/>
      <CA4 max="2" min="0" mode1="H" mode2="GLOBAL" penalty="1" slots="18;14;15;0;17;6" teams1="1;18;17;3;13;14" teams2="1;18;17;3;13;14" type="HARD"/>
      <CA4 max="2" min="0" mode1="H" mode2="GLOBAL" penalty="1" slots="4;1;3;0" teams1="7;17;13;2" teams2="7;17;13;2" type="HARD"/>
      <CA4 max="2" min="0" mode1="H" mode2="GLOBAL" penalty="1" slots="3;14;11;0;12;5" teams1="8;6;19;10;17;13" teams2="8;6;19;10;17;13" type="HARD"/>
      <CA4 max="1" min="0" mode1="H" mode2="EVERY" penalty="1" slots="1" teams1="11;7" teams2="8;0;1;6;4;16;18;19;11;9;12;7;15;10;17;3;13;14;2;5" type="HARD"/>
      <CA4 max="2" min="0" mode1="H" mode2="GLOBAL" penalty="1" slots="3;0;7;2;6" teams1="1;6;16;10;14" teams2="1;6;16;10;14" type="HARD"/>
      <CA4 max="2" min="0" mode1="H" mode2="GLOBAL" penalty="1" slots="1;3;0;2;6" teams1="4;9;7;3;14" teams2="4;9;7;3;14" type="HARD"/>
      <CA4 max="2" min="0" mode1="H" mode2="GLOBAL" penalty="1" slots="4;1;3;7;6" teams1="6;11;12;3;14" teams2="6;11;12;3;14" type="HARD"/>
      <CA4 max="2" min="0" mode1="H" mode2="GLOBAL" penalty="1" slots="1;3;0;2" teams1="0;1;18;13" teams2="0;1;18;13" type="HARD"/>
      <CA4 max="1" min="0" mode1="H" mode2="EVERY" penalty="1" slots="31" teams1="8;9" teams2="8;0;1;6;4;16;18;19;11;9;12;7;15;10;17;3;13;14;2;5" type="HARD"/>
      <CA4 max="2" min="0" mode1="H" mode2="GLOBAL" penalty="1" slots="4;1;3;6" teams1="4;7;10;13" teams2="4;7;10;13" type="HARD"/>
      <CA4 max="2" min="0" mode1="H" mode2="GLOBAL" penalty="1" slots="4;1;0;2;6" teams1="19;9;10;2;5" teams2="19;9;10;2;5" type="HARD"/>
      <CA4 max="2" min="0" mode1="H" mode2="GLOBAL" penalty="1" slots="4;8;3;7;5" teams1="8;1;6;4;3" teams2="8;1;6;4;3" type="HARD"/>
      <CA4 max="1" min="0" mode1="H" mode2="EVERY" penalty="1" slots="16" teams1="11;13" teams2="8;0;1;6;4;16;18;19;11;9;12;7;15;10;17;3;13;14;2;5" type="HARD"/>
      <CA4 max="2" min="0" mode1="H" mode2="GLOBAL" penalty="1" slots="4;8;1;0;5" teams1="0;1;16;18;11" teams2="0;1;16;18;11" type="HARD"/>
    </CapacityConstraints>
    <GameConstraints>
      <GA1 max="0" meetings="13,8;" min="0" penalty="1" slots="9" type="HARD"/>
      <GA1 max="1" meetings="0,3;0,18;14,4;" min="0" penalty="1" slots="16;29;28" type="HARD"/>
      <GA1 max="3" meetings="18,6;18,17;19,10;" min="2" penalty="1" slots="33;22;28" type="HARD"/>
      <GA1 max="1" meetings="7,4;7,17;13,3;" min="0" penalty="1" slots="16;17;22" type="HARD"/>
      <GA1 max="0" meetings="2,12;" min="0" penalty="1" slots="23" type="HARD"/>
      <GA1 max="0" meetings="15,12;" min="0" penalty="1" slots="3" type="HARD"/>
      <GA1 max="1" meetings="10,17;" min="1" penalty="1" slots="2" type="HARD"/>
      <GA1 max="0" meetings="13,0;" min="0" penalty="1" slots="37" type="HARD"/>
      <GA1 max="2" meetings="14,16;17,9;" min="1" penalty="1" slots="4;34" type="HARD"/>
      <GA1 max="4" meetings="1,5;5,0;8,11;19,1;" min="2" penalty="1" slots="18;29;28" type="HARD"/>
      <GA1 max="4" meetings="1,7;3,12;17,14;18,9;" min="2" penalty="1" slots="27;21;24;18" type="HARD"/>
      <GA1 max="2" meetings="1,15;8,0;10,2;10,17;" min="0" penalty="1" slots="4;3;19;5" type="HARD"/>
      <GA1 max="1" meetings="12,14;" min="1" penalty="1" slots="24" type="HARD"/>
      <GA1 max="0" meetings="16,12;" min="0" penalty="1" slots="30" type="HARD"/>
      <GA1 max="1" meetings="10,12;" min="1" penalty="1" slots="37" type="HARD"/>
      <GA1 max="2" meetings="10,15;17,2;" min="1" penalty="1" slots="9" type="HARD"/>
      <GA1 max="1" meetings="4,11;" min="1" penalty="1" slots="4" type="HARD"/>
      <GA1 max="0" meetings="9,8;" min="0" penalty="1" slots="31;1;30;34" type="SOFT"/>
    </GameConstraints>
    <BreakConstraints>
      <BR1 intp="1" mode1="LEQ" mode2="HA" penalty="1" slots="1;11;30" teams="17" type="HARD"/>
      <BR1 intp="2" mode1="LEQ" mode2="HA" penalty="1" slots="3;20;24;18;16;34" teams="13" type="HARD"/>
      <BR1 intp="2" mode1="LEQ" mode2="HA" penalty="1" slots="31;3;18;12;32;19" teams="12" type="HARD"/>
      <BR1 intp="0" mode1="LEQ" mode2="HA" penalty="1" slots="8" teams="0" type="HARD"/>
      <BR1 intp="1" mode1="LEQ" mode2="HA" penalty="1" slots="21;18;6" teams="1" type="HARD"/>
      <BR1 intp="0" mode1="LEQ" mode2="HA" penalty="1" slots="10" teams="13" type="HARD"/>
      <BR1 intp="0" mode1="LEQ" mode2="HA" penalty="1" slots="34" teams="1" type="HARD"/>
      <BR1 intp="0" mode1="LEQ" mode2="HA" penalty="1" slots="8" teams="0" type="HARD"/>
      <BR1 intp="1" mode1="LEQ" mode2="HA" penalty="1" slots="21;23;28" teams="3" type="HARD"/>
      <BR1 intp="0" mode1="LEQ" mode2="HA" penalty="1" slots="3" teams="10" type="HARD"/>
      <BR1 intp="2" mode1="LEQ" mode2="HA" penalty="1" slots="24;0;7;25;22;26" teams="8" type="HARD"/>
      <BR1 intp="0" mode1="LEQ" mode2="HA" penalty="1" slots="14" teams="12" type="HARD"/>
      <BR1 intp="2" mode1="LEQ" mode2="HA" penalty="1" slots="31;1;17;9;26;28" teams="4" type="HARD"/>
      <BR1 intp="1" mode1="LEQ" mode2="HA" penalty="1" slots="9;19;5" teams="0" type="HARD"/>
      <BR1 intp="1" mode1="LEQ" mode2="HA" penalty="1" slots="29;33;25" teams="7" type="HARD"/>
      <BR1 intp="2" mode1="LEQ" mode2="HA" penalty="1" slots="31;13;24;18;36;10" teams="7" type="HARD"/>
      <BR1 intp="1" mode1="LEQ" mode2="HA" penalty="1" slots="13;0;22" teams="8" type="HARD"/>
      <BR1 intp="2" mode1="LEQ" mode2="HA" penalty="1" slots="20;0;10;22;5;2" teams="7" type="HARD"/>
      <BR1 intp="2" mode1="LEQ" mode2="HA" penalty="1" slots="18;17;36;9;33;26" teams="13" type="HARD"/>
      <BR1 intp="1" mode1="LEQ" mode2="HA" penalty="1" slots="34;32;2" teams="2" type="HARD"/>
      <BR1 intp="2" mode1="LEQ" mode2="HA" penalty="5" slots="23;30;16;36;33;6" teams="5" type="SOFT"/>
      <BR1 intp="2" mode1="LEQ" mode2="HA" penalty="5" slots="4;30;36;33;7;12" teams="17" type="SOFT"/>
      <BR1 intp="0" mode1="LEQ" mode2="HA" penalty="5" slots="24" teams="19" type="SOFT"/>
      <BR1 intp="0" mode1="LEQ" mode2="HA" penalty="5" slots="1" teams="14" type="SOFT"/>
      <BR1 intp="0" mode1="LEQ" mode2="HA" penalty="5" slots="2" teams="18" type="SOFT"/>
      <BR1 intp="2" mode1="LEQ" mode2="HA" penalty="5" slots="1;21;35;10;22;28" teams="7" type="SOFT"/>
      <BR1 intp="0" mode1="LEQ" mode2="HA" penalty="5" slots="16" teams="12" type="SOFT"/>
      <BR1 intp="0" mode1="LEQ" mode2="HA" penalty="5" slots="25" teams="18" type="SOFT"/>
      <BR1 intp="1" mode1="LEQ" mode2="HA" penalty="5" slots="35;30;29" teams="2" type="SOFT"/>
      <BR1 intp="1" mode1="LEQ" mode2="HA" penalty="5" slots="30;16;32" teams="3" type="SOFT"/>
      <BR1 intp="1" mode1="LEQ" mode2="HA" penalty="5" slots="27;20;15" teams="19" type="SOFT"/>
      <BR1 intp="2" mode1="LEQ" mode2="HA" penalty="5" slots="31;4;1;25;32;22" teams="1" type="SOFT"/>
      <BR1 intp="0" mode1="LEQ" mode2="HA" penalty="5" slots="18" teams="3" type="SOFT"/>
      <BR2 intp="18" homeMode="HA" mode2="LEQ" penalty="10" slots="31;4;13;8;1;3;27;21;20;35;23;37;24;18;14;11;30;15;0;16;17;29;36;9;33;7;12;25;34;10;32;19;22;5;26;28;2;6" teams="8;0;1;6;4;16;18;19;11;9;12;7;15;10;17;3;13;14;2;5" type="SOFT"/>
    </BreakConstraints>
    <FairnessConstraints/>
    <SeparationConstraints/>
  </Constraints>
</Instance>
