<?xml version="1.0" encoding="UTF-8"?>
<Instance>
  <MetaData>
    <InstanceName>Early 3</InstanceName>
    <DataType>A</DataType>
    <Contributor>ITC2021</Contributor>
    <Date year="2020" month="10"/>
  </MetaData>
  <Structure>
    <Format leagueIds="0">
      <numberRoundRobin>2</numberRoundRobin>
      <compactness>C</compactness>
      <gameMode>P</gameMode>
    </Format>
  </Structure>
  <ObjectiveFunction>
    <Objective>SC</Objective>
  </ObjectiveFunction>
  <Resources>
    <Leagues>
      <league id="0" name="League 0"/>
    </Leagues>
    <Teams>
      <team id="0" league="0" name="Team 0"/>
      <team id="1" league="0" name="Team 1"/>
      <team id="2" league="0" name="Team 2"/>
      <team id="3" league="0" name="Team 3"/>
      <team id="4" league="0" name="Team 4"/>
      <team id="5" league="0" name="Team 5"/>
      <team id="6" league="0" name="Team 6"/>
      <team id="7" league="0" name="Team 7"/>
      <team id="8" league="0" name="Team 8"/>
      <team id="9" league="0" name="Team 9"/>
      <team id="10" league="0" name="Team 10"/>
      <team id="11" league="0" name="Team 11"/>
      <team id="12" league="0" name="Team 12"/>
      <team id="13" league="0" name="Team 13"/>
      <team id="14" league="0" name="Team 14"/>
      <team id="15" league="0" name="Team 15"/>
    </Teams>
    <Slots>
      <slot id="0" name="Slot 0"/>
      <slot id="1" name="Slot 1"/>
      <slot id="2" name="Slot 2"/>
      <slot id="3" name="Slot 3"/>
      <slot id="4" name="Slot 4"/>
      <slot id="5" name="Slot 5"/>
      <slot id="6" name="Slot 6"/>
      <slot id="7" name="Slot 7"/>
      <slot id="8" name="Slot 8"/>
      <slot id="9" name="Slot 9"/>
      <slot id="10" name="Slot 10"/>
      <slot id="11" name="Slot 11"/>
      <slot id="12" name="Slot 12"/>
      <slot id="13" name="Slot 13"/>
      <slot id="14" name="Slot 14"/>
      <slot id="15" name="Slot 15"/>
      <slot id="16" name="Slot 16"/>
      <slot id="17" name="Slot 17"/>
      <slot id="18" name="Slot 18"/>
      <slot id="19" name="Slot 19"/>
      <slot id="20" name="Slot 20"/>
      <slot id="21" name="Slot 21"/>
      <slot id="22" name="Slot 22"/>
      <slot id="23" name="Slot 23"/>
      <slot id="24" name="Slot 24"/>
      <slot id="25" name="Slot 25"/>
      <slot id="26" name="Slot 26"/>
      <slot id="27" name="Slot 27"/>
      <slot id="28" name="Slot 28"/>
      <slot id="29" name="Slot 29"/>
    </Slots>
  </Resources>
  <Constraints>
    <BasicConstraints/>
    <CapacityConstraints>
      <CA1 max="1" min="0" mode="A" penalty="1" slots="2;8" teams="0" type="HARD"/>
      <CA1 max="1" min="0" mode="H" penalty="1" slots="25;22;13" teams="13" type="HARD"/>
      <CA1 max="2" min="0" mode="A" penalty="1" slots="12;29;25;26" teams="4" type="HARD"/>
      <CA1 max="1" min="0" mode="H" penalty="1" slots="26;4;16" teams="12" type="HARD"/>
      <CA1 max="1" min="0" mode="A" penalty="1" slots="9;15" teams="11" type="HARD"/>
      <CA1 max="0" min="0" mode="H" penalty="1" slots="23" teams="4" type="HARD"/>
      <CA1 max="0" min="0" mode="H" penalty="1" slots="9" teams="8" type="HARD"/>
      <CA1 max="1" min="0" mode="A" penalty="1" slots="6;16" teams="5" type="HARD"/>
      <CA1 max="0" min="0" mode="H" penalty="1" slots="13" teams="14" type="HARD"/>
      <CA1 max="0" min="0" mode="H" penalty="1" slots="7" teams="5" type="HARD"/>
      <CA1 max="1" min="0" mode="A" penalty="1" slots="10;24" teams="6" type="HARD"/>
      <CA1 max="1" min="0" mode="H" penalty="1" slots="18;17;6" teams="13" type="HARD"/>
      <CA1 max="1" min="0" mode="H" penalty="1" slots="25;26;21;6" teams="1" type="HARD"/>
      <CA1 max="0" min="0" mode="H" penalty="1" slots="6" teams="4" type="HARD"/>
      <CA1 max="2" min="0" mode="A" penalty="1" slots="8;15;4;17" teams="2" type="HARD"/>
      <CA1 max="0" min="0" mode="H" penalty="1" slots="20" teams="11" type="HARD"/>
      <CA1 max="0" min="0" mode="H" penalty="1" slots="13" teams="8" type="HARD"/>
      <CA1 max="1" min="0" mode="H" penalty="1" slots="10;11;16" teams="10" type="HARD"/>
      <CA1 max="1" min="0" mode="A" penalty="1" slots="8;22;23" teams="1" type="HARD"/>
      <CA1 max="1" min="0" mode="A" penalty="1" slots="2;0;25" teams="1" type="HARD"/>
      <CA1 max="1" min="0" mode="A" penalty="1" slots="0;9;13;15" teams="3" type="HARD"/>
      <CA1 max="0" min="0" mode="A" penalty="1" slots="27" teams="10" type="HARD"/>
      <CA1 max="0" min="0" mode="A" penalty="1" slots="27" teams="15" type="HARD"/>
      <CA1 max="1" min="0" mode="H" penalty="1" slots="9;1;23" teams="13" type="HARD"/>
      <CA2 max="2" min="0" mode1="HA" mode2="GLOBAL" penalty="1" slots="18;25;22;1;5;19" teams1="14" teams2="13;6;0;10;8;15" type="HARD"/>
      <CA2 max="0" min="0" mode1="H" mode2="GLOBAL" penalty="1" slots="22" teams1="15" teams2="10" type="HARD"/>
      <CA2 max="0" min="0" mode1="A" mode2="GLOBAL" penalty="1" slots="25" teams1="0" teams2="11" type="HARD"/>
      <CA2 max="1" min="0" mode1="HA" mode2="GLOBAL" penalty="1" slots="12;3;1;6;7" teams1="15" teams2="3;9;14;11;12" type="HARD"/>
      <CA2 max="0" min="0" mode1="A" mode2="GLOBAL" penalty="1" slots="25" teams1="0" teams2="11" type="HARD"/>
      <CA2 max="2" min="0" mode1="HA" mode2="GLOBAL" penalty="1" slots="8;22;3;1;26;5" teams1="14" teams2="13;5;1;3;9;15" type="HARD"/>
      <CA2 max="0" min="0" mode1="A" mode2="GLOBAL" penalty="1" slots="8" teams1="2" teams2="3" type="HARD"/>
      <CA2 max="0" min="0" mode1="A" mode2="GLOBAL" penalty="1" slots="0" teams1="10" teams2="12" type="HARD"/>
      <CA2 max="0" min="0" mode1="H" mode2="GLOBAL" penalty="1" slots="8" teams1="7" teams2="3" type="HARD"/>
      <CA2 max="0" min="0" mode1="H" mode2="GLOBAL" penalty="1" slots="9" teams1="15" teams2="3" type="HARD"/>
      <CA2 max="0" min="0" mode1="A" mode2="GLOBAL" penalty="1" slots="20" teams1="13" teams2="1" type="HARD"/>
      <CA2 max="0" min="0" mode1="A" mode2="GLOBAL" penalty="1" slots="12" teams1="14" teams2="15" type="HARD"/>
      <CA2 max="1" min="0" mode1="HA" mode2="GLOBAL" penalty="1" slots="2;14;1;5" teams1="5" teams2="9;10;11;15" type="HARD"/>
      <CA2 max="0" min="0" mode1="H" mode2="GLOBAL" penalty="1" slots="18" teams1="5" teams2="4" type="HARD"/>
      <CA2 max="0" min="0" mode1="A" mode2="GLOBAL" penalty="1" slots="16" teams1="14" teams2="7" type="HARD"/>
      <CA2 max="1" min="0" mode1="HA" mode2="GLOBAL" penalty="1" slots="24;22;20;19;16" teams1="1" teams2="5;4;8;11;15" type="HARD"/>
      <CA2 max="0" min="0" mode1="A" mode2="GLOBAL" penalty="1" slots="22" teams1="3" teams2="0" type="HARD"/>
      <CA2 max="0" min="0" mode1="H" mode2="GLOBAL" penalty="1" slots="17" teams1="5" teams2="8" type="HARD"/>
      <CA2 max="0" min="0" mode1="A" mode2="GLOBAL" penalty="1" slots="10" teams1="14" teams2="3" type="HARD"/>
      <CA2 max="0" min="0" mode1="A" mode2="GLOBAL" penalty="1" slots="24" teams1="7" teams2="0" type="HARD"/>
      <CA2 max="0" min="0" mode1="A" mode2="GLOBAL" penalty="1" slots="22" teams1="1" teams2="11" type="HARD"/>
      <CA2 max="1" min="0" mode1="HA" mode2="GLOBAL" penalty="1" slots="8;11;26;16" teams1="15" teams2="1;0;8;11" type="HARD"/>
      <CA2 max="0" min="0" mode1="H" mode2="GLOBAL" penalty="1" slots="17" teams1="0" teams2="14" type="HARD"/>
      <CA2 max="2" min="0" mode1="HA" mode2="GLOBAL" penalty="1" slots="29;26;15;20;21;6" teams1="15" teams2="5;4;6;9;8;12" type="HARD"/>
      <CA2 max="0" min="0" mode1="H" mode2="GLOBAL" penalty="1" slots="27" teams1="11" teams2="13" type="HARD"/>
      <CA2 max="0" min="0" mode1="A" mode2="GLOBAL" penalty="1" slots="24" teams1="10" teams2="11" type="HARD"/>
      <CA2 max="0" min="0" mode1="A" mode2="GLOBAL" penalty="1" slots="8" teams1="11" teams2="1" type="HARD"/>
      <CA2 max="0" min="0" mode1="H" mode2="GLOBAL" penalty="1" slots="17" teams1="15" teams2="7" type="HARD"/>
      <CA2 max="3" min="0" mode1="HA" mode2="GLOBAL" penalty="1" slots="12;8;22;26;6;19" teams1="4" teams2="1;2;0;8;14;11" type="HARD"/>
      <CA2 max="0" min="0" mode1="H" mode2="GLOBAL" penalty="1" slots="2" teams1="10" teams2="7" type="HARD"/>
      <CA2 max="2" min="0" mode1="HA" mode2="GLOBAL" penalty="1" slots="18;0;25;24;11;7" teams1="11" teams2="5;4;6;0;7;14" type="HARD"/>
      <CA2 max="0" min="0" mode1="H" mode2="GLOBAL" penalty="1" slots="2" teams1="13" teams2="15" type="HARD"/>
      <CA2 max="0" min="0" mode1="A" mode2="GLOBAL" penalty="1" slots="11" teams1="6" teams2="15" type="HARD"/>
      <CA2 max="0" min="0" mode1="H" mode2="GLOBAL" penalty="1" slots="14" teams1="5" teams2="7" type="HARD"/>
      <CA2 max="0" min="0" mode1="A" mode2="GLOBAL" penalty="1" slots="21" teams1="14" teams2="1" type="HARD"/>
      <CA2 max="1" min="0" mode1="HA" mode2="GLOBAL" penalty="1" slots="29;14;8;22;28" teams1="6" teams2="1;9;14;11;12" type="HARD"/>
      <CA2 max="1" min="0" mode1="HA" mode2="GLOBAL" penalty="1" slots="12;22;3;5;20" teams1="5" teams2="4;2;3;0;7" type="HARD"/>
      <CA2 max="0" min="0" mode1="H" mode2="GLOBAL" penalty="1" slots="20" teams1="2" teams2="1" type="HARD"/>
      <CA2 max="1" min="0" mode1="HA" mode2="GLOBAL" penalty="1" slots="27;5;6;7" teams1="1" teams2="5;6;0;12" type="HARD"/>
      <CA2 max="0" min="0" mode1="H" mode2="GLOBAL" penalty="1" slots="7" teams1="2" teams2="0" type="HARD"/>
      <CA2 max="2" min="0" mode1="HA" mode2="GLOBAL" penalty="1" slots="12;9;13;11;3;17" teams1="6" teams2="5;1;9;0;10;12" type="HARD"/>
      <CA2 max="0" min="0" mode1="A" mode2="GLOBAL" penalty="1" slots="22" teams1="12" teams2="4" type="HARD"/>
      <CA2 max="0" min="0" mode1="H" mode2="GLOBAL" penalty="1" slots="19" teams1="9" teams2="2" type="HARD"/>
      <CA2 max="2" min="0" mode1="HA" mode2="GLOBAL" penalty="1" slots="12;24;13;28;5;7" teams1="12" teams2="1;6;2;10;7;11" type="HARD"/>
      <CA2 max="4" min="0" mode1="HA" mode2="GLOBAL" penalty="1" slots="9;14;25;27;4;16" teams1="4" teams2="1;2;8;7;14;12" type="HARD"/>
      <CA2 max="2" min="0" mode1="HA" mode2="GLOBAL" penalty="1" slots="0;9;25;8;13;3" teams1="1" teams2="5;6;2;3;11;12" type="HARD"/>
      <CA2 max="1" min="0" mode1="HA" mode2="GLOBAL" penalty="1" slots="2;3;28;21;19" teams1="7" teams2="4;6;10;8;12" type="HARD"/>
      <CA2 max="0" min="0" mode1="A" mode2="GLOBAL" penalty="1" slots="25" teams1="0" teams2="9" type="HARD"/>
      <CA2 max="0" min="0" mode1="A" mode2="GLOBAL" penalty="1" slots="23" teams1="12" teams2="15" type="HARD"/>
      <CA2 max="2" min="0" mode1="HA" mode2="GLOBAL" penalty="1" slots="29;0;22;26;4;7" teams1="14" teams2="13;5;1;6;10;8" type="HARD"/>
      <CA2 max="1" min="0" mode1="HA" mode2="GLOBAL" penalty="1" slots="2;0;26;16" teams1="14" teams2="9;0;7;15" type="HARD"/>
      <CA2 max="0" min="0" mode1="A" mode2="GLOBAL" penalty="1" slots="2" teams1="1" teams2="2" type="HARD"/>
      <CA2 max="3" min="0" mode1="HA" mode2="GLOBAL" penalty="1" slots="18;9;11;4;5;6" teams1="11" teams2="13;1;4;6;0;8" type="HARD"/>
      <CA2 max="0" min="0" mode1="A" mode2="GLOBAL" penalty="1" slots="17" teams1="9" teams2="3" type="HARD"/>
      <CA2 max="3" min="0" mode1="HA" mode2="GLOBAL" penalty="1" slots="12;22;3;27;20;23" teams1="4" teams2="5;6;8;7;11;12" type="HARD"/>
      <CA2 max="0" min="0" mode1="A" mode2="GLOBAL" penalty="1" slots="28" teams1="15" teams2="6" type="HARD"/>
      <CA2 max="0" min="0" mode1="A" mode2="GLOBAL" penalty="1" slots="26" teams1="7" teams2="9" type="HARD"/>
      <CA2 max="0" min="0" mode1="H" mode2="GLOBAL" penalty="1" slots="28" teams1="1" teams2="11" type="HARD"/>
      <CA2 max="0" min="0" mode1="H" mode2="GLOBAL" penalty="1" slots="0" teams1="10" teams2="14" type="HARD"/>
      <CA2 max="2" min="0" mode1="HA" mode2="GLOBAL" penalty="1" slots="8;24;22;5;16;23" teams1="11" teams2="4;6;0;7;14;12" type="HARD"/>
      <CA2 max="1" min="0" mode1="HA" mode2="GLOBAL" penalty="1" slots="2;8;27;5" teams1="7" teams2="13;5;4;8" type="HARD"/>
      <CA2 max="0" min="0" mode1="A" mode2="GLOBAL" penalty="1" slots="27" teams1="10" teams2="12" type="HARD"/>
      <CA2 max="0" min="0" mode1="A" mode2="GLOBAL" penalty="1" slots="23" teams1="12" teams2="8" type="HARD"/>
      <CA2 max="2" min="0" mode1="HA" mode2="GLOBAL" penalty="1" slots="18;24;13;3;4;6" teams1="11" teams2="4;2;10;8;7;15" type="HARD"/>
      <CA2 max="0" min="0" mode1="A" mode2="GLOBAL" penalty="1" slots="12" teams1="2" teams2="15" type="HARD"/>
      <CA2 max="0" min="0" mode1="H" mode2="GLOBAL" penalty="1" slots="9" teams1="12" teams2="4" type="HARD"/>
      <CA2 max="2" min="0" mode1="HA" mode2="GLOBAL" penalty="1" slots="2;13;11;27;5;20" teams1="5" teams2="13;4;2;9;8;15" type="HARD"/>
      <CA2 max="0" min="0" mode1="H" mode2="GLOBAL" penalty="1" slots="26" teams1="1" teams2="14" type="HARD"/>
      <CA2 max="0" min="0" mode1="H" mode2="GLOBAL" penalty="1" slots="21" teams1="2" teams2="9" type="HARD"/>
      <CA2 max="0" min="0" mode1="A" mode2="GLOBAL" penalty="1" slots="24" teams1="12" teams2="10" type="HARD"/>
      <CA2 max="2" min="0" mode1="HA" mode2="GLOBAL" penalty="1" slots="9;22;1;26;15;6" teams1="1" teams2="5;4;3;0;14;12" type="HARD"/>
      <CA2 max="0" min="0" mode1="A" mode2="GLOBAL" penalty="1" slots="21" teams1="6" teams2="3" type="HARD"/>
      <CA2 max="2" min="0" mode1="A" mode2="GLOBAL" penalty="5" slots="10;24;3;27;5;6" teams1="6" teams2="13;3;0;8;14;11" type="SOFT"/>
      <CA2 max="3" min="0" mode1="H" mode2="GLOBAL" penalty="5" slots="2;10;29;18;22;28;26;20" teams1="12" teams2="1;4;3;9;8;7;11;15" type="SOFT"/>
      <CA2 max="2" min="0" mode1="H" mode2="GLOBAL" penalty="5" slots="2;10;9;14;26;4" teams1="14" teams2="5;2;9;10;11;12" type="SOFT"/>
      <CA2 max="2" min="0" mode1="H" mode2="GLOBAL" penalty="5" slots="10;14;25;3;28;17;21" teams1="2" teams2="4;6;3;9;0;7;14" type="SOFT"/>
      <CA2 max="1" min="0" mode1="HA" mode2="GLOBAL" penalty="5" slots="12;29;9;14;26;17" teams1="13" teams2="5;4;3;0;10;11" type="SOFT"/>
      <CA2 max="1" min="0" mode1="HA" mode2="GLOBAL" penalty="5" slots="29;9;11;28;26;15;6" teams1="5" teams2="3;9;0;7;11;12;15" type="SOFT"/>
      <CA2 max="2" min="0" mode1="HA" mode2="GLOBAL" penalty="5" slots="29;25;24;27;1;15;21;6" teams1="2" teams2="4;3;0;10;7;14;11;12" type="SOFT"/>
      <CA2 max="2" min="0" mode1="A" mode2="GLOBAL" penalty="5" slots="10;29;14;24;27;5;21" teams1="7" teams2="13;1;2;9;11;12;15" type="SOFT"/>
      <CA2 max="1" min="0" mode1="HA" mode2="GLOBAL" penalty="5" slots="29;18;14;11;26;7;16" teams1="3" teams2="5;1;6;0;14;11;12" type="SOFT"/>
      <CA2 max="3" min="0" mode1="H" mode2="GLOBAL" penalty="5" slots="12;10;0;9;13;17;7;16" teams1="4" teams2="5;1;2;3;9;0;8;15" type="SOFT"/>
      <CA2 max="1" min="0" mode1="HA" mode2="GLOBAL" penalty="5" slots="2;12;9;8;11;7" teams1="12" teams2="3;9;10;8;14;15" type="SOFT"/>
      <CA2 max="2" min="0" mode1="HA" mode2="GLOBAL" penalty="5" slots="10;29;18;22;5;20;19;7" teams1="1" teams2="13;4;2;3;9;10;7;11" type="SOFT"/>
      <CA2 max="3" min="0" mode1="H" mode2="GLOBAL" penalty="5" slots="10;14;8;21;19;7;16;23" teams1="0" teams2="5;2;9;10;8;7;11;12" type="SOFT"/>
      <CA2 max="2" min="0" mode1="HA" mode2="GLOBAL" penalty="5" slots="2;18;9;24;22;28;5;19" teams1="11" teams2="13;5;1;6;2;9;7;12" type="SOFT"/>
      <CA2 max="2" min="0" mode1="A" mode2="GLOBAL" penalty="5" slots="2;12;9;3;26;5" teams1="1" teams2="13;5;6;2;7;12" type="SOFT"/>
      <CA2 max="3" min="0" mode1="A" mode2="GLOBAL" penalty="5" slots="14;22;13;11;3;1;17;7" teams1="11" teams2="13;4;6;2;3;10;8;14" type="SOFT"/>
      <CA2 max="2" min="0" mode1="H" mode2="GLOBAL" penalty="5" slots="12;10;25;27;1;20;19" teams1="15" teams2="5;1;2;3;9;8;12" type="SOFT"/>
      <CA2 max="2" min="0" mode1="H" mode2="GLOBAL" penalty="5" slots="14;26;4;17;21;16" teams1="11" teams2="5;4;2;9;10;14" type="SOFT"/>
      <CA2 max="3" min="0" mode1="H" mode2="GLOBAL" penalty="5" slots="12;0;22;27;28;15;17;7" teams1="15" teams2="13;1;6;0;10;14;11;12" type="SOFT"/>
      <CA2 max="2" min="0" mode1="A" mode2="GLOBAL" penalty="5" slots="12;10;14;3;20;6;16" teams1="3" teams2="1;6;8;7;14;11;15" type="SOFT"/>
      <CA2 max="2" min="0" mode1="H" mode2="GLOBAL" penalty="5" slots="2;3;27;1;21;19;7" teams1="8" teams2="13;5;4;6;3;7;12" type="SOFT"/>
      <CA3 intp="4" max="2" min="0" mode1="H" mode2="SLOTS" penalty="5" teams1="2" teams2="1;4;8;7;14" type="SOFT"/>
      <CA3 intp="4" max="2" min="0" mode1="H" mode2="SLOTS" penalty="5" teams1="14" teams2="13;4;6;2;9;0" type="SOFT"/>
      <CA3 intp="4" max="2" min="0" mode1="H" mode2="SLOTS" penalty="5" teams1="8" teams2="6;2;9;10;7;12" type="SOFT"/>
      <CA3 intp="4" max="2" min="0" mode1="H" mode2="SLOTS" penalty="5" teams1="4" teams2="1;2;3;9;10;14;15" type="SOFT"/>
      <CA3 intp="4" max="2" min="0" mode1="HA" mode2="SLOTS" penalty="5" teams1="2" teams2="13;10;8;14;15" type="SOFT"/>
      <CA3 intp="4" max="2" min="0" mode1="HA" mode2="SLOTS" penalty="5" teams1="10" teams2="13;5;9;14;11;12" type="SOFT"/>
      <CA3 intp="4" max="2" min="0" mode1="A" mode2="SLOTS" penalty="5" teams1="5" teams2="13;1;3;0;8;7;14" type="SOFT"/>
      <CA3 intp="4" max="2" min="0" mode1="HA" mode2="SLOTS" penalty="5" teams1="0" teams2="6;9;8;7;11" type="SOFT"/>
      <CA3 intp="4" max="2" min="0" mode1="H" mode2="SLOTS" penalty="5" teams1="14" teams2="4;6;9;0;7;11;12" type="SOFT"/>
      <CA3 intp="4" max="2" min="0" mode1="H" mode2="SLOTS" penalty="5" teams1="7" teams2="13;5;1;4;2;3;15" type="SOFT"/>
      <CA3 intp="4" max="2" min="0" mode1="HA" mode2="SLOTS" penalty="5" teams1="3" teams2="4;9;0;7;11;15" type="SOFT"/>
      <CA3 intp="4" max="2" min="0" mode1="HA" mode2="SLOTS" penalty="5" teams1="0" teams2="5;2;9;7;11;12" type="SOFT"/>
      <CA3 intp="4" max="2" min="0" mode1="H" mode2="SLOTS" penalty="5" teams1="2" teams2="13;5;4;6;3;8" type="SOFT"/>
      <CA3 intp="4" max="2" min="0" mode1="A" mode2="SLOTS" penalty="5" teams1="12" teams2="13;6;9;8;14;15" type="SOFT"/>
      <CA3 intp="4" max="2" min="0" mode1="A" mode2="SLOTS" penalty="5" teams1="11" teams2="6;9;8;14;15" type="SOFT"/>
      <CA3 intp="4" max="2" min="0" mode1="H" mode2="SLOTS" penalty="5" teams1="9" teams2="1;2;10;14;15" type="SOFT"/>
      <CA3 intp="4" max="2" min="0" mode1="HA" mode2="SLOTS" penalty="5" teams1="0" teams2="13;5;4;6;3;10;14" type="SOFT"/>
      <CA3 intp="4" max="2" min="0" mode1="A" mode2="SLOTS" penalty="5" teams1="10" teams2="2;3;7;11;15" type="SOFT"/>
      <CA3 intp="4" max="2" min="0" mode1="H" mode2="SLOTS" penalty="5" teams1="1" teams2="4;7;11;12;15" type="SOFT"/>
      <CA3 intp="4" max="2" min="0" mode1="A" mode2="SLOTS" penalty="5" teams1="12" teams2="1;2;9;0;8;11" type="SOFT"/>
      <CA3 intp="4" max="2" min="0" mode1="A" mode2="SLOTS" penalty="5" teams1="9" teams2="13;4;8;7;15" type="SOFT"/>
      <CA3 intp="4" max="2" min="0" mode1="H" mode2="SLOTS" penalty="5" teams1="9" teams2="1;6;2;3;8;11;15" type="SOFT"/>
      <CA3 intp="4" max="2" min="0" mode1="H" mode2="SLOTS" penalty="5" teams1="8" teams2="5;4;9;10;14;15" type="SOFT"/>
      <CA3 intp="4" max="2" min="0" mode1="HA" mode2="SLOTS" penalty="5" teams1="13" teams2="1;4;0;7;14;11;12" type="SOFT"/>
      <CA3 intp="4" max="2" min="0" mode1="H" mode2="SLOTS" penalty="5" teams1="1" teams2="5;4;2;3;14;12" type="SOFT"/>
      <CA3 intp="4" max="2" min="0" mode1="HA" mode2="SLOTS" penalty="5" teams1="15" teams2="5;9;0;10;7;11" type="SOFT"/>
      <CA3 intp="4" max="2" min="0" mode1="H" mode2="SLOTS" penalty="5" teams1="12" teams2="6;3;9;10;7;14" type="SOFT"/>
      <CA3 intp="4" max="2" min="0" mode1="HA" mode2="SLOTS" penalty="5" teams1="10" teams2="2;9;8;7;14;15" type="SOFT"/>
      <CA3 intp="4" max="2" min="0" mode1="H" mode2="SLOTS" penalty="5" teams1="6" teams2="13;4;10;8;15" type="SOFT"/>
      <CA3 intp="4" max="2" min="0" mode1="HA" mode2="SLOTS" penalty="5" teams1="7" teams2="1;4;6;9;14;12;15" type="SOFT"/>
      <CA3 intp="4" max="2" min="0" mode1="HA" mode2="SLOTS" penalty="5" teams1="2" teams2="1;6;3;9;0;14" type="SOFT"/>
      <CA3 intp="4" max="2" min="0" mode1="HA" mode2="SLOTS" penalty="5" teams1="8" teams2="5;2;3;9;14;12;15" type="SOFT"/>
      <CA3 intp="4" max="2" min="0" mode1="HA" mode2="SLOTS" penalty="5" teams1="5" teams2="4;6;9;0;7;12" type="SOFT"/>
      <CA3 intp="4" max="2" min="0" mode1="HA" mode2="SLOTS" penalty="5" teams1="2" teams2="5;4;6;0;14;12;15" type="SOFT"/>
      <CA3 intp="4" max="2" min="0" mode1="A" mode2="SLOTS" penalty="5" teams1="2" teams2="13;1;9;8;7;11;15" type="SOFT"/>
      <CA3 intp="4" max="2" min="0" mode1="HA" mode2="SLOTS" penalty="5" teams1="0" teams2="1;6;2;10;8" type="SOFT"/>
      <CA3 intp="4" max="2" min="0" mode1="H" mode2="SLOTS" penalty="5" teams1="15" teams2="13;5;1;3;9;10;7" type="SOFT"/>
      <CA3 intp="4" max="2" min="0" mode1="HA" mode2="SLOTS" penalty="5" teams1="3" teams2="2;0;10;8;11" type="SOFT"/>
      <CA3 intp="4" max="2" min="0" mode1="HA" mode2="SLOTS" penalty="5" teams1="5" teams2="2;3;10;14;12" type="SOFT"/>
      <CA3 intp="4" max="2" min="0" mode1="H" mode2="SLOTS" penalty="5" teams1="0" teams2="4;6;3;8;12" type="SOFT"/>
      <CA3 intp="4" max="2" min="0" mode1="H" mode2="SLOTS" penalty="5" teams1="7" teams2="6;2;9;0;8" type="SOFT"/>
      <CA3 intp="4" max="2" min="0" mode1="HA" mode2="SLOTS" penalty="5" teams1="13" teams2="1;4;6;2;3;9;12" type="SOFT"/>
      <CA3 intp="4" max="2" min="0" mode1="H" mode2="SLOTS" penalty="5" teams1="4" teams2="5;1;2;3;10;11;12" type="SOFT"/>
      <CA3 intp="4" max="2" min="0" mode1="A" mode2="SLOTS" penalty="5" teams1="15" teams2="1;4;3;8;12" type="SOFT"/>
      <CA3 intp="4" max="2" min="0" mode1="HA" mode2="SLOTS" penalty="5" teams1="3" teams2="13;5;6;2;9;8;14" type="SOFT"/>
      <CA3 intp="4" max="2" min="0" mode1="A" mode2="SLOTS" penalty="5" teams1="8" teams2="5;1;4;3;10;11;12" type="SOFT"/>
      <CA3 intp="4" max="2" min="0" mode1="H" mode2="SLOTS" penalty="5" teams1="10" teams2="13;5;6;3;9;11;12" type="SOFT"/>
      <CA3 intp="4" max="2" min="0" mode1="H" mode2="SLOTS" penalty="5" teams1="9" teams2="13;5;7;14;11" type="SOFT"/>
      <CA3 intp="4" max="2" min="0" mode1="HA" mode2="SLOTS" penalty="5" teams1="1" teams2="13;6;0;10;8;11" type="SOFT"/>
      <CA3 intp="4" max="2" min="0" mode1="H" mode2="SLOTS" penalty="5" teams1="14" teams2="13;6;3;9;0;12" type="SOFT"/>
      <CA3 intp="4" max="2" min="0" mode1="HA" mode2="SLOTS" penalty="5" teams1="9" teams2="5;1;6;7;14;12" type="SOFT"/>
      <CA3 intp="4" max="2" min="0" mode1="A" mode2="SLOTS" penalty="5" teams1="5" teams2="4;6;9;0;10;14;11" type="SOFT"/>
      <CA3 intp="4" max="2" min="0" mode1="HA" mode2="SLOTS" penalty="5" teams1="7" teams2="1;4;3;14;11;12" type="SOFT"/>
      <CA3 intp="4" max="2" min="0" mode1="H" mode2="SLOTS" penalty="5" teams1="11" teams2="1;3;9;10;7" type="SOFT"/>
      <CA3 intp="4" max="2" min="0" mode1="A" mode2="SLOTS" penalty="5" teams1="14" teams2="5;6;10;8;7" type="SOFT"/>
      <CA3 intp="4" max="2" min="0" mode1="H" mode2="SLOTS" penalty="5" teams1="2" teams2="5;4;0;8;7;14" type="SOFT"/>
      <CA3 intp="4" max="2" min="0" mode1="H" mode2="SLOTS" penalty="5" teams1="1" teams2="6;0;10;8;7;12" type="SOFT"/>
      <CA3 intp="4" max="2" min="0" mode1="H" mode2="SLOTS" penalty="5" teams1="14" teams2="5;1;3;9;10" type="SOFT"/>
      <CA3 intp="4" max="2" min="0" mode1="H" mode2="SLOTS" penalty="5" teams1="10" teams2="6;8;14;11;12" type="SOFT"/>
      <CA3 intp="4" max="2" min="0" mode1="H" mode2="SLOTS" penalty="5" teams1="9" teams2="6;3;0;10;8;11;12" type="SOFT"/>
      <CA3 intp="4" max="2" min="0" mode1="HA" mode2="SLOTS" penalty="5" teams1="8" teams2="5;4;3;9;10;11;12" type="SOFT"/>
      <CA3 intp="4" max="2" min="0" mode1="HA" mode2="SLOTS" penalty="5" teams1="13" teams2="5;0;10;8;15" type="SOFT"/>
      <CA3 intp="4" max="2" min="0" mode1="HA" mode2="SLOTS" penalty="5" teams1="12" teams2="13;5;1;3;0;15" type="SOFT"/>
      <CA3 intp="4" max="2" min="0" mode1="H" mode2="SLOTS" penalty="5" teams1="12" teams2="1;3;9;8;7;14;15" type="SOFT"/>
      <CA3 intp="4" max="2" min="0" mode1="HA" mode2="SLOTS" penalty="5" teams1="2" teams2="5;6;0;7;14" type="SOFT"/>
      <CA3 intp="4" max="2" min="0" mode1="HA" mode2="SLOTS" penalty="5" teams1="6" teams2="13;5;4;2;0" type="SOFT"/>
      <CA3 intp="4" max="2" min="0" mode1="HA" mode2="SLOTS" penalty="5" teams1="0" teams2="5;4;2;7;14;11" type="SOFT"/>
      <CA3 intp="4" max="2" min="0" mode1="A" mode2="SLOTS" penalty="5" teams1="12" teams2="5;1;4;6;3;10" type="SOFT"/>
      <CA3 intp="4" max="2" min="0" mode1="HA" mode2="SLOTS" penalty="5" teams1="15" teams2="9;10;8;7;12" type="SOFT"/>
      <CA3 intp="4" max="2" min="0" mode1="H" mode2="SLOTS" penalty="5" teams1="13" teams2="5;6;2;3;8;12;15" type="SOFT"/>
      <CA3 intp="4" max="2" min="0" mode1="H" mode2="SLOTS" penalty="5" teams1="6" teams2="5;1;4;0;8;7" type="SOFT"/>
      <CA3 intp="4" max="2" min="0" mode1="A" mode2="SLOTS" penalty="5" teams1="12" teams2="4;2;0;8;7;11" type="SOFT"/>
      <CA3 intp="4" max="2" min="0" mode1="H" mode2="SLOTS" penalty="5" teams1="7" teams2="4;3;9;0;14;11" type="SOFT"/>
      <CA3 intp="4" max="2" min="0" mode1="A" mode2="SLOTS" penalty="5" teams1="6" teams2="4;2;9;0;11" type="SOFT"/>
      <CA3 intp="4" max="2" min="0" mode1="A" mode2="SLOTS" penalty="5" teams1="8" teams2="5;1;4;2;3;0;7" type="SOFT"/>
      <CA3 intp="4" max="2" min="0" mode1="H" mode2="SLOTS" penalty="5" teams1="12" teams2="1;6;3;9;7" type="SOFT"/>
      <CA3 intp="4" max="2" min="0" mode1="H" mode2="SLOTS" penalty="5" teams1="3" teams2="13;6;0;10;7;14;15" type="SOFT"/>
      <CA3 intp="4" max="2" min="0" mode1="A" mode2="SLOTS" penalty="5" teams1="2" teams2="5;1;6;3;10;8;7" type="SOFT"/>
      <CA3 intp="4" max="2" min="0" mode1="HA" mode2="SLOTS" penalty="5" teams1="7" teams2="4;2;8;14;15" type="SOFT"/>
      <CA3 intp="4" max="2" min="0" mode1="A" mode2="SLOTS" penalty="5" teams1="11" teams2="5;6;2;0;8;7;12" type="SOFT"/>
      <CA3 intp="4" max="2" min="0" mode1="HA" mode2="SLOTS" penalty="5" teams1="11" teams2="3;9;0;10;7;12;15" type="SOFT"/>
      <CA3 intp="4" max="2" min="0" mode1="H" mode2="SLOTS" penalty="5" teams1="5" teams2="3;9;0;14;11" type="SOFT"/>
      <CA3 intp="4" max="2" min="0" mode1="HA" mode2="SLOTS" penalty="5" teams1="11" teams2="5;1;4;7;14" type="SOFT"/>
      <CA3 intp="4" max="2" min="0" mode1="A" mode2="SLOTS" penalty="5" teams1="5" teams2="1;4;6;3;0" type="SOFT"/>
      <CA3 intp="4" max="2" min="0" mode1="H" mode2="SLOTS" penalty="5" teams1="15" teams2="13;6;2;3;9;14;11" type="SOFT"/>
      <CA3 intp="4" max="2" min="0" mode1="HA" mode2="SLOTS" penalty="5" teams1="3" teams2="13;2;9;10;14" type="SOFT"/>
      <CA3 intp="4" max="2" min="0" mode1="HA" mode2="SLOTS" penalty="5" teams1="6" teams2="4;9;0;10;7;14;12" type="SOFT"/>
      <CA3 intp="4" max="2" min="0" mode1="H" mode2="SLOTS" penalty="5" teams1="8" teams2="1;4;6;10;12;15" type="SOFT"/>
      <CA3 intp="4" max="2" min="0" mode1="A" mode2="SLOTS" penalty="5" teams1="14" teams2="4;2;3;0;10;12" type="SOFT"/>
      <CA3 intp="4" max="2" min="0" mode1="H" mode2="SLOTS" penalty="5" teams1="12" teams2="1;6;0;10;11;15" type="SOFT"/>
      <CA3 intp="4" max="2" min="0" mode1="A" mode2="SLOTS" penalty="5" teams1="5" teams2="4;3;9;0;10;12" type="SOFT"/>
      <CA3 intp="4" max="2" min="0" mode1="A" mode2="SLOTS" penalty="5" teams1="12" teams2="5;4;10;8;7;15" type="SOFT"/>
      <CA3 intp="4" max="2" min="0" mode1="H" mode2="SLOTS" penalty="5" teams1="14" teams2="5;6;3;9;8;12;15" type="SOFT"/>
      <CA3 intp="4" max="2" min="0" mode1="A" mode2="SLOTS" penalty="5" teams1="9" teams2="10;7;14;11;12" type="SOFT"/>
      <CA3 intp="4" max="2" min="0" mode1="H" mode2="SLOTS" penalty="5" teams1="5" teams2="6;2;0;10;11;15" type="SOFT"/>
      <CA3 intp="4" max="2" min="0" mode1="A" mode2="SLOTS" penalty="5" teams1="10" teams2="5;1;4;0;7" type="SOFT"/>
      <CA3 intp="4" max="2" min="0" mode1="HA" mode2="SLOTS" penalty="5" teams1="9" teams2="5;1;6;0;8;15" type="SOFT"/>
      <CA3 intp="4" max="2" min="0" mode1="HA" mode2="SLOTS" penalty="5" teams1="15" teams2="13;1;4;6;0;7" type="SOFT"/>
      <CA3 intp="4" max="2" min="0" mode1="H" mode2="SLOTS" penalty="5" teams1="2" teams2="1;4;7;11;12" type="SOFT"/>
      <CA3 intp="4" max="2" min="0" mode1="HA" mode2="SLOTS" penalty="5" teams1="4" teams2="2;8;14;11;15" type="SOFT"/>
      <CA3 intp="4" max="2" min="0" mode1="HA" mode2="SLOTS" penalty="5" teams1="7" teams2="5;4;2;9;0;8;11" type="SOFT"/>
      <CA3 intp="4" max="2" min="0" mode1="H" mode2="SLOTS" penalty="5" teams1="12" teams2="5;4;6;3;9;15" type="SOFT"/>
      <CA3 intp="4" max="2" min="0" mode1="H" mode2="SLOTS" penalty="5" teams1="5" teams2="4;9;8;11;12" type="SOFT"/>
      <CA3 intp="4" max="2" min="0" mode1="HA" mode2="SLOTS" penalty="5" teams1="4" teams2="3;9;7;14;11;12" type="SOFT"/>
      <CA3 intp="4" max="2" min="0" mode1="H" mode2="SLOTS" penalty="5" teams1="5" teams2="1;2;3;0;8;14" type="SOFT"/>
      <CA3 intp="4" max="2" min="0" mode1="A" mode2="SLOTS" penalty="5" teams1="8" teams2="6;9;0;10;7;14;11" type="SOFT"/>
      <CA3 intp="4" max="2" min="0" mode1="A" mode2="SLOTS" penalty="5" teams1="5" teams2="1;4;2;0;8;14;11" type="SOFT"/>
      <CA3 intp="4" max="2" min="0" mode1="H" mode2="SLOTS" penalty="5" teams1="14" teams2="1;4;3;9;7;11" type="SOFT"/>
      <CA3 intp="4" max="2" min="0" mode1="H" mode2="SLOTS" penalty="5" teams1="3" teams2="5;6;0;10;8;14;12" type="SOFT"/>
      <CA3 intp="4" max="2" min="0" mode1="A" mode2="SLOTS" penalty="5" teams1="13" teams2="1;4;2;7;14;11" type="SOFT"/>
      <CA3 intp="4" max="2" min="0" mode1="HA" mode2="SLOTS" penalty="5" teams1="3" teams2="5;1;4;9;12" type="SOFT"/>
      <CA3 intp="4" max="2" min="0" mode1="H" mode2="SLOTS" penalty="5" teams1="7" teams2="13;5;3;11;12" type="SOFT"/>
    </CapacityConstraints>
    <GameConstraints>
      <GA1 max="3" meetings="0,10;1,9;4,10;" min="2" penalty="1" slots="5;7;23" type="HARD"/>
      <GA1 max="2" meetings="13,2;15,7;" min="1" penalty="1" slots="10;29" type="HARD"/>
      <GA1 max="1" meetings="4,13;" min="1" penalty="1" slots="27" type="HARD"/>
      <GA1 max="4" meetings="1,11;6,11;11,9;12,8;" min="2" penalty="1" slots="27;4;20;7" type="HARD"/>
      <GA1 max="4" meetings="0,8;3,14;6,9;11,3;" min="2" penalty="1" slots="9;14;5" type="HARD"/>
      <GA1 max="1" meetings="13,9;" min="1" penalty="1" slots="20" type="HARD"/>
      <GA1 max="1" meetings="2,0;8,11;15,9;" min="0" penalty="1" slots="26;5;23" type="HARD"/>
      <GA1 max="1" meetings="9,6;" min="1" penalty="1" slots="18" type="HARD"/>
      <GA1 max="0" meetings="13,3;" min="0" penalty="1" slots="10" type="HARD"/>
      <GA1 max="2" meetings="0,11;8,14;10,2;11,14;" min="0" penalty="1" slots="10;8;3;5" type="HARD"/>
      <GA1 max="0" meetings="4,9;" min="0" penalty="1" slots="26" type="HARD"/>
      <GA1 max="1" meetings="5,1;8,1;9,11;" min="0" penalty="1" slots="25;15;23" type="HARD"/>
      <GA1 max="0" meetings="6,15;" min="0" penalty="1" slots="11" type="HARD"/>
      <GA1 max="1" meetings="7,13;13,9;" min="0" penalty="1" slots="12;1" type="HARD"/>
      <GA1 max="2" meetings="0,3;15,1;" min="1" penalty="1" slots="14;16" type="HARD"/>
      <GA1 max="0" meetings="15,14;" min="0" penalty="1" slots="26" type="HARD"/>
      <GA1 max="0" meetings="15,0;" min="0" penalty="1" slots="15" type="HARD"/>
      <GA1 max="0" meetings="14,3;" min="0" penalty="1" slots="3" type="HARD"/>
      <GA1 max="1" meetings="8,10;" min="1" penalty="1" slots="12" type="HARD"/>
      <GA1 max="1" meetings="4,2;" min="1" penalty="1" slots="24" type="HARD"/>
      <GA1 max="4" meetings="6,2;7,1;7,3;13,12;" min="2" penalty="1" slots="12;8;4" type="HARD"/>
      <GA1 max="0" meetings="3,4;" min="0" penalty="1" slots="28" type="HARD"/>
      <GA1 max="0" meetings="7,9;" min="0" penalty="1" slots="16" type="HARD"/>
      <GA1 max="2" meetings="9,1;12,6;" min="1" penalty="1" slots="25;16" type="HARD"/>
      <GA1 max="0" meetings="15,14;" min="0" penalty="1" slots="17" type="HARD"/>
      <GA1 max="4" meetings="10,9;13,4;13,8;15,14;" min="2" penalty="1" slots="2;18;0;19" type="HARD"/>
      <GA1 max="1" meetings="11,9;" min="1" penalty="1" slots="27" type="HARD"/>
      <GA1 max="2" meetings="0,4;7,10;8,12;12,9;" min="0" penalty="1" slots="29;8;17;20" type="HARD"/>
      <GA1 max="1" meetings="0,15;" min="1" penalty="1" slots="10" type="HARD"/>
      <GA1 max="1" meetings="6,2;" min="1" penalty="1" slots="12" type="HARD"/>
      <GA1 max="1" meetings="10,4;" min="1" penalty="1" slots="18" type="HARD"/>
      <GA1 max="0" meetings="6,12;" min="0" penalty="1" slots="26" type="HARD"/>
      <GA1 max="0" meetings="10,9;" min="0" penalty="1" slots="23" type="HARD"/>
      <GA1 max="1" meetings="8,0;9,15;14,4;" min="0" penalty="1" slots="8;7;23" type="HARD"/>
      <GA1 max="0" meetings="11,10;" min="0" penalty="1" slots="9;21" type="SOFT"/>
      <GA1 max="0" meetings="4,13;" min="0" penalty="1" slots="6" type="SOFT"/>
      <GA1 max="0" meetings="0,5;" min="0" penalty="1" slots="14" type="SOFT"/>
      <GA1 max="1" meetings="1,15;11,10;15,5;" min="0" penalty="1" slots="3" type="SOFT"/>
      <GA1 max="0" meetings="12,1;" min="0" penalty="1" slots="17" type="SOFT"/>
      <GA1 max="4" meetings="5,10;9,10;10,0;13,12;" min="2" penalty="1" slots="10;14;24" type="SOFT"/>
      <GA1 max="1" meetings="1,8;8,11;" min="0" penalty="1" slots="10;24;15;21" type="SOFT"/>
      <GA1 max="0" meetings="0,7;" min="0" penalty="1" slots="5" type="SOFT"/>
      <GA1 max="1" meetings="5,15;" min="1" penalty="1" slots="18" type="SOFT"/>
      <GA1 max="3" meetings="2,0;10,11;11,9;" min="2" penalty="1" slots="2;9;6" type="SOFT"/>
      <GA1 max="1" meetings="3,14;4,8;" min="0" penalty="1" slots="17;20" type="SOFT"/>
      <GA1 max="1" meetings="0,4;9,2;" min="0" penalty="1" slots="18;19;16" type="SOFT"/>
      <GA1 max="2" meetings="3,0;4,6;6,14;8,15;" min="0" penalty="1" slots="26" type="SOFT"/>
      <GA1 max="1" meetings="4,13;" min="1" penalty="1" slots="27;23" type="SOFT"/>
      <GA1 max="0" meetings="2,6;" min="0" penalty="1" slots="5" type="SOFT"/>
      <GA1 max="0" meetings="10,3;" min="0" penalty="1" slots="10" type="SOFT"/>
      <GA1 max="0" meetings="2,4;" min="0" penalty="1" slots="11" type="SOFT"/>
      <GA1 max="2" meetings="4,9;9,0;" min="1" penalty="1" slots="17" type="SOFT"/>
      <GA1 max="0" meetings="15,11;" min="0" penalty="1" slots="28;26;4;21" type="SOFT"/>
      <GA1 max="1" meetings="4,5;" min="1" penalty="1" slots="10;1" type="SOFT"/>
      <GA1 max="4" meetings="1,0;1,9;15,7;15,8;" min="2" penalty="1" slots="19" type="SOFT"/>
      <GA1 max="0" meetings="8,0;" min="0" penalty="1" slots="28" type="SOFT"/>
      <GA1 max="1" meetings="0,14;9,3;" min="0" penalty="1" slots="23" type="SOFT"/>
      <GA1 max="1" meetings="4,14;" min="1" penalty="1" slots="20" type="SOFT"/>
      <GA1 max="1" meetings="1,10;8,11;" min="0" penalty="1" slots="2;9;25" type="SOFT"/>
      <GA1 max="0" meetings="13,3;" min="0" penalty="1" slots="2" type="SOFT"/>
      <GA1 max="3" meetings="0,13;6,1;14,15;" min="2" penalty="1" slots="2;18;28" type="SOFT"/>
      <GA1 max="1" meetings="9,2;" min="1" penalty="1" slots="20" type="SOFT"/>
      <GA1 max="1" meetings="8,3;" min="1" penalty="1" slots="13;11" type="SOFT"/>
      <GA1 max="1" meetings="2,0;" min="1" penalty="1" slots="6" type="SOFT"/>
      <GA1 max="0" meetings="0,10;" min="0" penalty="1" slots="0" type="SOFT"/>
      <GA1 max="2" meetings="8,2;13,6;" min="1" penalty="1" slots="14" type="SOFT"/>
      <GA1 max="0" meetings="10,6;" min="0" penalty="1" slots="27;26;6;16" type="SOFT"/>
      <GA1 max="2" meetings="1,9;6,7;9,6;15,6;" min="0" penalty="1" slots="18;24;17" type="SOFT"/>
      <GA1 max="0" meetings="12,0;" min="0" penalty="1" slots="8" type="SOFT"/>
      <GA1 max="1" meetings="11,1;" min="1" penalty="1" slots="27" type="SOFT"/>
      <GA1 max="1" meetings="0,9;" min="1" penalty="1" slots="3" type="SOFT"/>
      <GA1 max="1" meetings="7,12;11,15;13,11;" min="0" penalty="1" slots="18;24;21" type="SOFT"/>
      <GA1 max="0" meetings="4,10;" min="0" penalty="1" slots="19" type="SOFT"/>
      <GA1 max="0" meetings="3,5;" min="0" penalty="1" slots="19" type="SOFT"/>
      <GA1 max="0" meetings="1,11;" min="0" penalty="1" slots="8" type="SOFT"/>
      <GA1 max="0" meetings="14,0;" min="0" penalty="1" slots="1;7" type="SOFT"/>
      <GA1 max="2" meetings="8,13;11,10;" min="1" penalty="1" slots="3;4;6" type="SOFT"/>
      <GA1 max="1" meetings="9,3;11,10;" min="0" penalty="1" slots="24" type="SOFT"/>
      <GA1 max="1" meetings="7,14;" min="1" penalty="1" slots="29;18;25;7" type="SOFT"/>
      <GA1 max="0" meetings="3,5;" min="0" penalty="1" slots="29" type="SOFT"/>
      <GA1 max="2" meetings="4,2;4,9;11,8;11,12;" min="0" penalty="1" slots="18;9;19;23" type="SOFT"/>
      <GA1 max="4" meetings="1,15;4,7;6,14;9,0;" min="2" penalty="1" slots="5" type="SOFT"/>
      <GA1 max="1" meetings="13,9;" min="1" penalty="1" slots="14;8" type="SOFT"/>
      <GA1 max="1" meetings="15,6;" min="1" penalty="1" slots="18" type="SOFT"/>
      <GA1 max="1" meetings="0,9;14,15;" min="0" penalty="1" slots="27" type="SOFT"/>
    </GameConstraints>
    <BreakConstraints>
      <BR1 intp="2" mode1="LEQ" mode2="HA" penalty="1" slots="10;29;0;28;6;19" teams="2" type="HARD"/>
      <BR1 intp="0" mode1="LEQ" mode2="HA" penalty="1" slots="9" teams="11" type="HARD"/>
      <BR1 intp="0" mode1="LEQ" mode2="HA" penalty="1" slots="22" teams="3" type="HARD"/>
      <BR1 intp="2" mode1="LEQ" mode2="HA" penalty="1" slots="12;9;3;27;28;1" teams="1" type="HARD"/>
      <BR1 intp="2" mode1="LEQ" mode2="HA" penalty="1" slots="18;1;5;21;16;23" teams="4" type="HARD"/>
      <BR1 intp="2" mode1="LEQ" mode2="HA" penalty="1" slots="8;11;27;28;15;16" teams="7" type="HARD"/>
      <BR1 intp="0" mode1="LEQ" mode2="HA" penalty="1" slots="25" teams="3" type="HARD"/>
      <BR1 intp="1" mode1="LEQ" mode2="HA" penalty="1" slots="0;26;5" teams="7" type="HARD"/>
      <BR1 intp="0" mode1="LEQ" mode2="HA" penalty="1" slots="20" teams="15" type="HARD"/>
      <BR1 intp="2" mode1="LEQ" mode2="HA" penalty="1" slots="18;25;8;22;1;16" teams="4" type="HARD"/>
      <BR1 intp="1" mode1="LEQ" mode2="HA" penalty="1" slots="28;20;21" teams="15" type="HARD"/>
      <BR1 intp="2" mode1="LEQ" mode2="HA" penalty="1" slots="2;12;14;26;4;23" teams="4" type="HARD"/>
      <BR1 intp="2" mode1="LEQ" mode2="HA" penalty="1" slots="10;14;24;22;20;19" teams="14" type="HARD"/>
      <BR1 intp="0" mode1="LEQ" mode2="HA" penalty="1" slots="4" teams="13" type="HARD"/>
      <BR1 intp="1" mode1="LEQ" mode2="HA" penalty="1" slots="27;17;7" teams="4" type="HARD"/>
      <BR1 intp="1" mode1="LEQ" mode2="HA" penalty="1" slots="10;21;6" teams="10" type="HARD"/>
      <BR1 intp="0" mode1="LEQ" mode2="HA" penalty="1" slots="22" teams="14" type="HARD"/>
      <BR1 intp="1" mode1="LEQ" mode2="HA" penalty="1" slots="0;3;20" teams="5" type="HARD"/>
      <BR2 intp="14" mode1="REGULAR" mode2="LEQ" penalty="10" slots="2;12;10;29;18;0;9;14;25;8;24;22;13;11;3;27;28;1;26;15;4;17;5;20;21;6;19;7;16;23" teams="13;5;1;4;6;2;3;9;0;10;8;7;14;11;12;15" type="SOFT"/>
    </BreakConstraints>
    <FairnessConstraints>
      <FA2 intp="2" mode="H" penalty="10" slots="2;12;10;29;18;0;9;14;25;8;24;22;13;11;3;27;28;1;26;15;4;17;5;20;21;6;19;7;16;23" teams="13;5;1;4;6;2;3;9;0;10;8;7;14;11;12;15" type="SOFT"/>
    </FairnessConstraints>
    <SeparationConstraints/>
  </Constraints>
</Instance>
