<?xml version="1.0" encoding="UTF-8"?>
<Instance>
  <MetaData>
    <InstanceName>Early 1</InstanceName>
    <DataType>A</DataType>
    <Contributor>ITC2021</Contributor>
    <Date year="2020" month="10"/>
  </MetaData>
  <Structure>
    <Format leagueIds="0">
      <numberRoundRobin>2</numberRoundRobin>
      <compactness>C</compactness>
      <gameMode>P</gameMode>
    </Format>
  </Structure>
  <ObjectiveFunction>
    <Objective>SC</Objective>
  </ObjectiveFunction>
  <Resources>
    <Leagues>
      <league id="0" name="League 0"/>
    </Leagues>
    <Teams>
      <team id="0" league="0" name="Team 0"/>
      <team id="1" league="0" name="Team 1"/>
      <team id="2" league="0" name="Team 2"/>
      <team id="3" league="0" name="Team 3"/>
      <team id="4" league="0" name="Team 4"/>
      <team id="5" league="0" name="Team 5"/>
      <team id="6" league="0" name="Team 6"/>
      <team id="7" league="0" name="Team 7"/>
      <team id="8" league="0" name="Team 8"/>
      <team id="9" league="0" name="Team 9"/>
      <team id="10" league="0" name="Team 10"/>
      <team id="11" league="0" name="Team 11"/>
      <team id="12" league="0" name="Team 12"/>
      <team id="13" league="0" name="Team 13"/>
      <team id="14" league="0" name="Team 14"/>
      <team id="15" league="0" name="Team 15"/>
    </Teams>
    <Slots>
      <slot id="0" name="Slot 0"/>
      <slot id="1" name="Slot 1"/>
      <slot id="2" name="Slot 2"/>
      <slot id="3" name="Slot 3"/>
      <slot id="4" name="Slot 4"/>
      <slot id="5" name="Slot 5"/>
      <slot id="6" name="Slot 6"/>
      <slot id="7" name="Slot 7"/>
      <slot id="8" name="Slot 8"/>
      <slot id="9" name="Slot 9"/>
      <slot id="10" name="Slot 10"/>
      <slot id="11" name="Slot 11"/>
      <slot id="12" name="Slot 12"/>
      <slot id="13" name="Slot 13"/>
      <slot id="14" name="Slot 14"/>
      <slot id="15" name="Slot 15"/>
      <slot id="16" name="Slot 16"/>
      <slot id="17" name="Slot 17"/>
      <slot id="18" name="Slot 18"/>
      <slot id="19" name="Slot 19"/>
      <slot id="20" name="Slot 20"/>
      <slot id="21" name="Slot 21"/>
      <slot id="22" name="Slot 22"/>
      <slot id="23" name="Slot 23"/>
      <slot id="24" name="Slot 24"/>
      <slot id="25" name="Slot 25"/>
      <slot id="26" name="Slot 26"/>
      <slot id="27" name="Slot 27"/>
      <slot id="28" name="Slot 28"/>
      <slot id="29" name="Slot 29"/>
    </Slots>
  </Resources>
  <Constraints>
    <BasicConstraints/>
    <CapacityConstraints>
      <CA1 max="0" min="0" mode="A" penalty="1" slots="17" teams="0" type="HARD"/>
      <CA1 max="2" min="0" mode="A" penalty="1" slots="8;11;25;29" teams="6" type="HARD"/>
      <CA1 max="0" min="0" mode="A" penalty="1" slots="19" teams="13" type="HARD"/>
      <CA1 max="1" min="0" mode="A" penalty="1" slots="14;22" teams="1" type="HARD"/>
      <CA1 max="0" min="0" mode="H" penalty="1" slots="13" teams="6" type="HARD"/>
      <CA1 max="1" min="0" mode="H" penalty="1" slots="5;13;25;27" teams="7" type="HARD"/>
      <CA1 max="0" min="0" mode="A" penalty="1" slots="8" teams="11" type="HARD"/>
      <CA1 max="1" min="0" mode="A" penalty="1" slots="15;25" teams="6" type="HARD"/>
      <CA1 max="0" min="0" mode="A" penalty="1" slots="11" teams="8" type="HARD"/>
      <CA1 max="1" min="0" mode="A" penalty="1" slots="0;10" teams="12" type="HARD"/>
      <CA1 max="0" min="0" mode="A" penalty="1" slots="17" teams="2" type="HARD"/>
      <CA1 max="1" min="0" mode="A" penalty="1" slots="4;9;25;27" teams="9" type="HARD"/>
      <CA1 max="1" min="0" mode="A" penalty="1" slots="1;6;8;21" teams="11" type="HARD"/>
      <CA1 max="0" min="0" mode="H" penalty="1" slots="25" teams="14" type="HARD"/>
      <CA1 max="1" min="0" mode="H" penalty="1" slots="1;20" teams="13" type="HARD"/>
      <CA1 max="0" min="0" mode="A" penalty="1" slots="7" teams="13" type="HARD"/>
      <CA1 max="1" min="0" mode="A" penalty="1" slots="5;17;21" teams="13" type="HARD"/>
      <CA1 max="0" min="0" mode="H" penalty="1" slots="3" teams="13" type="HARD"/>
      <CA1 max="0" min="0" mode="A" penalty="1" slots="0" teams="12" type="HARD"/>
      <CA1 max="1" min="0" mode="A" penalty="1" slots="3;9;13;29" teams="13" type="HARD"/>
      <CA1 max="1" min="0" mode="A" penalty="1" slots="8;11;21" teams="2" type="HARD"/>
      <CA1 max="0" min="0" mode="H" penalty="1" slots="7" teams="11" type="HARD"/>
      <CA1 max="1" min="0" mode="A" penalty="1" slots="6;14;21" teams="13" type="HARD"/>
      <CA1 max="0" min="0" mode="A" penalty="1" slots="8" teams="10" type="HARD"/>
      <CA1 max="1" min="0" mode="H" penalty="1" slots="3;9;19;25" teams="1" type="HARD"/>
      <CA1 max="1" min="0" mode="H" penalty="1" slots="0;2;15;23;28" teams="2" type="SOFT"/>
      <CA1 max="1" min="0" mode="H" penalty="1" slots="11;19" teams="10" type="SOFT"/>
      <CA1 max="0" min="0" mode="H" penalty="1" slots="2" teams="5" type="SOFT"/>
      <CA1 max="1" min="0" mode="A" penalty="1" slots="7;10;12;19;21" teams="1" type="SOFT"/>
      <CA1 max="1" min="0" mode="A" penalty="1" slots="10;13;16;19;29" teams="3" type="SOFT"/>
      <CA1 max="2" min="0" mode="H" penalty="1" slots="3;11;12;17;20;23" teams="5" type="SOFT"/>
      <CA1 max="1" min="0" mode="A" penalty="1" slots="2;13" teams="10" type="SOFT"/>
      <CA1 max="1" min="0" mode="A" penalty="1" slots="5;13;18;25;29" teams="2" type="SOFT"/>
      <CA1 max="1" min="0" mode="A" penalty="1" slots="12;14" teams="12" type="SOFT"/>
      <CA1 max="1" min="0" mode="A" penalty="1" slots="0;15;26" teams="3" type="SOFT"/>
      <CA1 max="1" min="0" mode="H" penalty="1" slots="7;18" teams="10" type="SOFT"/>
      <CA1 max="1" min="0" mode="H" penalty="1" slots="7;13;15" teams="12" type="SOFT"/>
      <CA1 max="1" min="0" mode="A" penalty="1" slots="3;8;13;25;29" teams="4" type="SOFT"/>
      <CA1 max="1" min="0" mode="H" penalty="1" slots="10;23" teams="7" type="SOFT"/>
      <CA1 max="0" min="0" mode="H" penalty="1" slots="29" teams="8" type="SOFT"/>
      <CA1 max="0" min="0" mode="H" penalty="1" slots="26" teams="14" type="SOFT"/>
      <CA1 max="1" min="0" mode="A" penalty="1" slots="1;6;9;14;26" teams="6" type="SOFT"/>
      <CA2 max="0" min="0" mode1="A" mode2="GLOBAL" penalty="1" slots="29" teams1="15" teams2="5" type="HARD"/>
      <CA2 max="0" min="0" mode1="H" mode2="GLOBAL" penalty="1" slots="0" teams1="13" teams2="10" type="HARD"/>
      <CA2 max="1" min="0" mode1="HA" mode2="GLOBAL" penalty="1" slots="0;5;12;26;28" teams1="3" teams2="5;10;11;13;15" type="HARD"/>
      <CA2 max="1" min="0" mode1="HA" mode2="GLOBAL" penalty="1" slots="9;13;27;28;29" teams1="14" teams2="1;3;4;8;11" type="HARD"/>
      <CA2 max="1" min="0" mode1="HA" mode2="GLOBAL" penalty="1" slots="3;5;12;22;24" teams1="6" teams2="0;1;7;9;10" type="HARD"/>
      <CA2 max="0" min="0" mode1="A" mode2="GLOBAL" penalty="1" slots="14" teams1="2" teams2="10" type="HARD"/>
      <CA2 max="0" min="0" mode1="H" mode2="GLOBAL" penalty="1" slots="9" teams1="5" teams2="0" type="HARD"/>
      <CA2 max="0" min="0" mode1="A" mode2="GLOBAL" penalty="1" slots="13" teams1="4" teams2="7" type="HARD"/>
      <CA2 max="0" min="0" mode1="H" mode2="GLOBAL" penalty="1" slots="9" teams1="13" teams2="2" type="HARD"/>
      <CA2 max="0" min="0" mode1="H" mode2="GLOBAL" penalty="1" slots="2" teams1="14" teams2="11" type="HARD"/>
      <CA4 max="2" min="0" mode1="H" mode2="GLOBAL" penalty="5" slots="3;11;20;24;25;28" teams1="0;1;2;3;9;12" teams2="0;1;2;3;9;12" type="SOFT"/>
      <CA4 max="1" min="0" mode1="H" mode2="EVERY" penalty="5" slots="22" teams1="9;14" teams2="0;1;2;3;4;5;6;7;8;9;10;11;12;13;14;15" type="SOFT"/>
      <CA4 max="2" min="0" mode1="H" mode2="GLOBAL" penalty="5" slots="0;1;6;14;18;28" teams1="4;5;6;8;14;15" teams2="4;5;6;8;14;15" type="SOFT"/>
      <CA4 max="2" min="0" mode1="H" mode2="GLOBAL" penalty="5" slots="1;2;4;7;21;29" teams1="1;6;7;9;11;14" teams2="1;6;7;9;11;14" type="SOFT"/>
      <CA4 max="2" min="0" mode1="H" mode2="GLOBAL" penalty="5" slots="6;18;22;24;25;26" teams1="1;7;9;10;12;13" teams2="1;7;9;10;12;13" type="SOFT"/>
      <CA4 max="1" min="0" mode1="H" mode2="EVERY" penalty="5" slots="29" teams1="1;11" teams2="0;1;2;3;4;5;6;7;8;9;10;11;12;13;14;15" type="SOFT"/>
      <CA4 max="1" min="0" mode1="H" mode2="GLOBAL" penalty="5" slots="2;9;13;18;22" teams1="4;5;7;10;15" teams2="4;5;7;10;15" type="SOFT"/>
      <CA4 max="1" min="0" mode1="H" mode2="EVERY" penalty="5" slots="26" teams1="1;9" teams2="0;1;2;3;4;5;6;7;8;9;10;11;12;13;14;15" type="SOFT"/>
      <CA4 max="1" min="0" mode1="H" mode2="EVERY" penalty="5" slots="3" teams1="0;10" teams2="0;1;2;3;4;5;6;7;8;9;10;11;12;13;14;15" type="SOFT"/>
      <CA4 max="1" min="0" mode1="H" mode2="GLOBAL" penalty="5" slots="1;5;17;21;29" teams1="3;5;7;12;15" teams2="3;5;7;12;15" type="SOFT"/>
      <CA4 max="1" min="0" mode1="H" mode2="GLOBAL" penalty="5" slots="1;12;22;26" teams1="3;9;10;14" teams2="3;9;10;14" type="SOFT"/>
      <CA4 max="1" min="0" mode1="H" mode2="EVERY" penalty="5" slots="6" teams1="3;10" teams2="0;1;2;3;4;5;6;7;8;9;10;11;12;13;14;15" type="SOFT"/>
      <CA4 max="1" min="0" mode1="H" mode2="GLOBAL" penalty="5" slots="6;15;18;29" teams1="2;3;9;15" teams2="2;3;9;15" type="SOFT"/>
      <CA4 max="1" min="0" mode1="H" mode2="GLOBAL" penalty="5" slots="1;5;26;28" teams1="1;9;11;15" teams2="1;9;11;15" type="SOFT"/>
      <CA4 max="1" min="0" mode1="H" mode2="GLOBAL" penalty="5" slots="1;2;11;12;18" teams1="0;2;6;7;9" teams2="0;2;6;7;9" type="SOFT"/>
      <CA4 max="2" min="0" mode1="H" mode2="GLOBAL" penalty="5" slots="4;8;11;15;16;19" teams1="1;3;4;5;7;10" teams2="1;3;4;5;7;10" type="SOFT"/>
      <CA4 max="2" min="0" mode1="H" mode2="GLOBAL" penalty="5" slots="3;7;11;13;16;19" teams1="0;2;5;9;13;14" teams2="0;2;5;9;13;14" type="SOFT"/>
      <CA4 max="1" min="0" mode1="H" mode2="GLOBAL" penalty="5" slots="20;21;25;28" teams1="0;8;9;10" teams2="0;8;9;10" type="SOFT"/>
      <CA4 max="1" min="0" mode1="H" mode2="GLOBAL" penalty="5" slots="2;13;17;28;29" teams1="0;1;12;13;14" teams2="0;1;12;13;14" type="SOFT"/>
      <CA4 max="2" min="0" mode1="H" mode2="GLOBAL" penalty="5" slots="6;12;14;18;20;29" teams1="0;3;9;11;12;14" teams2="0;3;9;11;12;14" type="SOFT"/>
      <CA4 max="1" min="0" mode1="H" mode2="GLOBAL" penalty="5" slots="5;18;20;22;24" teams1="3;5;6;8;10" teams2="3;5;6;8;10" type="SOFT"/>
      <CA4 max="1" min="0" mode1="H" mode2="GLOBAL" penalty="5" slots="3;7;12;25;29" teams1="2;3;12;13;15" teams2="2;3;12;13;15" type="SOFT"/>
      <CA4 max="2" min="0" mode1="H" mode2="GLOBAL" penalty="5" slots="3;4;8;10;13;21" teams1="2;4;5;7;8;12" teams2="2;4;5;7;8;12" type="SOFT"/>
      <CA4 max="1" min="0" mode1="H" mode2="GLOBAL" penalty="5" slots="7;13;14;15;23" teams1="1;3;9;12;13" teams2="1;3;9;12;13" type="SOFT"/>
      <CA4 max="1" min="0" mode1="H" mode2="GLOBAL" penalty="5" slots="4;11;13;19" teams1="1;8;9;10" teams2="1;8;9;10" type="SOFT"/>
      <CA4 max="2" min="0" mode1="H" mode2="GLOBAL" penalty="5" slots="1;7;17;21;23;27" teams1="1;2;8;9;14;15" teams2="1;2;8;9;14;15" type="SOFT"/>
      <CA4 max="1" min="0" mode1="H" mode2="GLOBAL" penalty="5" slots="0;2;5;8;24" teams1="1;3;6;9;11" teams2="1;3;6;9;11" type="SOFT"/>
      <CA4 max="1" min="0" mode1="H" mode2="GLOBAL" penalty="5" slots="11;16;17;21;22" teams1="0;8;9;13;14" teams2="0;8;9;13;14" type="SOFT"/>
      <CA4 max="2" min="0" mode1="H" mode2="GLOBAL" penalty="5" slots="10;16;22;25;26;29" teams1="0;2;5;6;11;12" teams2="0;2;5;6;11;12" type="SOFT"/>
      <CA4 max="2" min="0" mode1="H" mode2="GLOBAL" penalty="5" slots="3;11;20;21;23;29" teams1="0;1;3;4;12;14" teams2="0;1;3;4;12;14" type="SOFT"/>
      <CA4 max="1" min="0" mode1="H" mode2="EVERY" penalty="5" slots="7" teams1="0;2" teams2="0;1;2;3;4;5;6;7;8;9;10;11;12;13;14;15" type="SOFT"/>
      <CA4 max="1" min="0" mode1="H" mode2="GLOBAL" penalty="5" slots="4;13;18;29" teams1="1;2;3;10" teams2="1;2;3;10" type="SOFT"/>
      <CA4 max="1" min="0" mode1="H" mode2="EVERY" penalty="5" slots="18" teams1="6;7" teams2="0;1;2;3;4;5;6;7;8;9;10;11;12;13;14;15" type="SOFT"/>
      <CA4 max="1" min="0" mode1="H" mode2="GLOBAL" penalty="5" slots="3;15;27;29" teams1="0;3;14;15" teams2="0;3;14;15" type="SOFT"/>
      <CA4 max="1" min="0" mode1="H" mode2="GLOBAL" penalty="5" slots="8;14;21;22" teams1="2;3;5;6" teams2="2;3;5;6" type="SOFT"/>
      <CA4 max="1" min="0" mode1="H" mode2="GLOBAL" penalty="5" slots="1;3;8;9;10" teams1="2;3;4;7;10" teams2="2;3;4;7;10" type="SOFT"/>
      <CA4 max="1" min="0" mode1="H" mode2="EVERY" penalty="5" slots="8" teams1="12;13" teams2="0;1;2;3;4;5;6;7;8;9;10;11;12;13;14;15" type="SOFT"/>
      <CA4 max="2" min="0" mode1="H" mode2="GLOBAL" penalty="5" slots="1;3;4;6;9;10" teams1="4;7;9;11;13;14" teams2="4;7;9;11;13;14" type="SOFT"/>
      <CA4 max="1" min="0" mode1="H" mode2="GLOBAL" penalty="5" slots="13;15;23;28" teams1="2;6;7;8" teams2="2;6;7;8" type="SOFT"/>
      <CA4 max="2" min="0" mode1="H" mode2="GLOBAL" penalty="5" slots="5;8;15;16;21;26" teams1="1;3;6;11;14;15" teams2="1;3;6;11;14;15" type="SOFT"/>
      <CA4 max="1" min="0" mode1="H" mode2="EVERY" penalty="5" slots="3" teams1="11;14" teams2="0;1;2;3;4;5;6;7;8;9;10;11;12;13;14;15" type="SOFT"/>
      <CA4 max="1" min="0" mode1="H" mode2="GLOBAL" penalty="5" slots="12;14;15;28" teams1="6;7;8;11" teams2="6;7;8;11" type="SOFT"/>
      <CA4 max="1" min="0" mode1="H" mode2="EVERY" penalty="5" slots="27" teams1="2;10" teams2="0;1;2;3;4;5;6;7;8;9;10;11;12;13;14;15" type="SOFT"/>
      <CA4 max="1" min="0" mode1="H" mode2="GLOBAL" penalty="5" slots="8;15;17;24;29" teams1="0;4;9;11;13" teams2="0;4;9;11;13" type="SOFT"/>
      <CA4 max="1" min="0" mode1="H" mode2="GLOBAL" penalty="5" slots="8;12;13;17" teams1="1;5;7;15" teams2="1;5;7;15" type="SOFT"/>
      <CA4 max="1" min="0" mode1="H" mode2="GLOBAL" penalty="5" slots="2;4;16;22" teams1="4;8;13;14" teams2="4;8;13;14" type="SOFT"/>
      <CA4 max="1" min="0" mode1="H" mode2="EVERY" penalty="5" slots="16" teams1="4;5" teams2="0;1;2;3;4;5;6;7;8;9;10;11;12;13;14;15" type="SOFT"/>
      <CA4 max="1" min="0" mode1="H" mode2="GLOBAL" penalty="5" slots="20;21;22;28" teams1="2;4;5;8" teams2="2;4;5;8" type="SOFT"/>
      <CA4 max="1" min="0" mode1="H" mode2="EVERY" penalty="5" slots="25" teams1="2;11" teams2="0;1;2;3;4;5;6;7;8;9;10;11;12;13;14;15" type="SOFT"/>
      <CA4 max="2" min="0" mode1="H" mode2="GLOBAL" penalty="5" slots="4;6;14;23;26;29" teams1="2;5;7;9;12;14" teams2="2;5;7;9;12;14" type="SOFT"/>
      <CA4 max="2" min="0" mode1="H" mode2="GLOBAL" penalty="5" slots="4;11;15;16;27;29" teams1="1;3;4;9;12;14" teams2="1;3;4;9;12;14" type="SOFT"/>
      <CA4 max="2" min="0" mode1="H" mode2="GLOBAL" penalty="5" slots="0;1;6;8;14;25" teams1="1;3;4;8;9;14" teams2="1;3;4;8;9;14" type="SOFT"/>
      <CA4 max="2" min="0" mode1="H" mode2="GLOBAL" penalty="5" slots="6;13;15;23;25;27" teams1="1;2;4;5;8;9" teams2="1;2;4;5;8;9" type="SOFT"/>
      <CA4 max="1" min="0" mode1="H" mode2="EVERY" penalty="5" slots="3" teams1="8;9" teams2="0;1;2;3;4;5;6;7;8;9;10;11;12;13;14;15" type="SOFT"/>
      <CA4 max="1" min="0" mode1="H" mode2="EVERY" penalty="5" slots="13" teams1="8;13" teams2="0;1;2;3;4;5;6;7;8;9;10;11;12;13;14;15" type="SOFT"/>
      <CA4 max="2" min="0" mode1="H" mode2="GLOBAL" penalty="5" slots="1;3;7;9;13;16" teams1="0;3;6;7;8;15" teams2="0;3;6;7;8;15" type="SOFT"/>
      <CA4 max="1" min="0" mode1="H" mode2="GLOBAL" penalty="5" slots="4;6;18;19;23" teams1="1;3;6;10;11" teams2="1;3;6;10;11" type="SOFT"/>
      <CA4 max="1" min="0" mode1="H" mode2="GLOBAL" penalty="5" slots="2;8;20;26" teams1="2;8;12;15" teams2="2;8;12;15" type="SOFT"/>
      <CA4 max="1" min="0" mode1="H" mode2="GLOBAL" penalty="5" slots="4;6;14;21" teams1="0;1;7;9" teams2="0;1;7;9" type="SOFT"/>
      <CA4 max="1" min="0" mode1="H" mode2="EVERY" penalty="5" slots="22" teams1="0;8" teams2="0;1;2;3;4;5;6;7;8;9;10;11;12;13;14;15" type="SOFT"/>
      <CA4 max="1" min="0" mode1="H" mode2="EVERY" penalty="5" slots="0" teams1="10;11" teams2="0;1;2;3;4;5;6;7;8;9;10;11;12;13;14;15" type="SOFT"/>
      <CA4 max="1" min="0" mode1="H" mode2="GLOBAL" penalty="5" slots="3;7;12;13" teams1="0;7;12;13" teams2="0;7;12;13" type="SOFT"/>
      <CA4 max="1" min="0" mode1="H" mode2="GLOBAL" penalty="5" slots="2;14;17;20" teams1="0;9;13;15" teams2="0;9;13;15" type="SOFT"/>
      <CA4 max="1" min="0" mode1="H" mode2="GLOBAL" penalty="5" slots="2;9;12;13;22" teams1="6;9;12;14;15" teams2="6;9;12;14;15" type="SOFT"/>
      <CA4 max="1" min="0" mode1="H" mode2="EVERY" penalty="5" slots="28" teams1="9;15" teams2="0;1;2;3;4;5;6;7;8;9;10;11;12;13;14;15" type="SOFT"/>
      <CA4 max="1" min="0" mode1="H" mode2="GLOBAL" penalty="5" slots="3;15;20;21;27" teams1="0;2;3;9;10" teams2="0;2;3;9;10" type="SOFT"/>
      <CA4 max="1" min="0" mode1="H" mode2="EVERY" penalty="5" slots="29" teams1="6;11" teams2="0;1;2;3;4;5;6;7;8;9;10;11;12;13;14;15" type="SOFT"/>
      <CA4 max="1" min="0" mode1="H" mode2="GLOBAL" penalty="5" slots="0;5;20;27" teams1="1;5;7;10" teams2="1;5;7;10" type="SOFT"/>
      <CA4 max="2" min="0" mode1="H" mode2="GLOBAL" penalty="5" slots="6;7;11;12;18;29" teams1="0;1;2;5;10;12" teams2="0;1;2;5;10;12" type="SOFT"/>
      <CA4 max="1" min="0" mode1="H" mode2="EVERY" penalty="5" slots="29" teams1="1;12" teams2="0;1;2;3;4;5;6;7;8;9;10;11;12;13;14;15" type="SOFT"/>
      <CA4 max="1" min="0" mode1="H" mode2="EVERY" penalty="5" slots="24" teams1="2;4" teams2="0;1;2;3;4;5;6;7;8;9;10;11;12;13;14;15" type="SOFT"/>
      <CA4 max="1" min="0" mode1="H" mode2="GLOBAL" penalty="5" slots="4;15;18;20" teams1="1;4;9;13" teams2="1;4;9;13" type="SOFT"/>
      <CA4 max="2" min="0" mode1="H" mode2="GLOBAL" penalty="5" slots="1;4;9;20;22;28" teams1="0;1;4;10;13;14" teams2="0;1;4;10;13;14" type="SOFT"/>
      <CA4 max="1" min="0" mode1="H" mode2="GLOBAL" penalty="5" slots="13;15;27;28" teams1="4;9;10;13" teams2="4;9;10;13" type="SOFT"/>
      <CA4 max="1" min="0" mode1="H" mode2="GLOBAL" penalty="5" slots="3;14;15;21;22" teams1="1;5;9;10;12" teams2="1;5;9;10;12" type="SOFT"/>
      <CA4 max="1" min="0" mode1="H" mode2="EVERY" penalty="5" slots="22" teams1="7;9" teams2="0;1;2;3;4;5;6;7;8;9;10;11;12;13;14;15" type="SOFT"/>
      <CA4 max="1" min="0" mode1="H" mode2="EVERY" penalty="5" slots="19" teams1="4;7" teams2="0;1;2;3;4;5;6;7;8;9;10;11;12;13;14;15" type="SOFT"/>
      <CA4 max="1" min="0" mode1="H" mode2="GLOBAL" penalty="5" slots="9;10;13;28" teams1="8;9;13;15" teams2="8;9;13;15" type="SOFT"/>
      <CA4 max="1" min="0" mode1="H" mode2="GLOBAL" penalty="5" slots="20;21;26;27;28" teams1="0;10;12;14;15" teams2="0;10;12;14;15" type="SOFT"/>
      <CA4 max="1" min="0" mode1="H" mode2="GLOBAL" penalty="5" slots="0;5;11;14;23" teams1="0;3;9;13;14" teams2="0;3;9;13;14" type="SOFT"/>
      <CA4 max="1" min="0" mode1="H" mode2="GLOBAL" penalty="5" slots="1;16;17;29" teams1="2;3;13;14" teams2="2;3;13;14" type="SOFT"/>
      <CA4 max="1" min="0" mode1="H" mode2="GLOBAL" penalty="5" slots="4;12;19;23" teams1="1;5;10;15" teams2="1;5;10;15" type="SOFT"/>
      <CA4 max="1" min="0" mode1="H" mode2="GLOBAL" penalty="5" slots="7;12;20;25;27" teams1="2;4;6;7;8" teams2="2;4;6;7;8" type="SOFT"/>
      <CA4 max="1" min="0" mode1="H" mode2="GLOBAL" penalty="5" slots="1;13;18;22;23" teams1="1;5;6;7;11" teams2="1;5;6;7;11" type="SOFT"/>
    </CapacityConstraints>
    <GameConstraints>
      <GA1 max="0" meetings="1,11;" min="0" penalty="1" slots="2" type="HARD"/>
      <GA1 max="0" meetings="2,11;" min="0" penalty="1" slots="1" type="HARD"/>
      <GA1 max="1" meetings="6,3;" min="1" penalty="1" slots="2" type="HARD"/>
      <GA1 max="0" meetings="6,15;" min="0" penalty="1" slots="2" type="HARD"/>
      <GA1 max="1" meetings="0,10;" min="1" penalty="1" slots="14" type="HARD"/>
      <GA1 max="1" meetings="9,1;10,14;" min="0" penalty="1" slots="6;17" type="HARD"/>
      <GA1 max="0" meetings="11,8;" min="0" penalty="1" slots="3" type="HARD"/>
      <GA1 max="1" meetings="7,11;" min="1" penalty="1" slots="28" type="HARD"/>
      <GA1 max="0" meetings="5,2;" min="0" penalty="1" slots="16" type="HARD"/>
      <GA1 max="1" meetings="3,1;13,0;" min="0" penalty="1" slots="2;9" type="HARD"/>
      <GA1 max="1" meetings="8,13;" min="1" penalty="1" slots="18" type="HARD"/>
      <GA1 max="0" meetings="13,9;" min="0" penalty="1" slots="19" type="HARD"/>
      <GA1 max="0" meetings="1,3;" min="0" penalty="1" slots="21" type="SOFT"/>
      <GA1 max="1" meetings="11,8;" min="1" penalty="1" slots="23" type="SOFT"/>
      <GA1 max="1" meetings="7,14;" min="1" penalty="1" slots="2;6;7" type="SOFT"/>
      <GA1 max="0" meetings="4,10;" min="0" penalty="1" slots="27" type="SOFT"/>
      <GA1 max="3" meetings="5,7;8,5;10,1;" min="2" penalty="1" slots="1;9;16;24" type="SOFT"/>
      <GA1 max="1" meetings="6,12;" min="1" penalty="1" slots="2" type="SOFT"/>
      <GA1 max="0" meetings="0,8;" min="0" penalty="1" slots="6" type="SOFT"/>
      <GA1 max="0" meetings="6,12;" min="0" penalty="1" slots="2" type="SOFT"/>
      <GA1 max="1" meetings="6,9;" min="1" penalty="1" slots="14" type="SOFT"/>
      <GA1 max="0" meetings="2,10;" min="0" penalty="1" slots="2;18;19" type="SOFT"/>
    </GameConstraints>
    <BreakConstraints>
      <BR1 intp="2" mode1="LEQ" mode2="HA" penalty="1" slots="1;11;20;24;26;28" teams="0" type="HARD"/>
      <BR1 intp="0" mode1="LEQ" mode2="HA" penalty="1" slots="27" teams="0" type="HARD"/>
      <BR1 intp="2" mode1="LEQ" mode2="HA" penalty="1" slots="0;3;5;10;16;21" teams="11" type="HARD"/>
      <BR1 intp="0" mode1="LEQ" mode2="HA" penalty="1" slots="12" teams="7" type="HARD"/>
      <BR1 intp="2" mode1="LEQ" mode2="HA" penalty="1" slots="3;7;19;24;26;28" teams="15" type="HARD"/>
      <BR1 intp="0" mode1="LEQ" mode2="HA" penalty="1" slots="20" teams="10" type="HARD"/>
      <BR1 intp="0" mode1="LEQ" mode2="HA" penalty="1" slots="5" teams="2" type="HARD"/>
      <BR1 intp="0" mode1="LEQ" mode2="HA" penalty="1" slots="3" teams="1" type="HARD"/>
      <BR1 intp="0" mode1="LEQ" mode2="HA" penalty="1" slots="29" teams="9" type="HARD"/>
      <BR1 intp="0" mode1="LEQ" mode2="HA" penalty="1" slots="14" teams="10" type="HARD"/>
      <BR1 intp="2" mode1="LEQ" mode2="HA" penalty="1" slots="3;4;5;10;21;23" teams="2" type="HARD"/>
      <BR1 intp="1" mode1="LEQ" mode2="HA" penalty="1" slots="3;17;21" teams="7" type="HARD"/>
      <BR1 intp="0" mode1="LEQ" mode2="HA" penalty="1" slots="23" teams="8" type="HARD"/>
      <BR1 intp="2" mode1="LEQ" mode2="HA" penalty="1" slots="1;3;6;10;15;20" teams="11" type="HARD"/>
      <BR1 intp="2" mode1="LEQ" mode2="HA" penalty="1" slots="8;9;11;20;28;29" teams="7" type="HARD"/>
      <BR1 intp="2" mode1="LEQ" mode2="HA" penalty="1" slots="2;11;14;16;18;23" teams="3" type="HARD"/>
      <BR1 intp="0" mode1="LEQ" mode2="HA" penalty="1" slots="9" teams="4" type="HARD"/>
      <BR1 intp="2" mode1="LEQ" mode2="HA" penalty="1" slots="3;12;22;23;25;27" teams="15" type="HARD"/>
      <BR1 intp="0" mode1="LEQ" mode2="HA" penalty="1" slots="0" teams="1" type="HARD"/>
      <BR1 intp="2" mode1="LEQ" mode2="HA" penalty="1" slots="2;6;9;11;17;25" teams="9" type="HARD"/>
      <BR1 intp="2" mode1="LEQ" mode2="HA" penalty="1" slots="1;6;9;17;21;28" teams="11" type="HARD"/>
      <BR1 intp="1" mode1="LEQ" mode2="HA" penalty="1" slots="4;15;23" teams="0" type="HARD"/>
      <BR1 intp="1" mode1="LEQ" mode2="HA" penalty="1" slots="1;14;18" teams="9" type="HARD"/>
      <BR1 intp="0" mode1="LEQ" mode2="HA" penalty="1" slots="11" teams="8" type="HARD"/>
      <BR1 intp="2" mode1="LEQ" mode2="HA" penalty="1" slots="6;8;12;14;15;25" teams="8" type="HARD"/>
      <BR1 intp="0" mode1="LEQ" mode2="HA" penalty="1" slots="15" teams="9" type="HARD"/>
      <BR1 intp="0" mode1="LEQ" mode2="HA" penalty="1" slots="25" teams="15" type="HARD"/>
      <BR1 intp="2" mode1="LEQ" mode2="HA" penalty="1" slots="3;5;16;18;22;26" teams="12" type="HARD"/>
      <BR1 intp="0" mode1="LEQ" mode2="HA" penalty="1" slots="28" teams="1" type="HARD"/>
      <BR1 intp="2" mode1="LEQ" mode2="HA" penalty="1" slots="4;6;13;18;19;24" teams="9" type="HARD"/>
      <BR1 intp="0" mode1="LEQ" mode2="HA" penalty="1" slots="14" teams="0" type="HARD"/>
      <BR1 intp="2" mode1="LEQ" mode2="HA" penalty="1" slots="5;6;8;15;16;29" teams="5" type="HARD"/>
      <BR1 intp="0" mode1="LEQ" mode2="HA" penalty="1" slots="1" teams="12" type="HARD"/>
      <BR1 intp="1" mode1="LEQ" mode2="HA" penalty="1" slots="14;26;27" teams="12" type="HARD"/>
      <BR1 intp="1" mode1="LEQ" mode2="HA" penalty="1" slots="10;16;23" teams="2" type="HARD"/>
      <BR2 intp="78" mode1="REGULAR" mode2="LEQ" penalty="1" slots="0;1;2;3;4;5;6;7;8;9;10;11;12;13;14;15;16;17;18;19;20;21;22;23;24;25;26;27;28;29" teams="0;1;2;3;4;5;6;7;8;9;10;11;12;13;14;15" type="HARD"/>
    </BreakConstraints>
    <FairnessConstraints>
      <FA2 intp="2" mode="H" penalty="10" slots="0;1;2;3;4;5;6;7;8;9;10;11;12;13;14;15;16;17;18;19;20;21;22;23;24;25;26;27;28;29" teams="0;1;2;3;4;5;6;7;8;9;10;11;12;13;14;15" type="SOFT"/>
    </FairnessConstraints>
    <SeparationConstraints>
      <SE1 min="10" penalty="10" teams="0;1;2;3;4;5;6;7;8;9;10;11;12;13;14;15" type="SOFT"/>
    </SeparationConstraints>
  </Constraints>
</Instance>
