<?xml version="1.0" encoding="UTF-8"?>
<Instance>
  <MetaData>
    <InstanceName>./InstancesITC2021/RandomInstance0.xml</InstanceName>
    <DataType>A</DataType>
    <Contributor>ITC2021</Contributor>
    <Country>NULL</Country>
    <Description>See www/sportscheduling.ugent.be/ITC2021</Description>
    <Remarks>NULL</Remarks>
  </MetaData>
  <Structure>
    <Format leagueIds="0">
      <numberRoundRobin>2</numberRoundRobin>
      <compactness>C</compactness>
      <gameMode>P</gameMode>
    </Format>
    <AdditionalGames/>
  </Structure>
  <ObjectiveFunction>
    <Objective>SC</Objective>
  </ObjectiveFunction>
  <Data>
    <Distances/>
    <COEWeights/>
    <Costs/>
  </Data>
  <Resources>
    <LeagueGroups/>
    <Leagues>
      <league id="0" name="League 0"/>
    </Leagues>
    <TeamGroups/>
    <Teams>
      <team id="0" league="0" name="Team 0"/>
      <team id="1" league="0" name="Team 1"/>
      <team id="2" league="0" name="Team 2"/>
      <team id="3" league="0" name="Team 3"/>
      <team id="4" league="0" name="Team 4"/>
      <team id="5" league="0" name="Team 5"/>
      <team id="6" league="0" name="Team 6"/>
      <team id="7" league="0" name="Team 7"/>
      <team id="8" league="0" name="Team 8"/>
      <team id="9" league="0" name="Team 9"/>
      <team id="10" league="0" name="Team 10"/>
      <team id="11" league="0" name="Team 11"/>
      <team id="12" league="0" name="Team 12"/>
      <team id="13" league="0" name="Team 13"/>
      <team id="14" league="0" name="Team 14"/>
      <team id="15" league="0" name="Team 15"/>
    </Teams>
    <SlotGroups/>
    <Slots>
      <slot id="0" name="Slot 0"/>
      <slot id="1" name="Slot 1"/>
      <slot id="2" name="Slot 2"/>
      <slot id="3" name="Slot 3"/>
      <slot id="4" name="Slot 4"/>
      <slot id="5" name="Slot 5"/>
      <slot id="6" name="Slot 6"/>
      <slot id="7" name="Slot 7"/>
      <slot id="8" name="Slot 8"/>
      <slot id="9" name="Slot 9"/>
      <slot id="10" name="Slot 10"/>
      <slot id="11" name="Slot 11"/>
      <slot id="12" name="Slot 12"/>
      <slot id="13" name="Slot 13"/>
      <slot id="14" name="Slot 14"/>
      <slot id="15" name="Slot 15"/>
      <slot id="16" name="Slot 16"/>
      <slot id="17" name="Slot 17"/>
      <slot id="18" name="Slot 18"/>
      <slot id="19" name="Slot 19"/>
      <slot id="20" name="Slot 20"/>
      <slot id="21" name="Slot 21"/>
      <slot id="22" name="Slot 22"/>
      <slot id="23" name="Slot 23"/>
      <slot id="24" name="Slot 24"/>
      <slot id="25" name="Slot 25"/>
      <slot id="26" name="Slot 26"/>
      <slot id="27" name="Slot 27"/>
      <slot id="28" name="Slot 28"/>
      <slot id="29" name="Slot 29"/>
    </Slots>
  </Resources>
  <Constraints>
    <BasicConstraints/>
    <CapacityConstraints>
      <CA1 max="1" min="0" mode="H" penalty="1" slots="7;17;23;26" teams="8" type="HARD"/>
      <CA1 max="0" min="0" mode="H" penalty="1" slots="22" teams="11" type="HARD"/>
      <CA1 max="1" min="0" mode="A" penalty="1" slots="2;27" teams="5" type="HARD"/>
      <CA1 max="1" min="0" mode="H" penalty="1" slots="6;7;10;28" teams="9" type="HARD"/>
      <CA1 max="0" min="0" mode="A" penalty="1" slots="14" teams="3" type="HARD"/>
      <CA1 max="2" min="0" mode="A" penalty="1" slots="0;6;19;24" teams="6" type="HARD"/>
      <CA1 max="1" min="0" mode="A" penalty="1" slots="3;18" teams="10" type="HARD"/>
      <CA1 max="1" min="0" mode="A" penalty="1" slots="0;1;17" teams="9" type="HARD"/>
      <CA1 max="1" min="0" mode="H" penalty="1" slots="4;12;20;29" teams="3" type="SOFT"/>
      <CA1 max="1" min="0" mode="A" penalty="1" slots="8;22" teams="8" type="SOFT"/>
      <CA1 max="1" min="0" mode="H" penalty="1" slots="2;17;26" teams="15" type="SOFT"/>
      <CA1 max="1" min="0" mode="H" penalty="1" slots="8;12;15;21;23" teams="14" type="SOFT"/>
      <CA1 max="0" min="0" mode="H" penalty="1" slots="21" teams="14" type="SOFT"/>
      <CA1 max="2" min="0" mode="H" penalty="1" slots="0;7;10;12;17;20" teams="10" type="SOFT"/>
      <CA1 max="1" min="0" mode="H" penalty="1" slots="7;8;20;22;27" teams="5" type="SOFT"/>
      <CA1 max="0" min="0" mode="H" penalty="1" slots="7" teams="13" type="SOFT"/>
      <CA1 max="1" min="0" mode="A" penalty="1" slots="5;27" teams="13" type="SOFT"/>
      <CA1 max="0" min="0" mode="A" penalty="1" slots="18" teams="2" type="SOFT"/>
      <CA1 max="0" min="0" mode="A" penalty="1" slots="23" teams="12" type="SOFT"/>
      <CA1 max="2" min="0" mode="H" penalty="1" slots="5;19;22;23;24;29" teams="2" type="SOFT"/>
      <CA1 max="0" min="0" mode="A" penalty="1" slots="2" teams="10" type="SOFT"/>
      <CA1 max="2" min="0" mode="A" penalty="1" slots="0;4;5;13;23;25" teams="13" type="SOFT"/>
      <CA1 max="0" min="0" mode="A" penalty="1" slots="21" teams="3" type="SOFT"/>
      <CA1 max="1" min="0" mode="H" penalty="1" slots="14;22" teams="5" type="SOFT"/>
      <CA1 max="0" min="0" mode="H" penalty="1" slots="20" teams="6" type="SOFT"/>
      <CA1 max="1" min="0" mode="A" penalty="1" slots="8;9;14;24;25" teams="2" type="SOFT"/>
      <CA1 max="0" min="0" mode="A" penalty="1" slots="7" teams="13" type="SOFT"/>
      <CA1 max="1" min="0" mode="A" penalty="1" slots="1;8;12;18;20" teams="6" type="SOFT"/>
      <CA1 max="0" min="0" mode="H" penalty="1" slots="1" teams="14" type="SOFT"/>
      <CA1 max="1" min="0" mode="A" penalty="1" slots="5;10;14;15;28" teams="11" type="SOFT"/>
      <CA1 max="1" min="0" mode="H" penalty="1" slots="1;2" teams="15" type="SOFT"/>
      <CA1 max="1" min="0" mode="A" penalty="1" slots="7;10;15;18;23" teams="4" type="SOFT"/>
      <CA1 max="0" min="0" mode="A" penalty="1" slots="6" teams="13" type="SOFT"/>
      <CA1 max="2" min="0" mode="H" penalty="1" slots="5;9;11;12;22;27" teams="1" type="SOFT"/>
      <CA1 max="1" min="0" mode="H" penalty="1" slots="7;18;22;29" teams="9" type="SOFT"/>
      <CA1 max="0" min="0" mode="H" penalty="1" slots="1" teams="1" type="SOFT"/>
      <CA1 max="1" min="0" mode="A" penalty="1" slots="9;15;18" teams="7" type="SOFT"/>
      <CA2 max="1" min="0" mode1="HA" mode2="GLOBAL" penalty="1" slots="5;7;18;25;26" teams1="12" teams2="0;6;13;14;15" type="HARD"/>
      <CA2 max="0" min="0" mode1="H" mode2="GLOBAL" penalty="1" slots="0" teams1="12" teams2="6" type="HARD"/>
      <CA2 max="1" min="0" mode1="HA" mode2="GLOBAL" penalty="1" slots="2;7;13;20;22" teams1="2" teams2="1;4;8;11;13" type="HARD"/>
      <CA2 max="0" min="0" mode1="H" mode2="GLOBAL" penalty="1" slots="10" teams1="1" teams2="0" type="HARD"/>
      <CA2 max="0" min="0" mode1="A" mode2="GLOBAL" penalty="1" slots="7" teams1="3" teams2="5" type="HARD"/>
      <CA2 max="1" min="0" mode1="HA" mode2="GLOBAL" penalty="1" slots="3;10;25;26" teams1="11" teams2="1;12;14;15" type="HARD"/>
      <CA2 max="0" min="0" mode1="H" mode2="GLOBAL" penalty="1" slots="14" teams1="2" teams2="0" type="HARD"/>
      <CA2 max="0" min="0" mode1="A" mode2="GLOBAL" penalty="1" slots="9" teams1="8" teams2="11" type="HARD"/>
      <CA2 max="0" min="0" mode1="A" mode2="GLOBAL" penalty="1" slots="27" teams1="9" teams2="14" type="HARD"/>
      <CA2 max="0" min="0" mode1="H" mode2="GLOBAL" penalty="1" slots="15" teams1="5" teams2="4" type="HARD"/>
      <CA2 max="0" min="0" mode1="H" mode2="GLOBAL" penalty="1" slots="9" teams1="7" teams2="0" type="HARD"/>
      <CA2 max="4" min="0" mode1="HA" mode2="GLOBAL" penalty="1" slots="8;11;14;21;22;29" teams1="2" teams2="3;7;8;10;13;15" type="HARD"/>
      <CA2 max="2" min="0" mode1="HA" mode2="GLOBAL" penalty="1" slots="0;1;18;19;21;25" teams1="12" teams2="0;3;5;13;14;15" type="HARD"/>
      <CA2 max="0" min="0" mode1="H" mode2="GLOBAL" penalty="1" slots="12" teams1="12" teams2="3" type="HARD"/>
      <CA2 max="0" min="0" mode1="H" mode2="GLOBAL" penalty="1" slots="25" teams1="5" teams2="2" type="HARD"/>
      <CA2 max="1" min="0" mode1="HA" mode2="GLOBAL" penalty="1" slots="6;12;14;17" teams1="15" teams2="4;11;12;13" type="HARD"/>
      <CA4 max="2" min="0" mode1="H" mode2="GLOBAL" penalty="5" slots="10;13;16;18;19;22" teams1="1;2;3;5;11;15" teams2="1;2;3;5;11;15" type="SOFT"/>
      <CA4 max="2" min="0" mode1="H" mode2="GLOBAL" penalty="5" slots="1;12;17;24;25;29" teams1="3;4;5;8;10;11" teams2="3;4;5;8;10;11" type="SOFT"/>
      <CA4 max="2" min="0" mode1="H" mode2="GLOBAL" penalty="5" slots="2;13;14;15;16;18" teams1="1;7;9;11;14;15" teams2="1;7;9;11;14;15" type="SOFT"/>
      <CA4 max="1" min="0" mode1="H" mode2="EVERY" penalty="5" slots="2" teams1="3;13" teams2="0;1;2;3;4;5;6;7;8;9;10;11;12;13;14;15" type="SOFT"/>
      <CA4 max="1" min="0" mode1="H" mode2="EVERY" penalty="5" slots="25" teams1="4;15" teams2="0;1;2;3;4;5;6;7;8;9;10;11;12;13;14;15" type="SOFT"/>
      <CA4 max="1" min="0" mode1="H" mode2="GLOBAL" penalty="5" slots="6;10;13;24" teams1="3;10;11;15" teams2="3;10;11;15" type="SOFT"/>
      <CA4 max="2" min="0" mode1="H" mode2="GLOBAL" penalty="5" slots="5;6;7;10;14;27" teams1="1;3;6;9;13;14" teams2="1;3;6;9;13;14" type="SOFT"/>
      <CA4 max="1" min="0" mode1="H" mode2="EVERY" penalty="5" slots="29" teams1="2;8" teams2="0;1;2;3;4;5;6;7;8;9;10;11;12;13;14;15" type="SOFT"/>
      <CA4 max="2" min="0" mode1="H" mode2="GLOBAL" penalty="5" slots="4;8;11;15;22;28" teams1="0;1;3;4;11;12" teams2="0;1;3;4;11;12" type="SOFT"/>
      <CA4 max="1" min="0" mode1="H" mode2="GLOBAL" penalty="5" slots="8;13;19;20;26" teams1="0;2;9;13;15" teams2="0;2;9;13;15" type="SOFT"/>
      <CA4 max="2" min="0" mode1="H" mode2="GLOBAL" penalty="5" slots="3;4;17;21;25;26" teams1="5;7;8;10;14;15" teams2="5;7;8;10;14;15" type="SOFT"/>
      <CA4 max="1" min="0" mode1="H" mode2="GLOBAL" penalty="5" slots="3;13;14;18;25" teams1="0;3;4;5;12" teams2="0;3;4;5;12" type="SOFT"/>
      <CA4 max="1" min="0" mode1="H" mode2="GLOBAL" penalty="5" slots="2;9;14;17;24" teams1="2;3;9;10;13" teams2="2;3;9;10;13" type="SOFT"/>
      <CA4 max="1" min="0" mode1="H" mode2="GLOBAL" penalty="5" slots="0;3;19;21" teams1="6;11;12;15" teams2="6;11;12;15" type="SOFT"/>
      <CA4 max="1" min="0" mode1="H" mode2="GLOBAL" penalty="5" slots="6;8;11;29" teams1="0;8;10;12" teams2="0;8;10;12" type="SOFT"/>
      <CA4 max="2" min="0" mode1="H" mode2="GLOBAL" penalty="5" slots="1;3;4;9;21;24" teams1="2;4;5;8;9;12" teams2="2;4;5;8;9;12" type="SOFT"/>
      <CA4 max="1" min="0" mode1="H" mode2="GLOBAL" penalty="5" slots="5;7;8;23" teams1="0;8;11;14" teams2="0;8;11;14" type="SOFT"/>
      <CA4 max="2" min="0" mode1="H" mode2="GLOBAL" penalty="5" slots="3;13;22;24;26;28" teams1="0;1;2;6;12;14" teams2="0;1;2;6;12;14" type="SOFT"/>
      <CA4 max="1" min="0" mode1="H" mode2="EVERY" penalty="5" slots="1" teams1="7;11" teams2="0;1;2;3;4;5;6;7;8;9;10;11;12;13;14;15" type="SOFT"/>
      <CA4 max="2" min="0" mode1="H" mode2="GLOBAL" penalty="5" slots="6;9;10;15;20;21" teams1="1;8;10;13;14;15" teams2="1;8;10;13;14;15" type="SOFT"/>
      <CA4 max="1" min="0" mode1="H" mode2="GLOBAL" penalty="5" slots="9;11;22;25" teams1="8;10;12;14" teams2="8;10;12;14" type="SOFT"/>
    </CapacityConstraints>
    <GameConstraints>
      <GA1 max="0" meetings="14,13;" min="0" penalty="1" slots="9" type="HARD"/>
      <GA1 max="1" meetings="6,3;" min="1" penalty="1" slots="20" type="HARD"/>
      <GA1 max="1" meetings="6,14;" min="1" penalty="1" slots="10" type="HARD"/>
      <GA1 max="0" meetings="14,13;" min="0" penalty="1" slots="19" type="HARD"/>
      <GA1 max="0" meetings="7,12;" min="0" penalty="1" slots="3" type="HARD"/>
      <GA1 max="1" meetings="5,8;" min="1" penalty="1" slots="27" type="HARD"/>
      <GA1 max="3" meetings="3,13;5,6;11,4;" min="2" penalty="1" slots="21;23" type="HARD"/>
      <GA1 max="0" meetings="6,9;" min="0" penalty="1" slots="12" type="HARD"/>
      <GA1 max="3" meetings="0,5;8,5;12,11;" min="2" penalty="1" slots="5;11;28" type="HARD"/>
      <GA1 max="4" meetings="2,15;6,5;9,4;13,0;" min="2" penalty="1" slots="4;13;14;20" type="HARD"/>
      <GA1 max="0" meetings="9,15;" min="0" penalty="1" slots="28" type="HARD"/>
      <GA1 max="1" meetings="0,3;14,15;15,8;" min="0" penalty="1" slots="4;23;29" type="HARD"/>
      <GA1 max="0" meetings="6,12;" min="0" penalty="1" slots="11" type="HARD"/>
      <GA1 max="3" meetings="0,4;0,11;3,12;" min="2" penalty="1" slots="1;22;25" type="HARD"/>
      <GA1 max="1" meetings="0,1;13,8;" min="0" penalty="1" slots="6;11" type="HARD"/>
      <GA1 max="1" meetings="2,4;11,12;" min="0" penalty="1" slots="2;28" type="HARD"/>
      <GA1 max="1" meetings="6,7;8,9;" min="0" penalty="1" slots="1;10" type="HARD"/>
      <GA1 max="2" meetings="14,4;15,3;" min="1" penalty="1" slots="11;23" type="HARD"/>
      <GA1 max="4" meetings="12,11;13,7;15,2;15,7;" min="2" penalty="1" slots="20;26;28;29" type="HARD"/>
      <GA1 max="1" meetings="5,7;" min="1" penalty="1" slots="2" type="HARD"/>
      <GA1 max="0" meetings="8,10;" min="0" penalty="1" slots="3" type="HARD"/>
      <GA1 max="4" meetings="5,1;8,2;9,0;10,2;" min="2" penalty="1" slots="4;9;18;23" type="HARD"/>
      <GA1 max="0" meetings="7,3;" min="0" penalty="1" slots="9" type="HARD"/>
      <GA1 max="1" meetings="0,9;" min="1" penalty="1" slots="8" type="HARD"/>
      <GA1 max="1" meetings="11,5;" min="1" penalty="1" slots="8" type="HARD"/>
      <GA1 max="2" meetings="7,15;9,4;" min="1" penalty="1" slots="10;20" type="HARD"/>
      <GA1 max="4" meetings="3,14;4,13;11,8;15,4;" min="2" penalty="1" slots="17;23;24;26" type="HARD"/>
      <GA1 max="1" meetings="3,9;" min="1" penalty="1" slots="4" type="HARD"/>
      <GA1 max="1" meetings="9,7;" min="1" penalty="1" slots="9" type="HARD"/>
      <GA1 max="2" meetings="0,3;1,15;11,1;13,4;" min="0" penalty="1" slots="2;9;14;29" type="HARD"/>
      <GA1 max="4" meetings="5,12;6,4;12,13;15,8;" min="2" penalty="1" slots="2;6;7;28" type="HARD"/>
      <GA1 max="1" meetings="15,9;" min="1" penalty="1" slots="5;13;14" type="SOFT"/>
      <GA1 max="3" meetings="1,0;2,3;15,2;" min="2" penalty="1" slots="12" type="SOFT"/>
      <GA1 max="0" meetings="5,12;" min="0" penalty="1" slots="27" type="SOFT"/>
      <GA1 max="0" meetings="4,13;" min="0" penalty="1" slots="17" type="SOFT"/>
      <GA1 max="1" meetings="0,10;9,10;" min="0" penalty="1" slots="20" type="SOFT"/>
    </GameConstraints>
    <BreakConstraints>
      <BR1 intp="0" mode1="LEQ" mode2="HA" penalty="1" slots="23" teams="0" type="HARD"/>
      <BR1 intp="0" mode1="LEQ" mode2="HA" penalty="1" slots="12" teams="6" type="HARD"/>
      <BR1 intp="0" mode1="LEQ" mode2="HA" penalty="1" slots="11" teams="10" type="HARD"/>
      <BR1 intp="1" mode1="LEQ" mode2="HA" penalty="1" slots="4;7;28" teams="5" type="HARD"/>
      <BR1 intp="2" mode1="LEQ" mode2="HA" penalty="1" slots="4;6;14;15;17;27" teams="4" type="HARD"/>
      <BR1 intp="2" mode1="LEQ" mode2="HA" penalty="1" slots="4;8;13;19;22;28" teams="14" type="HARD"/>
      <BR1 intp="0" mode1="LEQ" mode2="HA" penalty="1" slots="27" teams="0" type="HARD"/>
      <BR1 intp="1" mode1="LEQ" mode2="HA" penalty="1" slots="13;17;20" teams="11" type="HARD"/>
      <BR1 intp="0" mode1="LEQ" mode2="HA" penalty="1" slots="2" teams="2" type="HARD"/>
      <BR1 intp="2" mode1="LEQ" mode2="HA" penalty="1" slots="4;5;11;19;22;24" teams="7" type="HARD"/>
      <BR1 intp="2" mode1="LEQ" mode2="HA" penalty="1" slots="8;14;17;19;21;27" teams="7" type="HARD"/>
      <BR1 intp="2" mode1="LEQ" mode2="HA" penalty="1" slots="3;14;17;18;22;29" teams="10" type="HARD"/>
      <BR1 intp="1" mode1="LEQ" mode2="HA" penalty="1" slots="8;11;19" teams="11" type="HARD"/>
      <BR1 intp="2" mode1="LEQ" mode2="HA" penalty="5" slots="0;2;15;18;22;29" teams="2" type="SOFT"/>
      <BR1 intp="2" mode1="LEQ" mode2="HA" penalty="5" slots="6;13;18;21;26;28" teams="0" type="SOFT"/>
      <BR1 intp="2" mode1="LEQ" mode2="HA" penalty="5" slots="6;17;20;21;25;28" teams="6" type="SOFT"/>
      <BR1 intp="0" mode1="LEQ" mode2="HA" penalty="5" slots="2" teams="6" type="SOFT"/>
      <BR1 intp="0" mode1="LEQ" mode2="HA" penalty="5" slots="27" teams="9" type="SOFT"/>
      <BR1 intp="1" mode1="LEQ" mode2="HA" penalty="5" slots="8;11;22" teams="5" type="SOFT"/>
      <BR1 intp="2" mode1="LEQ" mode2="HA" penalty="5" slots="5;7;8;10;11;22" teams="10" type="SOFT"/>
      <BR1 intp="0" mode1="LEQ" mode2="HA" penalty="5" slots="25" teams="8" type="SOFT"/>
      <BR1 intp="2" mode1="LEQ" mode2="HA" penalty="5" slots="9;14;16;19;26;27" teams="6" type="SOFT"/>
      <BR1 intp="1" mode1="LEQ" mode2="HA" penalty="5" slots="19;24;26" teams="8" type="SOFT"/>
      <BR1 intp="0" mode1="LEQ" mode2="HA" penalty="5" slots="21" teams="12" type="SOFT"/>
      <BR1 intp="2" mode1="LEQ" mode2="HA" penalty="5" slots="11;15;19;20;27;29" teams="5" type="SOFT"/>
      <BR1 intp="0" mode1="LEQ" mode2="HA" penalty="5" slots="0" teams="9" type="SOFT"/>
      <BR1 intp="0" mode1="LEQ" mode2="HA" penalty="5" slots="24" teams="10" type="SOFT"/>
      <BR1 intp="0" mode1="LEQ" mode2="HA" penalty="5" slots="27" teams="12" type="SOFT"/>
      <BR1 intp="0" mode1="LEQ" mode2="HA" penalty="5" slots="18" teams="3" type="SOFT"/>
      <BR1 intp="0" mode1="LEQ" mode2="HA" penalty="5" slots="9" teams="8" type="SOFT"/>
      <BR1 intp="0" mode1="LEQ" mode2="HA" penalty="5" slots="5" teams="2" type="SOFT"/>
      <BR1 intp="0" mode1="LEQ" mode2="HA" penalty="5" slots="8" teams="7" type="SOFT"/>
      <BR1 intp="2" mode1="LEQ" mode2="HA" penalty="5" slots="6;7;14;15;20;24" teams="7" type="SOFT"/>
    </BreakConstraints>
    <FairnessConstraints/>
    <SeparationConstraints/>
  </Constraints>
</Instance>
