<?xml version="1.0" encoding="UTF-8" standalone="no"?>
<Instance>
  <MetaData>
    <InstanceName>Test Instance Demo</InstanceName>
    <DataType>A</DataType>
    <Contributor>ITC2021</Contributor>
    <Country>NULL</Country>
    <Description>See www/sportscheduling.ugent.be/ITC2021</Description>
    <Remarks>NULL</Remarks>
  </MetaData>
  <Structure>
    <Format leagueIds="0">
      <numberRoundRobin>2</numberRoundRobin>
      <compactness>C</compactness>
      <gameMode>P</gameMode>
    </Format>
    <AdditionalGames/>
  </Structure>
  <ObjectiveFunction>
    <Objective>SC</Objective>
  </ObjectiveFunction>
  <Data>
    <Distances/>
    <COEWeights/>
    <Costs/>
  </Data>
  <Resources>
    <LeagueGroups/>
    <Leagues>
      <league id="0" name="League 0"/>
    </Leagues>
    <TeamGroups/>
    <Teams>
      <team id="0" league="0" name="Team 0"/>
      <team id="1" league="0" name="Team 1"/>
      <team id="2" league="0" name="Team 2"/>
      <team id="3" league="0" name="Team 3"/>
    </Teams>
    <SlotGroups/>
    <Slots>
      <slot id="0" name="Slot 0"/>
      <slot id="1" name="Slot 1"/>
      <slot id="2" name="Slot 2"/>
      <slot id="3" name="Slot 3"/>
      <slot id="4" name="Slot 4"/>
      <slot id="5" name="Slot 5"/>
    </Slots>
  </Resources>
  <Constraints>
    <BasicConstraints/>
    <CapacityConstraints/>
    <GameConstraints/>
    <BreakConstraints/>
    <FairnessConstraints/>
    <SeparationConstraints>
      <SE1 min="1" penalty="10" teams="0;1;2;3" type="SOFT"/>
    </SeparationConstraints>
  </Constraints>
</Instance>
