<?xml version="1.0" encoding="UTF-8"?>
<Instance>
    <MetaData>
        <InstanceName>Late 13</InstanceName>
        <DataType>A</DataType>
        <Contributor>ITC2021</Contributor>
	<Date year="2021" month="4"/>
    </MetaData>
    <Structure>
        <Format leagueIds="0">
            <numberRoundRobin>2</numberRoundRobin>
            <compactness>C</compactness>
            <gameMode>NULL</gameMode>
        </Format>
        <AdditionalGames/>
    </Structure>
    <ObjectiveFunction>
        <Objective>SC</Objective>
    </ObjectiveFunction>
    <Data>
        <Distances/>
        <COEWeights/>
        <Costs/>
    </Data>
    <Resources>
        <LeagueGroups/>
        <Leagues>
            <league id="0" leagueGroups="" name="League 0"/>
        </Leagues>
        <TeamGroups/>
        <Teams>
            <team id="0" league="0" name="Team 0" teamGroups=""/>
            <team id="1" league="0" name="Team 1" teamGroups=""/>
            <team id="2" league="0" name="Team 2" teamGroups=""/>
            <team id="3" league="0" name="Team 3" teamGroups=""/>
            <team id="4" league="0" name="Team 4" teamGroups=""/>
            <team id="5" league="0" name="Team 5" teamGroups=""/>
            <team id="6" league="0" name="Team 6" teamGroups=""/>
            <team id="7" league="0" name="Team 7" teamGroups=""/>
            <team id="8" league="0" name="Team 8" teamGroups=""/>
            <team id="9" league="0" name="Team 9" teamGroups=""/>
            <team id="10" league="0" name="Team 10" teamGroups=""/>
            <team id="11" league="0" name="Team 11" teamGroups=""/>
            <team id="12" league="0" name="Team 12" teamGroups=""/>
            <team id="13" league="0" name="Team 13" teamGroups=""/>
            <team id="14" league="0" name="Team 14" teamGroups=""/>
            <team id="15" league="0" name="Team 15" teamGroups=""/>
            <team id="16" league="0" name="Team 16" teamGroups=""/>
            <team id="17" league="0" name="Team 17" teamGroups=""/>
            <team id="18" league="0" name="Team 18" teamGroups=""/>
            <team id="19" league="0" name="Team 19" teamGroups=""/>
        </Teams>
        <SlotGroups/>
        <Slots>
            <slot id="0" name="Slot 0" slotGroup=""/>
            <slot id="1" name="Slot 1" slotGroup=""/>
            <slot id="2" name="Slot 2" slotGroup=""/>
            <slot id="3" name="Slot 3" slotGroup=""/>
            <slot id="4" name="Slot 4" slotGroup=""/>
            <slot id="5" name="Slot 5" slotGroup=""/>
            <slot id="6" name="Slot 6" slotGroup=""/>
            <slot id="7" name="Slot 7" slotGroup=""/>
            <slot id="8" name="Slot 8" slotGroup=""/>
            <slot id="9" name="Slot 9" slotGroup=""/>
            <slot id="10" name="Slot 10" slotGroup=""/>
            <slot id="11" name="Slot 11" slotGroup=""/>
            <slot id="12" name="Slot 12" slotGroup=""/>
            <slot id="13" name="Slot 13" slotGroup=""/>
            <slot id="14" name="Slot 14" slotGroup=""/>
            <slot id="15" name="Slot 15" slotGroup=""/>
            <slot id="16" name="Slot 16" slotGroup=""/>
            <slot id="17" name="Slot 17" slotGroup=""/>
            <slot id="18" name="Slot 18" slotGroup=""/>
            <slot id="19" name="Slot 19" slotGroup=""/>
            <slot id="20" name="Slot 20" slotGroup=""/>
            <slot id="21" name="Slot 21" slotGroup=""/>
            <slot id="22" name="Slot 22" slotGroup=""/>
            <slot id="23" name="Slot 23" slotGroup=""/>
            <slot id="24" name="Slot 24" slotGroup=""/>
            <slot id="25" name="Slot 25" slotGroup=""/>
            <slot id="26" name="Slot 26" slotGroup=""/>
            <slot id="27" name="Slot 27" slotGroup=""/>
            <slot id="28" name="Slot 28" slotGroup=""/>
            <slot id="29" name="Slot 29" slotGroup=""/>
            <slot id="30" name="Slot 30" slotGroup=""/>
            <slot id="31" name="Slot 31" slotGroup=""/>
            <slot id="32" name="Slot 32" slotGroup=""/>
            <slot id="33" name="Slot 33" slotGroup=""/>
            <slot id="34" name="Slot 34" slotGroup=""/>
            <slot id="35" name="Slot 35" slotGroup=""/>
            <slot id="36" name="Slot 36" slotGroup=""/>
            <slot id="37" name="Slot 37" slotGroup=""/>
        </Slots>
    </Resources>
    <Constraints>
        <BasicConstraints/>
        <CapacityConstraints>
            <CA1 max="1" min="0" mode="H" penalty="1" slotGroups="" slots="34;0;36" teamGroups="" teams="15" type="HARD"/>
            <CA1 max="0" min="0" mode="H" penalty="1" slotGroups="" slots="31" teamGroups="" teams="2" type="HARD"/>
            <CA1 max="1" min="0" mode="A" penalty="1" slotGroups="" slots="13;23;29;15" teamGroups="" teams="7" type="HARD"/>
            <CA1 max="1" min="0" mode="H" penalty="1" slotGroups="" slots="35;32" teamGroups="" teams="12" type="HARD"/>
            <CA1 max="1" min="0" mode="H" penalty="1" slotGroups="" slots="35;31" teamGroups="" teams="18" type="HARD"/>
            <CA1 max="0" min="0" mode="A" penalty="1" slotGroups="" slots="14" teamGroups="" teams="4" type="HARD"/>
            <CA1 max="0" min="0" mode="A" penalty="1" slotGroups="" slots="9" teamGroups="" teams="7" type="HARD"/>
            <CA1 max="1" min="0" mode="H" penalty="1" slotGroups="" slots="30;29;37" teamGroups="" teams="15" type="HARD"/>
            <CA1 max="0" min="0" mode="A" penalty="1" slotGroups="" slots="15" teamGroups="" teams="3" type="HARD"/>
            <CA1 max="1" min="0" mode="A" penalty="1" slotGroups="" slots="26;36" teamGroups="" teams="11" type="HARD"/>
            <CA1 max="1" min="0" mode="A" penalty="1" slotGroups="" slots="25;19" teamGroups="" teams="7" type="HARD"/>
            <CA1 max="1" min="0" mode="A" penalty="1" slotGroups="" slots="11;10;12;32" teamGroups="" teams="4" type="HARD"/>
            <CA1 max="0" min="0" mode="H" penalty="1" slotGroups="" slots="32" teamGroups="" teams="3" type="HARD"/>
            <CA1 max="0" min="0" mode="H" penalty="1" slotGroups="" slots="2" teamGroups="" teams="7" type="HARD"/>
            <CA1 max="1" min="0" mode="A" penalty="1" slotGroups="" slots="2;3" teamGroups="" teams="10" type="SOFT"/>
            <CA1 max="1" min="0" mode="A" penalty="1" slotGroups="" slots="8;30;21" teamGroups="" teams="1" type="SOFT"/>
            <CA1 max="2" min="0" mode="H" penalty="1" slotGroups="" slots="23;16;5;31;32;37" teamGroups="" teams="17" type="SOFT"/>
            <CA1 max="1" min="0" mode="H" penalty="1" slotGroups="" slots="2;18;17" teamGroups="" teams="1" type="SOFT"/>
            <CA1 max="1" min="0" mode="A" penalty="1" slotGroups="" slots="16;26;28;31" teamGroups="" teams="10" type="SOFT"/>
            <CA1 max="0" min="0" mode="A" penalty="1" slotGroups="" slots="29" teamGroups="" teams="15" type="SOFT"/>
            <CA1 max="1" min="0" mode="A" penalty="1" slotGroups="" slots="21;18;29;10" teamGroups="" teams="10" type="SOFT"/>
            <CA1 max="0" min="0" mode="A" penalty="1" slotGroups="" slots="13" teamGroups="" teams="17" type="SOFT"/>
            <CA1 max="0" min="0" mode="A" penalty="1" slotGroups="" slots="31" teamGroups="" teams="8" type="SOFT"/>
            <CA1 max="1" min="0" mode="H" penalty="1" slotGroups="" slots="20;12" teamGroups="" teams="9" type="SOFT"/>
            <CA1 max="0" min="0" mode="H" penalty="1" slotGroups="" slots="19" teamGroups="" teams="9" type="SOFT"/>
            <CA1 max="1" min="0" mode="A" penalty="1" slotGroups="" slots="25;31" teamGroups="" teams="11" type="SOFT"/>
            <CA1 max="1" min="0" mode="A" penalty="1" slotGroups="" slots="8;23;20;34;17" teamGroups="" teams="14" type="SOFT"/>
            <CA1 max="1" min="0" mode="H" penalty="1" slotGroups="" slots="2;28;12;22" teamGroups="" teams="16" type="SOFT"/>
            <CA1 max="0" min="0" mode="A" penalty="1" slotGroups="" slots="12" teamGroups="" teams="17" type="SOFT"/>
            <CA1 max="1" min="0" mode="A" penalty="1" slotGroups="" slots="2;6" teamGroups="" teams="6" type="SOFT"/>
            <CA1 max="1" min="0" mode="A" penalty="1" slotGroups="" slots="33;34;17;25" teamGroups="" teams="16" type="SOFT"/>
            <CA1 max="1" min="0" mode="A" penalty="1" slotGroups="" slots="4;0" teamGroups="" teams="18" type="SOFT"/>
            <CA1 max="0" min="0" mode="A" penalty="1" slotGroups="" slots="25" teamGroups="" teams="14" type="SOFT"/>
            <CA1 max="2" min="0" mode="A" penalty="1" slotGroups="" slots="13;23;20;19;32;36" teamGroups="" teams="4" type="SOFT"/>
            <CA1 max="0" min="0" mode="A" penalty="1" slotGroups="" slots="4" teamGroups="" teams="16" type="SOFT"/>
            <CA1 max="1" min="0" mode="H" penalty="1" slotGroups="" slots="26;0;32;36" teamGroups="" teams="8" type="SOFT"/>
            <CA1 max="1" min="0" mode="H" penalty="1" slotGroups="" slots="3;20;18;5;22" teamGroups="" teams="6" type="SOFT"/>
            <CA1 max="1" min="0" mode="A" penalty="1" slotGroups="" slots="9;3;4;22" teamGroups="" teams="3" type="SOFT"/>
            <CA1 max="1" min="0" mode="A" penalty="1" slotGroups="" slots="3;16;18;19" teamGroups="" teams="14" type="SOFT"/>
            <CA1 max="1" min="0" mode="A" penalty="1" slotGroups="" slots="12;31" teamGroups="" teams="8" type="SOFT"/>
            <CA1 max="1" min="0" mode="H" penalty="1" slotGroups="" slots="30;3;18;29;15" teamGroups="" teams="3" type="SOFT"/>
            <CA1 max="0" min="0" mode="A" penalty="1" slotGroups="" slots="27" teamGroups="" teams="15" type="SOFT"/>
            <CA1 max="2" min="0" mode="H" penalty="1" slotGroups="" slots="13;30;17;24;10;22" teamGroups="" teams="3" type="SOFT"/>
            <CA1 max="2" min="0" mode="H" penalty="1" slotGroups="" slots="23;33;17;15;32;37" teamGroups="" teams="19" type="SOFT"/>
            <CA1 max="1" min="0" mode="A" penalty="1" slotGroups="" slots="34;25;10;12;31" teamGroups="" teams="14" type="SOFT"/>
            <CA1 max="1" min="0" mode="H" penalty="1" slotGroups="" slots="26;27;31;0" teamGroups="" teams="4" type="SOFT"/>
            <CA2 max="0" min="0" mode1="H" mode2="GLOBAL" penalty="1" slotGroups="" slots="25" teamGroups1="" teamGroups2="" teams1="17" teams2="7" type="HARD"/>
            <CA2 max="1" min="0" mode1="HA" mode2="GLOBAL" penalty="1" slotGroups="" slots="13;7;18;15;22" teamGroups1="" teamGroups2="" teams1="10" teams2="15;7;13;9;4" type="HARD"/>
            <CA2 max="1" min="0" mode1="HA" mode2="GLOBAL" penalty="1" slotGroups="" slots="20;17;5;24;32" teamGroups1="" teamGroups2="" teams1="10" teams2="7;2;17;9;4" type="HARD"/>
            <CA2 max="0" min="0" mode1="H" mode2="GLOBAL" penalty="1" slotGroups="" slots="36" teamGroups1="" teamGroups2="" teams1="2" teams2="0" type="HARD"/>
            <CA2 max="2" min="0" mode1="HA" mode2="GLOBAL" penalty="1" slotGroups="" slots="23;1;24;0;22;37" teamGroups1="" teamGroups2="" teams1="8" teams2="16;19;14;3;0;4" type="HARD"/>
            <CA2 max="0" min="0" mode1="H" mode2="GLOBAL" penalty="1" slotGroups="" slots="33" teamGroups1="" teamGroups2="" teams1="8" teams2="17" type="HARD"/>
            <CA2 max="0" min="0" mode1="H" mode2="GLOBAL" penalty="1" slotGroups="" slots="27" teamGroups1="" teamGroups2="" teams1="9" teams2="3" type="HARD"/>
            <CA2 max="0" min="0" mode1="A" mode2="GLOBAL" penalty="1" slotGroups="" slots="26" teamGroups1="" teamGroups2="" teams1="10" teams2="3" type="HARD"/>
            <CA2 max="0" min="0" mode1="H" mode2="GLOBAL" penalty="1" slotGroups="" slots="28" teamGroups1="" teamGroups2="" teams1="15" teams2="11" type="HARD"/>
            <CA2 max="0" min="0" mode1="H" mode2="GLOBAL" penalty="1" slotGroups="" slots="29" teamGroups1="" teamGroups2="" teams1="12" teams2="18" type="HARD"/>
            <CA2 max="1" min="0" mode1="HA" mode2="GLOBAL" penalty="1" slotGroups="" slots="8;3;33;15" teamGroups1="" teamGroups2="" teams1="7" teams2="6;2;10;5" type="HARD"/>
            <CA2 max="0" min="0" mode1="H" mode2="GLOBAL" penalty="1" slotGroups="" slots="7" teamGroups1="" teamGroups2="" teams1="14" teams2="7" type="HARD"/>
            <CA2 max="0" min="0" mode1="A" mode2="GLOBAL" penalty="1" slotGroups="" slots="31" teamGroups1="" teamGroups2="" teams1="6" teams2="10" type="HARD"/>
            <CA2 max="0" min="0" mode1="A" mode2="GLOBAL" penalty="1" slotGroups="" slots="13" teamGroups1="" teamGroups2="" teams1="13" teams2="5" type="HARD"/>
            <CA2 max="2" min="0" mode1="HA" mode2="GLOBAL" penalty="1" slotGroups="" slots="30;16;34;25;1;22" teamGroups1="" teamGroups2="" teams1="14" teams2="15;8;11;17;4;5" type="HARD"/>
            <CA2 max="0" min="0" mode1="A" mode2="GLOBAL" penalty="1" slotGroups="" slots="33" teamGroups1="" teamGroups2="" teams1="12" teams2="9" type="HARD"/>
            <CA2 max="0" min="0" mode1="H" mode2="GLOBAL" penalty="1" slotGroups="" slots="13" teamGroups1="" teamGroups2="" teams1="1" teams2="10" type="HARD"/>
            <CA2 max="2" min="0" mode1="HA" mode2="GLOBAL" penalty="1" slotGroups="" slots="3;26;27;4;25;1" teamGroups1="" teamGroups2="" teams1="9" teams2="2;13;12;14;1;3" type="HARD"/>
            <CA2 max="0" min="0" mode1="A" mode2="GLOBAL" penalty="1" slotGroups="" slots="1" teamGroups1="" teamGroups2="" teams1="18" teams2="1" type="HARD"/>
            <CA2 max="1" min="0" mode1="HA" mode2="GLOBAL" penalty="1" slotGroups="" slots="18;29;1;0" teamGroups1="" teamGroups2="" teams1="1" teams2="16;6;10;14" type="HARD"/>
            <CA2 max="0" min="0" mode1="H" mode2="GLOBAL" penalty="1" slotGroups="" slots="8" teamGroups1="" teamGroups2="" teams1="14" teams2="10" type="HARD"/>
            <CA2 max="0" min="0" mode1="H" mode2="GLOBAL" penalty="1" slotGroups="" slots="18" teamGroups1="" teamGroups2="" teams1="13" teams2="9" type="HARD"/>
            <CA2 max="0" min="0" mode1="A" mode2="GLOBAL" penalty="1" slotGroups="" slots="19" teamGroups1="" teamGroups2="" teams1="17" teams2="9" type="HARD"/>
            <CA2 max="2" min="0" mode1="HA" mode2="GLOBAL" penalty="1" slotGroups="" slots="23;11;28;4;10;37" teamGroups1="" teamGroups2="" teams1="2" teams2="15;7;9;14;3;0" type="HARD"/>
            <CA2 max="0" min="0" mode1="A" mode2="GLOBAL" penalty="1" slotGroups="" slots="11" teamGroups1="" teamGroups2="" teams1="13" teams2="14" type="HARD"/>
            <CA2 max="1" min="0" mode1="HA" mode2="GLOBAL" penalty="1" slotGroups="" slots="30;33;34;0;37" teamGroups1="" teamGroups2="" teams1="17" teams2="19;18;9;14;5" type="HARD"/>
            <CA2 max="0" min="0" mode1="H" mode2="GLOBAL" penalty="1" slotGroups="" slots="34" teamGroups1="" teamGroups2="" teams1="9" teams2="17" type="HARD"/>
            <CA2 max="0" min="0" mode1="H" mode2="GLOBAL" penalty="1" slotGroups="" slots="35" teamGroups1="" teamGroups2="" teams1="9" teams2="5" type="HARD"/>
            <CA2 max="0" min="0" mode1="H" mode2="GLOBAL" penalty="1" slotGroups="" slots="16" teamGroups1="" teamGroups2="" teams1="15" teams2="0" type="HARD"/>
            <CA2 max="0" min="0" mode1="H" mode2="GLOBAL" penalty="1" slotGroups="" slots="26" teamGroups1="" teamGroups2="" teams1="8" teams2="5" type="HARD"/>
            <CA2 max="0" min="0" mode1="H" mode2="GLOBAL" penalty="1" slotGroups="" slots="21" teamGroups1="" teamGroups2="" teams1="9" teams2="2" type="HARD"/>
            <CA2 max="0" min="0" mode1="H" mode2="GLOBAL" penalty="1" slotGroups="" slots="26" teamGroups1="" teamGroups2="" teams1="16" teams2="1" type="HARD"/>
            <CA2 max="0" min="0" mode1="H" mode2="GLOBAL" penalty="1" slotGroups="" slots="32" teamGroups1="" teamGroups2="" teams1="7" teams2="9" type="HARD"/>
            <CA2 max="0" min="0" mode1="H" mode2="GLOBAL" penalty="1" slotGroups="" slots="33" teamGroups1="" teamGroups2="" teams1="8" teams2="17" type="HARD"/>
            <CA2 max="2" min="0" mode1="HA" mode2="GLOBAL" penalty="1" slotGroups="" slots="23;7;5;32;37;36" teamGroups1="" teamGroups2="" teams1="6" teams2="16;10;19;12;9;1" type="HARD"/>
            <CA2 max="0" min="0" mode1="H" mode2="GLOBAL" penalty="1" slotGroups="" slots="3" teamGroups1="" teamGroups2="" teams1="15" teams2="11" type="HARD"/>
            <CA2 max="0" min="0" mode1="A" mode2="GLOBAL" penalty="1" slotGroups="" slots="0" teamGroups1="" teamGroups2="" teams1="6" teams2="8" type="HARD"/>
            <CA2 max="0" min="0" mode1="A" mode2="GLOBAL" penalty="1" slotGroups="" slots="23" teamGroups1="" teamGroups2="" teams1="19" teams2="5" type="HARD"/>
            <CA2 max="0" min="0" mode1="A" mode2="GLOBAL" penalty="1" slotGroups="" slots="31" teamGroups1="" teamGroups2="" teams1="0" teams2="2" type="HARD"/>
            <CA2 max="4" min="0" mode1="HA" mode2="GLOBAL" penalty="1" slotGroups="" slots="8;30;7;18;17;24" teamGroups1="" teamGroups2="" teams1="15" teams2="7;6;17;13;1;4" type="HARD"/>
            <CA2 max="1" min="0" mode1="HA" mode2="GLOBAL" penalty="1" slotGroups="" slots="9;18;17;19" teamGroups1="" teamGroups2="" teams1="10" teams2="16;7;9;14" type="HARD"/>
            <CA2 max="0" min="0" mode1="H" mode2="GLOBAL" penalty="1" slotGroups="" slots="14" teamGroups1="" teamGroups2="" teams1="15" teams2="12" type="HARD"/>
            <CA2 max="0" min="0" mode1="A" mode2="GLOBAL" penalty="1" slotGroups="" slots="27" teamGroups1="" teamGroups2="" teams1="18" teams2="13" type="HARD"/>
            <CA2 max="1" min="0" mode1="HA" mode2="GLOBAL" penalty="1" slotGroups="" slots="16;27;17;10" teamGroups1="" teamGroups2="" teams1="1" teams2="19;13;14;4" type="HARD"/>
            <CA2 max="0" min="0" mode1="H" mode2="GLOBAL" penalty="1" slotGroups="" slots="22" teamGroups1="" teamGroups2="" teams1="0" teams2="6" type="HARD"/>
            <CA2 max="2" min="0" mode1="HA" mode2="GLOBAL" penalty="1" slotGroups="" slots="11;26;33;29;6;24" teamGroups1="" teamGroups2="" teams1="7" teams2="16;8;10;19;9;1" type="HARD"/>
            <CA2 max="0" min="0" mode1="A" mode2="GLOBAL" penalty="1" slotGroups="" slots="10" teamGroups1="" teamGroups2="" teams1="9" teams2="1" type="HARD"/>
            <CA2 max="0" min="0" mode1="A" mode2="GLOBAL" penalty="1" slotGroups="" slots="12" teamGroups1="" teamGroups2="" teams1="0" teams2="9" type="HARD"/>
            <CA2 max="2" min="0" mode1="HA" mode2="GLOBAL" penalty="1" slotGroups="" slots="11;21;29;17;12;31" teamGroups1="" teamGroups2="" teams1="3" teams2="6;2;10;17;4;5" type="HARD"/>
            <CA2 max="0" min="0" mode1="H" mode2="GLOBAL" penalty="1" slotGroups="" slots="6" teamGroups1="" teamGroups2="" teams1="10" teams2="2" type="HARD"/>
            <CA2 max="1" min="0" mode1="HA" mode2="GLOBAL" penalty="1" slotGroups="" slots="13;23;21;7" teamGroups1="" teamGroups2="" teams1="1" teams2="16;19;17;12" type="HARD"/>
            <CA2 max="1" min="0" mode1="HA" mode2="GLOBAL" penalty="1" slotGroups="" slots="28;25;10;22" teamGroups1="" teamGroups2="" teams1="19" teams2="6;2;18;0" type="HARD"/>
            <CA2 max="0" min="0" mode1="H" mode2="GLOBAL" penalty="1" slotGroups="" slots="22" teamGroups1="" teamGroups2="" teams1="14" teams2="12" type="HARD"/>
            <CA2 max="2" min="0" mode1="HA" mode2="GLOBAL" penalty="1" slotGroups="" slots="2;21;28;15;24;19" teamGroups1="" teamGroups2="" teams1="0" teams2="7;19;13;12;14;1" type="HARD"/>
            <CA2 max="2" min="0" mode1="HA" mode2="GLOBAL" penalty="1" slotGroups="" slots="29;25;35;22" teamGroups1="" teamGroups2="" teams1="0" teams2="6;17;13;3" type="HARD"/>
            <CA2 max="1" min="0" mode1="HA" mode2="GLOBAL" penalty="1" slotGroups="" slots="13;11;21;19" teamGroups1="" teamGroups2="" teams1="9" teams2="16;8;17;3" type="HARD"/>
            <CA2 max="0" min="0" mode1="A" mode2="GLOBAL" penalty="1" slotGroups="" slots="20" teamGroups1="" teamGroups2="" teams1="9" teams2="8" type="HARD"/>
            <CA2 max="0" min="0" mode1="H" mode2="GLOBAL" penalty="1" slotGroups="" slots="27" teamGroups1="" teamGroups2="" teams1="12" teams2="17" type="HARD"/>
            <CA2 max="1" min="0" mode1="HA" mode2="GLOBAL" penalty="1" slotGroups="" slots="2;29;6;19" teamGroups1="" teamGroups2="" teams1="10" teams2="6;18;9;14" type="HARD"/>
            <CA2 max="0" min="0" mode1="A" mode2="GLOBAL" penalty="1" slotGroups="" slots="20" teamGroups1="" teamGroups2="" teams1="13" teams2="8" type="HARD"/>
            <CA2 max="0" min="0" mode1="H" mode2="GLOBAL" penalty="1" slotGroups="" slots="36" teamGroups1="" teamGroups2="" teams1="7" teams2="0" type="HARD"/>
            <CA2 max="0" min="0" mode1="A" mode2="GLOBAL" penalty="1" slotGroups="" slots="15" teamGroups1="" teamGroups2="" teams1="12" teams2="15" type="HARD"/>
            <CA2 max="0" min="0" mode1="A" mode2="GLOBAL" penalty="1" slotGroups="" slots="32" teamGroups1="" teamGroups2="" teams1="9" teams2="4" type="HARD"/>
            <CA2 max="0" min="0" mode1="A" mode2="GLOBAL" penalty="1" slotGroups="" slots="5" teamGroups1="" teamGroups2="" teams1="10" teams2="14" type="HARD"/>
            <CA2 max="2" min="0" mode1="HA" mode2="GLOBAL" penalty="1" slotGroups="" slots="30;9;7;18;24" teamGroups1="" teamGroups2="" teams1="3" teams2="7;6;2;19;18" type="HARD"/>
            <CA2 max="0" min="0" mode1="A" mode2="GLOBAL" penalty="1" slotGroups="" slots="0" teamGroups1="" teamGroups2="" teams1="7" teams2="15" type="HARD"/>
            <CA2 max="0" min="0" mode1="H" mode2="GLOBAL" penalty="1" slotGroups="" slots="17" teamGroups1="" teamGroups2="" teams1="14" teams2="15" type="HARD"/>
            <CA2 max="0" min="0" mode1="A" mode2="GLOBAL" penalty="1" slotGroups="" slots="27" teamGroups1="" teamGroups2="" teams1="6" teams2="19" type="HARD"/>
            <CA2 max="1" min="0" mode1="HA" mode2="GLOBAL" penalty="1" slotGroups="" slots="11;21;34;4;19" teamGroups1="" teamGroups2="" teams1="15" teams2="8;11;17;9;14" type="HARD"/>
            <CA2 max="0" min="0" mode1="H" mode2="GLOBAL" penalty="1" slotGroups="" slots="14" teamGroups1="" teamGroups2="" teams1="6" teams2="12" type="HARD"/>
            <CA2 max="1" min="0" mode1="HA" mode2="GLOBAL" penalty="1" slotGroups="" slots="13;26;1;12;36" teamGroups1="" teamGroups2="" teams1="17" teams2="16;7;13;12;5" type="HARD"/>
            <CA2 max="0" min="0" mode1="H" mode2="GLOBAL" penalty="1" slotGroups="" slots="22" teamGroups1="" teamGroups2="" teams1="9" teams2="16" type="HARD"/>
            <CA2 max="2" min="0" mode1="A" mode2="GLOBAL" penalty="5" slotGroups="" slots="30;16;26;28;1;10;22" teamGroups1="" teamGroups2="" teams1="16" teams2="7;6;2;10;9;3;4" type="SOFT"/>
            <CA2 max="2" min="0" mode1="H" mode2="GLOBAL" penalty="5" slotGroups="" slots="23;16;20;34;29;1;35" teamGroups1="" teamGroups2="" teams1="13" teams2="15;2;11;12;1;0;5" type="SOFT"/>
            <CA2 max="2" min="0" mode1="H" mode2="GLOBAL" penalty="5" slotGroups="" slots="9;20;17;25;37;36" teamGroups1="" teamGroups2="" teams1="13" teams2="15;7;18;17;1;0" type="SOFT"/>
            <CA2 max="1" min="0" mode1="HA" mode2="GLOBAL" penalty="5" slotGroups="" slots="3;16;7;20;6;24;31" teamGroups1="" teamGroups2="" teams1="8" teams2="7;6;2;11;1;0;4" type="SOFT"/>
            <CA2 max="2" min="0" mode1="HA" mode2="GLOBAL" penalty="5" slotGroups="" slots="30;21;26;6;15;31;22;37" teamGroups1="" teamGroups2="" teams1="2" teams2="15;8;19;11;17;12;3;4" type="SOFT"/>
            <CA2 max="2" min="0" mode1="HA" mode2="GLOBAL" penalty="5" slotGroups="" slots="13;11;29;17;25;1;24;37" teamGroups1="" teamGroups2="" teams1="7" teams2="15;6;10;19;18;12;3;0" type="SOFT"/>
            <CA2 max="3" min="0" mode1="H" mode2="GLOBAL" penalty="5" slotGroups="" slots="13;2;3;11;1;15;10;32" teamGroups1="" teamGroups2="" teams1="11" teams2="16;7;6;19;18;12;9;0" type="SOFT"/>
            <CA2 max="2" min="0" mode1="H" mode2="GLOBAL" penalty="5" slotGroups="" slots="2;18;6;14;5;19" teamGroups1="" teamGroups2="" teams1="3" teams2="16;6;10;19;11;18" type="SOFT"/>
            <CA2 max="2" min="0" mode1="H" mode2="GLOBAL" penalty="5" slotGroups="" slots="33;17;25;1;5;36" teamGroups1="" teamGroups2="" teams1="15" teams2="16;19;11;12;0;5" type="SOFT"/>
            <CA2 max="3" min="0" mode1="A" mode2="GLOBAL" penalty="5" slotGroups="" slots="30;11;7;33;29;15;5;24" teamGroups1="" teamGroups2="" teams1="6" teams2="16;17;13;12;14;0;4;5" type="SOFT"/>
            <CA2 max="2" min="0" mode1="HA" mode2="GLOBAL" penalty="5" slotGroups="" slots="20;18;28;14;31;19;22;37" teamGroups1="" teamGroups2="" teams1="15" teams2="16;6;8;19;18;17;14;0" type="SOFT"/>
            <CA2 max="2" min="0" mode1="H" mode2="GLOBAL" penalty="5" slotGroups="" slots="11;7;34;15;24;0;32" teamGroups1="" teamGroups2="" teams1="7" teams2="10;19;11;13;12;1;0" type="SOFT"/>
            <CA2 max="2" min="0" mode1="A" mode2="GLOBAL" penalty="5" slotGroups="" slots="9;2;27;15;35;19" teamGroups1="" teamGroups2="" teams1="6" teams2="15;7;8;14;1;4" type="SOFT"/>
            <CA2 max="3" min="0" mode1="H" mode2="GLOBAL" penalty="5" slotGroups="" slots="3;20;18;29;4;1;22;37" teamGroups1="" teamGroups2="" teams1="11" teams2="15;2;8;14;3;0;4;5" type="SOFT"/>
            <CA2 max="2" min="0" mode1="H" mode2="GLOBAL" penalty="5" slotGroups="" slots="21;27;6;15;12;19;37" teamGroups1="" teamGroups2="" teams1="1" teams2="15;8;10;19;18;12;3" type="SOFT"/>
            <CA3 intp="3" max="2" min="0" mode1="A" mode2="SLOTS" penalty="1" teamGroups1="" teamGroups2="" teams1="16;15;7;6;2;8;10;19;11;18;17;13;12;9;14;1;3;0;4;5" teams2="16;15;7;6;2;8;10;19;11;18;17;13;12;9;14;1;3;0;4;5" type="HARD"/>
            <CA3 intp="3" max="2" min="0" mode1="H" mode2="SLOTS" penalty="1" teamGroups1="" teamGroups2="" teams1="16;15;7;6;2;8;10;19;11;18;17;13;12;9;14;1;3;0;4;5" teams2="16;15;7;6;2;8;10;19;11;18;17;13;12;9;14;1;3;0;4;5" type="HARD"/>
            <CA4 max="2" min="0" mode1="H" mode2="GLOBAL" penalty="1" slotGroups="" slots="13;7;6;4;1;12" teamGroups1="" teamGroups2="" teams1="16;15;8;17;9;5" teams2="16;15;8;17;9;5" type="HARD"/>
            <CA4 max="2" min="0" mode1="H" mode2="GLOBAL" penalty="1" slotGroups="" slots="3;11;17;14;5;19" teamGroups1="" teamGroups2="" teams1="8;11;18;13;14;0" teams2="8;11;18;13;14;0" type="HARD"/>
            <CA4 max="2" min="0" mode1="H" mode2="GLOBAL" penalty="1" slotGroups="" slots="3;11;18;6;15;0" teamGroups1="" teamGroups2="" teams1="19;13;12;9;1;4" teams2="19;13;12;9;1;4" type="HARD"/>
            <CA4 max="2" min="0" mode1="H" mode2="GLOBAL" penalty="1" slotGroups="" slots="13;3;7;1;14;0" teamGroups1="" teamGroups2="" teams1="16;8;10;17;14;0" teams2="16;8;10;17;14;0" type="HARD"/>
            <CA4 max="2" min="0" mode1="H" mode2="GLOBAL" penalty="1" slotGroups="" slots="2;6;5;0" teamGroups1="" teamGroups2="" teams1="8;1;0;4" teams2="8;1;0;4" type="HARD"/>
            <CA4 max="2" min="0" mode1="H" mode2="GLOBAL" penalty="1" slotGroups="" slots="2;6;15;14;10;22" teamGroups1="" teamGroups2="" teams1="15;6;11;14;3;5" teams2="15;6;11;14;3;5" type="HARD"/>
            <CA4 max="2" min="0" mode1="H" mode2="GLOBAL" penalty="1" slotGroups="" slots="8;9;16;6;10;12" teamGroups1="" teamGroups2="" teams1="17;13;12;3;0;4" teams2="17;13;12;3;0;4" type="HARD"/>
            <CA4 max="2" min="0" mode1="H" mode2="GLOBAL" penalty="1" slotGroups="" slots="3;4;1;5;0" teamGroups1="" teamGroups2="" teams1="15;2;19;9;4" teams2="15;2;19;9;4" type="HARD"/>
            <CA4 max="1" min="0" mode1="H" mode2="EVERY" penalty="1" slotGroups="" slots="11" teamGroups1="" teamGroups2="" teams1="19;5" teams2="16;15;7;6;2;8;10;19;11;18;17;13;12;9;14;1;3;0;4;5" type="HARD"/>
            <CA4 max="1" min="0" mode1="H" mode2="EVERY" penalty="1" slotGroups="" slots="26" teamGroups1="" teamGroups2="" teams1="18;12" teams2="16;15;7;6;2;8;10;19;11;18;17;13;12;9;14;1;3;0;4;5" type="HARD"/>
            <CA4 max="1" min="0" mode1="H" mode2="EVERY" penalty="1" slotGroups="" slots="13" teamGroups1="" teamGroups2="" teams1="15;0" teams2="16;15;7;6;2;8;10;19;11;18;17;13;12;9;14;1;3;0;4;5" type="HARD"/>
            <CA4 max="2" min="0" mode1="H" mode2="GLOBAL" penalty="1" slotGroups="" slots="8;6;4;5" teamGroups1="" teamGroups2="" teams1="7;8;12;3" teams2="7;8;12;3" type="HARD"/>
            <CA4 max="2" min="0" mode1="H" mode2="GLOBAL" penalty="1" slotGroups="" slots="2;3;1;0" teamGroups1="" teamGroups2="" teams1="2;10;12;9" teams2="2;10;12;9" type="HARD"/>
            <CA4 max="2" min="0" mode1="H" mode2="GLOBAL" penalty="1" slotGroups="" slots="3;7;6;4;1" teamGroups1="" teamGroups2="" teams1="7;18;17;9;4" teams2="7;18;17;9;4" type="HARD"/>
            <CA4 max="2" min="0" mode1="H" mode2="GLOBAL" penalty="1" slotGroups="" slots="8;6;4;1;12" teamGroups1="" teamGroups2="" teams1="6;19;13;14;1" teams2="6;19;13;14;1" type="HARD"/>
            <CA4 max="2" min="0" mode1="H" mode2="GLOBAL" penalty="1" slotGroups="" slots="2;6;1;5;12;19" teamGroups1="" teamGroups2="" teams1="16;7;19;13;14;5" teams2="16;7;19;13;14;5" type="HARD"/>
            <CA4 max="2" min="0" mode1="H" mode2="GLOBAL" penalty="1" slotGroups="" slots="2;4;5;0" teamGroups1="" teamGroups2="" teams1="8;10;19;12" teams2="8;10;19;12" type="HARD"/>
            <CA4 max="1" min="0" mode1="H" mode2="EVERY" penalty="1" slotGroups="" slots="29" teamGroups1="" teamGroups2="" teams1="7;11" teams2="16;15;7;6;2;8;10;19;11;18;17;13;12;9;14;1;3;0;4;5" type="HARD"/>
            <CA4 max="1" min="0" mode1="H" mode2="EVERY" penalty="1" slotGroups="" slots="22" teamGroups1="" teamGroups2="" teams1="8;17" teams2="16;15;7;6;2;8;10;19;11;18;17;13;12;9;14;1;3;0;4;5" type="HARD"/>
            <CA4 max="2" min="0" mode1="H" mode2="GLOBAL" penalty="1" slotGroups="" slots="3;4;1;5" teamGroups1="" teamGroups2="" teams1="7;17;9;0" teams2="7;17;9;0" type="HARD"/>
            <CA4 max="1" min="0" mode1="H" mode2="EVERY" penalty="1" slotGroups="" slots="13" teamGroups1="" teamGroups2="" teams1="6;4" teams2="16;15;7;6;2;8;10;19;11;18;17;13;12;9;14;1;3;0;4;5" type="HARD"/>
            <CA4 max="2" min="0" mode1="H" mode2="GLOBAL" penalty="1" slotGroups="" slots="7;6;4;1;5" teamGroups1="" teamGroups2="" teams1="2;8;10;18;14" teams2="2;8;10;18;14" type="HARD"/>
            <CA4 max="1" min="0" mode1="H" mode2="EVERY" penalty="1" slotGroups="" slots="33" teamGroups1="" teamGroups2="" teams1="6;8" teams2="16;15;7;6;2;8;10;19;11;18;17;13;12;9;14;1;3;0;4;5" type="HARD"/>
            <CA4 max="1" min="0" mode1="H" mode2="EVERY" penalty="1" slotGroups="" slots="16" teamGroups1="" teamGroups2="" teams1="8;9" teams2="16;15;7;6;2;8;10;19;11;18;17;13;12;9;14;1;3;0;4;5" type="HARD"/>
            <CA4 max="2" min="0" mode1="H" mode2="GLOBAL" penalty="1" slotGroups="" slots="3;16;7;6;1;10" teamGroups1="" teamGroups2="" teams1="15;17;13;12;3;4" teams2="15;17;13;12;3;4" type="HARD"/>
            <CA4 max="2" min="0" mode1="H" mode2="GLOBAL" penalty="1" slotGroups="" slots="2;3;11;21;1;0" teamGroups1="" teamGroups2="" teams1="16;7;2;10;14;1" teams2="16;7;2;10;14;1" type="HARD"/>
            <CA4 max="2" min="0" mode1="H" mode2="GLOBAL" penalty="1" slotGroups="" slots="3;7;20;14;5;19" teamGroups1="" teamGroups2="" teams1="6;2;19;18;13;12" teams2="6;2;19;18;13;12" type="HARD"/>
            <CA4 max="2" min="0" mode1="H" mode2="GLOBAL" penalty="1" slotGroups="" slots="2;4;1;0" teamGroups1="" teamGroups2="" teams1="8;18;12;9" teams2="8;18;12;9" type="HARD"/>
            <CA4 max="1" min="0" mode1="H" mode2="EVERY" penalty="1" slotGroups="" slots="34" teamGroups1="" teamGroups2="" teams1="17;13" teams2="16;15;7;6;2;8;10;19;11;18;17;13;12;9;14;1;3;0;4;5" type="HARD"/>
            <CA4 max="2" min="0" mode1="H" mode2="GLOBAL" penalty="1" slotGroups="" slots="2;3;1;5" teamGroups1="" teamGroups2="" teams1="6;17;12;14" teams2="6;17;12;14" type="HARD"/>
            <CA4 max="1" min="0" mode1="H" mode2="EVERY" penalty="1" slotGroups="" slots="15" teamGroups1="" teamGroups2="" teams1="10;0" teams2="16;15;7;6;2;8;10;19;11;18;17;13;12;9;14;1;3;0;4;5" type="HARD"/>
            <CA4 max="2" min="0" mode1="H" mode2="GLOBAL" penalty="1" slotGroups="" slots="2;7;4;0" teamGroups1="" teamGroups2="" teams1="15;14;4;5" teams2="15;14;4;5" type="HARD"/>
            <CA4 max="2" min="0" mode1="H" mode2="GLOBAL" penalty="1" slotGroups="" slots="8;2;3;5" teamGroups1="" teamGroups2="" teams1="7;10;4;5" teams2="7;10;4;5" type="HARD"/>
            <CA4 max="2" min="0" mode1="H" mode2="GLOBAL" penalty="1" slotGroups="" slots="6;4;1;5;10" teamGroups1="" teamGroups2="" teams1="8;10;18;14;3" teams2="8;10;18;14;3" type="HARD"/>
            <CA4 max="1" min="0" mode1="H" mode2="EVERY" penalty="1" slotGroups="" slots="23" teamGroups1="" teamGroups2="" teams1="2;12" teams2="16;15;7;6;2;8;10;19;11;18;17;13;12;9;14;1;3;0;4;5" type="HARD"/>
            <CA4 max="2" min="0" mode1="H" mode2="GLOBAL" penalty="1" slotGroups="" slots="11;7;6;1;5;10" teamGroups1="" teamGroups2="" teams1="16;2;19;11;13;5" teams2="16;2;19;11;13;5" type="HARD"/>
            <CA4 max="2" min="0" mode1="H" mode2="GLOBAL" penalty="1" slotGroups="" slots="9;16;20;28;31;0" teamGroups1="" teamGroups2="" teams1="16;7;11;9;1;3" teams2="16;7;11;9;1;3" type="HARD"/>
            <CA4 max="2" min="0" mode1="H" mode2="GLOBAL" penalty="1" slotGroups="" slots="13;9;11;4;5;10" teamGroups1="" teamGroups2="" teams1="16;6;13;0;4;5" teams2="16;6;13;0;4;5" type="HARD"/>
            <CA4 max="1" min="0" mode1="H" mode2="EVERY" penalty="1" slotGroups="" slots="10" teamGroups1="" teamGroups2="" teams1="1;3" teams2="16;15;7;6;2;8;10;19;11;18;17;13;12;9;14;1;3;0;4;5" type="HARD"/>
            <CA4 max="1" min="0" mode1="H" mode2="EVERY" penalty="1" slotGroups="" slots="16" teamGroups1="" teamGroups2="" teams1="8;11" teams2="16;15;7;6;2;8;10;19;11;18;17;13;12;9;14;1;3;0;4;5" type="HARD"/>
            <CA4 max="2" min="0" mode1="H" mode2="GLOBAL" penalty="1" slotGroups="" slots="2;3;1;5" teamGroups1="" teamGroups2="" teams1="6;2;18;4" teams2="6;2;18;4" type="HARD"/>
            <CA4 max="2" min="0" mode1="H" mode2="GLOBAL" penalty="1" slotGroups="" slots="8;2;11;18;17;1" teamGroups1="" teamGroups2="" teams1="7;6;2;12;0;4" teams2="7;6;2;12;0;4" type="HARD"/>
            <CA4 max="2" min="0" mode1="H" mode2="GLOBAL" penalty="1" slotGroups="" slots="2;3;4;5" teamGroups1="" teamGroups2="" teams1="10;13;12;0" teams2="10;13;12;0" type="HARD"/>
            <CA4 max="1" min="0" mode1="H" mode2="EVERY" penalty="1" slotGroups="" slots="37" teamGroups1="" teamGroups2="" teams1="2;3" teams2="16;15;7;6;2;8;10;19;11;18;17;13;12;9;14;1;3;0;4;5" type="HARD"/>
            <CA4 max="1" min="0" mode1="H" mode2="EVERY" penalty="1" slotGroups="" slots="11" teamGroups1="" teamGroups2="" teams1="13;5" teams2="16;15;7;6;2;8;10;19;11;18;17;13;12;9;14;1;3;0;4;5" type="HARD"/>
            <CA4 max="2" min="0" mode1="H" mode2="GLOBAL" penalty="1" slotGroups="" slots="11;17;6;14;5;10" teamGroups1="" teamGroups2="" teams1="16;8;11;12;14;1" teams2="16;8;11;12;14;1" type="HARD"/>
            <CA4 max="2" min="0" mode1="H" mode2="GLOBAL" penalty="1" slotGroups="" slots="9;16;11;7;1;10" teamGroups1="" teamGroups2="" teams1="16;2;19;14;0;5" teams2="16;2;19;14;0;5" type="HARD"/>
            <CA4 max="2" min="0" mode1="H" mode2="GLOBAL" penalty="1" slotGroups="" slots="9;2;3;6;5" teamGroups1="" teamGroups2="" teams1="2;18;17;12;5" teams2="2;18;17;12;5" type="HARD"/>
            <CA4 max="2" min="0" mode1="H" mode2="GLOBAL" penalty="1" slotGroups="" slots="2;3;7;5" teamGroups1="" teamGroups2="" teams1="10;13;9;0" teams2="10;13;9;0" type="HARD"/>
            <CA4 max="1" min="0" mode1="H" mode2="EVERY" penalty="1" slotGroups="" slots="21" teamGroups1="" teamGroups2="" teams1="8;14" teams2="16;15;7;6;2;8;10;19;11;18;17;13;12;9;14;1;3;0;4;5" type="HARD"/>
            <CA4 max="1" min="0" mode1="H" mode2="EVERY" penalty="1" slotGroups="" slots="20" teamGroups1="" teamGroups2="" teams1="12;1" teams2="16;15;7;6;2;8;10;19;11;18;17;13;12;9;14;1;3;0;4;5" type="HARD"/>
            <CA4 max="2" min="0" mode1="H" mode2="GLOBAL" penalty="1" slotGroups="" slots="8;3;11;6;4;0" teamGroups1="" teamGroups2="" teams1="2;11;13;12;1;0" teams2="2;11;13;12;1;0" type="HARD"/>
            <CA4 max="1" min="0" mode1="H" mode2="EVERY" penalty="1" slotGroups="" slots="13" teamGroups1="" teamGroups2="" teams1="13;4" teams2="16;15;7;6;2;8;10;19;11;18;17;13;12;9;14;1;3;0;4;5" type="HARD"/>
            <CA4 max="2" min="0" mode1="H" mode2="GLOBAL" penalty="1" slotGroups="" slots="9;3;11;7;1;10" teamGroups1="" teamGroups2="" teams1="15;10;17;13;9;4" teams2="15;10;17;13;9;4" type="HARD"/>
            <CA4 max="2" min="0" mode1="H" mode2="GLOBAL" penalty="1" slotGroups="" slots="9;3;4;1;10" teamGroups1="" teamGroups2="" teams1="11;18;14;1;3" teams2="11;18;14;1;3" type="HARD"/>
            <CA4 max="2" min="0" mode1="H" mode2="GLOBAL" penalty="1" slotGroups="" slots="3;6;4;1" teamGroups1="" teamGroups2="" teams1="6;19;1;5" teams2="6;19;1;5" type="HARD"/>
            <CA4 max="2" min="0" mode1="H" mode2="GLOBAL" penalty="1" slotGroups="" slots="7;6;1;5;0" teamGroups1="" teamGroups2="" teams1="16;2;13;12;9" teams2="16;2;13;12;9" type="HARD"/>
            <CA4 max="2" min="0" mode1="H" mode2="GLOBAL" penalty="1" slotGroups="" slots="9;2;4;10;0" teamGroups1="" teamGroups2="" teams1="16;7;18;13;3" teams2="16;7;18;13;3" type="HARD"/>
            <CA4 max="2" min="0" mode1="H" mode2="GLOBAL" penalty="1" slotGroups="" slots="2;3;4;5" teamGroups1="" teamGroups2="" teams1="16;8;1;3" teams2="16;8;1;3" type="HARD"/>
            <CA4 max="2" min="0" mode1="H" mode2="GLOBAL" penalty="1" slotGroups="" slots="9;3;7;6;14;0" teamGroups1="" teamGroups2="" teams1="7;10;19;11;12;3" teams2="7;10;19;11;12;3" type="HARD"/>
            <CA4 max="2" min="0" mode1="H" mode2="GLOBAL" penalty="1" slotGroups="" slots="2;7;4;5;0" teamGroups1="" teamGroups2="" teams1="2;10;11;12;9" teams2="2;10;11;12;9" type="HARD"/>
            <CA4 max="2" min="0" mode1="H" mode2="GLOBAL" penalty="1" slotGroups="" slots="2;3;1;0" teamGroups1="" teamGroups2="" teams1="7;12;14;0" teams2="7;12;14;0" type="HARD"/>
            <CA4 max="2" min="0" mode1="H" mode2="GLOBAL" penalty="1" slotGroups="" slots="2;6;4;1;5" teamGroups1="" teamGroups2="" teams1="7;10;19;13;14" teams2="7;10;19;13;14" type="HARD"/>
            <CA4 max="1" min="0" mode1="H" mode2="EVERY" penalty="1" slotGroups="" slots="36" teamGroups1="" teamGroups2="" teams1="7;10" teams2="16;15;7;6;2;8;10;19;11;18;17;13;12;9;14;1;3;0;4;5" type="HARD"/>
            <CA4 max="2" min="0" mode1="H" mode2="GLOBAL" penalty="1" slotGroups="" slots="8;11;7;6;4;5" teamGroups1="" teamGroups2="" teams1="7;6;17;9;3;4" teams2="7;6;17;9;3;4" type="HARD"/>
            <CA4 max="1" min="0" mode1="H" mode2="EVERY" penalty="1" slotGroups="" slots="33" teamGroups1="" teamGroups2="" teams1="1;5" teams2="16;15;7;6;2;8;10;19;11;18;17;13;12;9;14;1;3;0;4;5" type="HARD"/>
            <CA4 max="2" min="0" mode1="H" mode2="GLOBAL" penalty="1" slotGroups="" slots="2;7;4;0" teamGroups1="" teamGroups2="" teams1="7;2;11;3" teams2="7;2;11;3" type="HARD"/>
            <CA4 max="2" min="0" mode1="H" mode2="GLOBAL" penalty="1" slotGroups="" slots="8;2;7;5;0" teamGroups1="" teamGroups2="" teams1="7;6;2;10;11" teams2="7;6;2;10;11" type="HARD"/>
            <CA4 max="2" min="0" mode1="H" mode2="GLOBAL" penalty="1" slotGroups="" slots="8;11;7;4;5;0" teamGroups1="" teamGroups2="" teams1="19;18;13;12;14;0" teams2="19;18;13;12;14;0" type="HARD"/>
            <CA4 max="1" min="0" mode1="H" mode2="EVERY" penalty="1" slotGroups="" slots="4" teamGroups1="" teamGroups2="" teams1="19;1" teams2="16;15;7;6;2;8;10;19;11;18;17;13;12;9;14;1;3;0;4;5" type="HARD"/>
            <CA4 max="2" min="0" mode1="H" mode2="GLOBAL" penalty="1" slotGroups="" slots="9;2;18;6;10;12" teamGroups1="" teamGroups2="" teams1="17;13;12;9;0;4" teams2="17;13;12;9;0;4" type="HARD"/>
            <CA4 max="2" min="0" mode1="H" mode2="GLOBAL" penalty="1" slotGroups="" slots="6;4;1;5;0" teamGroups1="" teamGroups2="" teams1="6;10;18;0;5" teams2="6;10;18;0;5" type="HARD"/>
            <CA4 max="2" min="0" mode1="H" mode2="GLOBAL" penalty="1" slotGroups="" slots="2;6;1;10;0" teamGroups1="" teamGroups2="" teams1="6;8;18;0;4" teams2="6;8;18;0;4" type="HARD"/>
            <CA4 max="1" min="0" mode1="H" mode2="EVERY" penalty="1" slotGroups="" slots="7" teamGroups1="" teamGroups2="" teams1="10;11" teams2="16;15;7;6;2;8;10;19;11;18;17;13;12;9;14;1;3;0;4;5" type="HARD"/>
            <CA4 max="2" min="0" mode1="H" mode2="GLOBAL" penalty="1" slotGroups="" slots="2;3;1;0" teamGroups1="" teamGroups2="" teams1="2;19;11;5" teams2="2;19;11;5" type="HARD"/>
            <CA4 max="2" min="0" mode1="H" mode2="GLOBAL" penalty="1" slotGroups="" slots="3;18;4;10;0" teamGroups1="" teamGroups2="" teams1="7;2;17;0;5" teams2="7;2;17;0;5" type="HARD"/>
            <CA4 max="2" min="0" mode1="H" mode2="GLOBAL" penalty="1" slotGroups="" slots="9;2;4;5;0" teamGroups1="" teamGroups2="" teams1="16;13;3;0;4" teams2="16;13;3;0;4" type="HARD"/>
            <CA4 max="2" min="0" mode1="H" mode2="GLOBAL" penalty="1" slotGroups="" slots="13;9;2;6;15;10" teamGroups1="" teamGroups2="" teams1="6;2;8;9;14;3" teams2="6;2;8;9;14;3" type="HARD"/>
            <CA4 max="2" min="0" mode1="H" mode2="GLOBAL" penalty="1" slotGroups="" slots="9;3;6;4;0" teamGroups1="" teamGroups2="" teams1="15;2;17;13;14" teams2="15;2;17;13;14" type="HARD"/>
            <CA4 max="1" min="0" mode1="H" mode2="EVERY" penalty="1" slotGroups="" slots="33" teamGroups1="" teamGroups2="" teams1="7;13" teams2="16;15;7;6;2;8;10;19;11;18;17;13;12;9;14;1;3;0;4;5" type="HARD"/>
            <CA4 max="1" min="0" mode1="H" mode2="EVERY" penalty="1" slotGroups="" slots="11" teamGroups1="" teamGroups2="" teams1="6;8" teams2="16;15;7;6;2;8;10;19;11;18;17;13;12;9;14;1;3;0;4;5" type="HARD"/>
            <CA4 max="1" min="0" mode1="H" mode2="GLOBAL" penalty="5" slotGroups="" slots="13;7;18;35;22" teamGroups1="" teamGroups2="" teams1="15;8;10;11;14" teams2="15;8;10;11;14" type="SOFT"/>
            <CA4 max="2" min="0" mode1="H" mode2="GLOBAL" penalty="5" slotGroups="" slots="13;3;26;15;14;5" teamGroups1="" teamGroups2="" teams1="16;2;8;19;13;9" teams2="16;2;8;19;13;9" type="SOFT"/>
            <CA4 max="1" min="0" mode1="H" mode2="GLOBAL" penalty="5" slotGroups="" slots="23;21;4;14" teamGroups1="" teamGroups2="" teams1="6;10;11;5" teams2="6;10;11;5" type="SOFT"/>
            <CA4 max="1" min="0" mode1="H" mode2="GLOBAL" penalty="5" slotGroups="" slots="25;31;19;37" teamGroups1="" teamGroups2="" teams1="8;10;18;13" teams2="8;10;18;13" type="SOFT"/>
            <CA4 max="1" min="0" mode1="H" mode2="GLOBAL" penalty="5" slotGroups="" slots="13;21;33;31" teamGroups1="" teamGroups2="" teams1="2;8;10;12" teams2="2;8;10;12" type="SOFT"/>
            <CA4 max="1" min="0" mode1="H" mode2="EVERY" penalty="5" slotGroups="" slots="29" teamGroups1="" teamGroups2="" teams1="8;3" teams2="16;15;7;6;2;8;10;19;11;18;17;13;12;9;14;1;3;0;4;5" type="SOFT"/>
            <CA4 max="2" min="0" mode1="H" mode2="GLOBAL" penalty="5" slotGroups="" slots="30;33;28;6;10;32" teamGroups1="" teamGroups2="" teams1="8;11;13;1;0;4" teams2="8;11;13;1;0;4" type="SOFT"/>
            <CA4 max="1" min="0" mode1="H" mode2="EVERY" penalty="5" slotGroups="" slots="20" teamGroups1="" teamGroups2="" teams1="16;17" teams2="16;15;7;6;2;8;10;19;11;18;17;13;12;9;14;1;3;0;4;5" type="SOFT"/>
            <CA4 max="1" min="0" mode1="H" mode2="GLOBAL" penalty="5" slotGroups="" slots="2;11;27;14;36" teamGroups1="" teamGroups2="" teams1="10;12;3;0;5" teams2="10;12;3;0;5" type="SOFT"/>
            <CA4 max="1" min="0" mode1="H" mode2="GLOBAL" penalty="5" slotGroups="" slots="2;3;16;32;36" teamGroups1="" teamGroups2="" teams1="16;7;6;3;0" teams2="16;7;6;3;0" type="SOFT"/>
            <CA4 max="1" min="0" mode1="H" mode2="EVERY" penalty="5" slotGroups="" slots="27" teamGroups1="" teamGroups2="" teams1="19;4" teams2="16;15;7;6;2;8;10;19;11;18;17;13;12;9;14;1;3;0;4;5" type="SOFT"/>
            <CA4 max="1" min="0" mode1="H" mode2="EVERY" penalty="5" slotGroups="" slots="14" teamGroups1="" teamGroups2="" teams1="15;4" teams2="16;15;7;6;2;8;10;19;11;18;17;13;12;9;14;1;3;0;4;5" type="SOFT"/>
            <CA4 max="1" min="0" mode1="H" mode2="GLOBAL" penalty="5" slotGroups="" slots="8;13;2;21;26" teamGroups1="" teamGroups2="" teams1="6;2;8;1;4" teams2="6;2;8;1;4" type="SOFT"/>
            <CA4 max="1" min="0" mode1="H" mode2="GLOBAL" penalty="5" slotGroups="" slots="8;30;7;10;31" teamGroups1="" teamGroups2="" teams1="6;9;14;4;5" teams2="6;9;14;4;5" type="SOFT"/>
            <CA4 max="1" min="0" mode1="H" mode2="EVERY" penalty="5" slotGroups="" slots="23" teamGroups1="" teamGroups2="" teams1="15;3" teams2="16;15;7;6;2;8;10;19;11;18;17;13;12;9;14;1;3;0;4;5" type="SOFT"/>
            <CA4 max="1" min="0" mode1="H" mode2="EVERY" penalty="5" slotGroups="" slots="31" teamGroups1="" teamGroups2="" teams1="12;1" teams2="16;15;7;6;2;8;10;19;11;18;17;13;12;9;14;1;3;0;4;5" type="SOFT"/>
            <CA4 max="2" min="0" mode1="H" mode2="GLOBAL" penalty="5" slotGroups="" slots="9;11;26;18;17;1" teamGroups1="" teamGroups2="" teams1="6;8;18;9;14;1" teams2="6;8;18;9;14;1" type="SOFT"/>
            <CA4 max="1" min="0" mode1="H" mode2="GLOBAL" penalty="5" slotGroups="" slots="9;2;3;21;6" teamGroups1="" teamGroups2="" teams1="8;11;1;3;5" teams2="8;11;1;3;5" type="SOFT"/>
            <CA4 max="1" min="0" mode1="H" mode2="GLOBAL" penalty="5" slotGroups="" slots="13;3;29;24;32" teamGroups1="" teamGroups2="" teams1="19;11;12;4;5" teams2="19;11;12;4;5" type="SOFT"/>
            <CA4 max="1" min="0" mode1="H" mode2="GLOBAL" penalty="5" slotGroups="" slots="21;26;28;31" teamGroups1="" teamGroups2="" teams1="8;19;11;13" teams2="8;19;11;13" type="SOFT"/>
            <CA4 max="1" min="0" mode1="H" mode2="EVERY" penalty="5" slotGroups="" slots="13" teamGroups1="" teamGroups2="" teams1="12;1" teams2="16;15;7;6;2;8;10;19;11;18;17;13;12;9;14;1;3;0;4;5" type="SOFT"/>
            <CA4 max="1" min="0" mode1="H" mode2="GLOBAL" penalty="5" slotGroups="" slots="33;17;6;32" teamGroups1="" teamGroups2="" teams1="16;15;10;9" teams2="16;15;10;9" type="SOFT"/>
            <CA4 max="1" min="0" mode1="H" mode2="EVERY" penalty="5" slotGroups="" slots="34" teamGroups1="" teamGroups2="" teams1="7;6" teams2="16;15;7;6;2;8;10;19;11;18;17;13;12;9;14;1;3;0;4;5" type="SOFT"/>
            <CA4 max="1" min="0" mode1="H" mode2="GLOBAL" penalty="5" slotGroups="" slots="2;20;0;22" teamGroups1="" teamGroups2="" teams1="15;19;11;14" teams2="15;19;11;14" type="SOFT"/>
            <CA4 max="1" min="0" mode1="H" mode2="EVERY" penalty="5" slotGroups="" slots="34" teamGroups1="" teamGroups2="" teams1="7;11" teams2="16;15;7;6;2;8;10;19;11;18;17;13;12;9;14;1;3;0;4;5" type="SOFT"/>
            <CA4 max="1" min="0" mode1="H" mode2="GLOBAL" penalty="5" slotGroups="" slots="26;33;1;36" teamGroups1="" teamGroups2="" teams1="10;13;12;0" teams2="10;13;12;0" type="SOFT"/>
            <CA4 max="1" min="0" mode1="H" mode2="GLOBAL" penalty="5" slotGroups="" slots="8;2;16;6;24" teamGroups1="" teamGroups2="" teams1="7;8;17;14;3" teams2="7;8;17;14;3" type="SOFT"/>
            <CA4 max="1" min="0" mode1="H" mode2="EVERY" penalty="5" slotGroups="" slots="26" teamGroups1="" teamGroups2="" teams1="6;9" teams2="16;15;7;6;2;8;10;19;11;18;17;13;12;9;14;1;3;0;4;5" type="SOFT"/>
            <CA4 max="1" min="0" mode1="H" mode2="GLOBAL" penalty="5" slotGroups="" slots="30;28;15;31;22" teamGroups1="" teamGroups2="" teams1="2;13;12;1;4" teams2="2;13;12;1;4" type="SOFT"/>
            <CA4 max="1" min="0" mode1="H" mode2="GLOBAL" penalty="5" slotGroups="" slots="34;29;0;32" teamGroups1="" teamGroups2="" teams1="16;15;13;12" teams2="16;15;13;12" type="SOFT"/>
            <CA4 max="1" min="0" mode1="H" mode2="GLOBAL" penalty="5" slotGroups="" slots="8;30;9;2;10" teamGroups1="" teamGroups2="" teams1="7;8;12;14;3" teams2="7;8;12;14;3" type="SOFT"/>
            <CA4 max="1" min="0" mode1="H" mode2="GLOBAL" penalty="5" slotGroups="" slots="13;9;27;12" teamGroups1="" teamGroups2="" teams1="15;18;12;1" teams2="15;18;12;1" type="SOFT"/>
            <CA4 max="1" min="0" mode1="H" mode2="GLOBAL" penalty="5" slotGroups="" slots="16;6;35;10;0" teamGroups1="" teamGroups2="" teams1="16;11;12;4;5" teams2="16;11;12;4;5" type="SOFT"/>
            <CA4 max="2" min="0" mode1="H" mode2="GLOBAL" penalty="5" slotGroups="" slots="30;11;29;4;5;36" teamGroups1="" teamGroups2="" teams1="16;19;18;13;3;0" teams2="16;19;18;13;3;0" type="SOFT"/>
            <CA4 max="1" min="0" mode1="H" mode2="GLOBAL" penalty="5" slotGroups="" slots="30;2;16;20;18" teamGroups1="" teamGroups2="" teams1="16;19;13;12;4" teams2="16;19;13;12;4" type="SOFT"/>
            <CA4 max="1" min="0" mode1="H" mode2="EVERY" penalty="5" slotGroups="" slots="30" teamGroups1="" teamGroups2="" teams1="15;3" teams2="16;15;7;6;2;8;10;19;11;18;17;13;12;9;14;1;3;0;4;5" type="SOFT"/>
            <CA4 max="1" min="0" mode1="H" mode2="GLOBAL" penalty="5" slotGroups="" slots="13;6;4;37" teamGroups1="" teamGroups2="" teams1="6;17;9;1" teams2="6;17;9;1" type="SOFT"/>
            <CA4 max="1" min="0" mode1="H" mode2="GLOBAL" penalty="5" slotGroups="" slots="23;2;33;37;36" teamGroups1="" teamGroups2="" teams1="18;17;9;0;4" teams2="18;17;9;0;4" type="SOFT"/>
            <CA4 max="1" min="0" mode1="H" mode2="GLOBAL" penalty="5" slotGroups="" slots="23;34;6;5" teamGroups1="" teamGroups2="" teams1="16;8;3;4" teams2="16;8;3;4" type="SOFT"/>
            <CA4 max="1" min="0" mode1="H" mode2="GLOBAL" penalty="5" slotGroups="" slots="2;20;34;29;25" teamGroups1="" teamGroups2="" teams1="16;8;19;9;14" teams2="16;8;19;9;14" type="SOFT"/>
            <CA4 max="1" min="0" mode1="H" mode2="GLOBAL" penalty="5" slotGroups="" slots="2;16;20;19" teamGroups1="" teamGroups2="" teams1="19;13;14;4" teams2="19;13;14;4" type="SOFT"/>
            <CA4 max="2" min="0" mode1="H" mode2="GLOBAL" penalty="5" slotGroups="" slots="11;28;29;12;37;36" teamGroups1="" teamGroups2="" teams1="15;7;17;14;3;4" teams2="15;7;17;14;3;4" type="SOFT"/>
            <CA4 max="2" min="0" mode1="H" mode2="GLOBAL" penalty="5" slotGroups="" slots="30;9;7;27;10;32" teamGroups1="" teamGroups2="" teams1="16;6;18;12;9;5" teams2="16;6;18;12;9;5" type="SOFT"/>
            <CA4 max="1" min="0" mode1="H" mode2="GLOBAL" penalty="5" slotGroups="" slots="16;21;17;4" teamGroups1="" teamGroups2="" teams1="7;8;10;19" teams2="7;8;10;19" type="SOFT"/>
            <CA4 max="2" min="0" mode1="H" mode2="GLOBAL" penalty="5" slotGroups="" slots="13;11;21;6;15;31" teamGroups1="" teamGroups2="" teams1="7;6;8;10;18;14" teams2="7;6;8;10;18;14" type="SOFT"/>
            <CA4 max="1" min="0" mode1="H" mode2="EVERY" penalty="5" slotGroups="" slots="21" teamGroups1="" teamGroups2="" teams1="10;13" teams2="16;15;7;6;2;8;10;19;11;18;17;13;12;9;14;1;3;0;4;5" type="SOFT"/>
            <CA4 max="2" min="0" mode1="H" mode2="GLOBAL" penalty="5" slotGroups="" slots="8;23;18;29;0;22" teamGroups1="" teamGroups2="" teams1="10;18;17;12;1;3" teams2="10;18;17;12;1;3" type="SOFT"/>
            <CA4 max="2" min="0" mode1="H" mode2="GLOBAL" penalty="5" slotGroups="" slots="21;33;27;4;25;37" teamGroups1="" teamGroups2="" teams1="16;15;11;13;12;9" teams2="16;15;11;13;12;9" type="SOFT"/>
            <CA4 max="2" min="0" mode1="H" mode2="GLOBAL" penalty="5" slotGroups="" slots="11;21;20;28;5;12" teamGroups1="" teamGroups2="" teams1="7;6;10;17;4;5" teams2="7;6;10;17;4;5" type="SOFT"/>
            <CA4 max="1" min="0" mode1="H" mode2="GLOBAL" penalty="5" slotGroups="" slots="9;4;25;36" teamGroups1="" teamGroups2="" teams1="7;17;14;0" teams2="7;17;14;0" type="SOFT"/>
            <CA4 max="1" min="0" mode1="H" mode2="GLOBAL" penalty="5" slotGroups="" slots="4;1;15;22" teamGroups1="" teamGroups2="" teams1="16;2;14;5" teams2="16;2;14;5" type="SOFT"/>
            <CA4 max="1" min="0" mode1="H" mode2="GLOBAL" penalty="5" slotGroups="" slots="34;27;31;22" teamGroups1="" teamGroups2="" teams1="15;7;8;10" teams2="15;7;8;10" type="SOFT"/>
            <CA4 max="1" min="0" mode1="H" mode2="GLOBAL" penalty="5" slotGroups="" slots="8;30;15;37" teamGroups1="" teamGroups2="" teams1="2;17;13;0" teams2="2;17;13;0" type="SOFT"/>
            <CA4 max="2" min="0" mode1="H" mode2="GLOBAL" penalty="5" slotGroups="" slots="9;11;29;35;24;36" teamGroups1="" teamGroups2="" teams1="11;17;13;12;4;5" teams2="11;17;13;12;4;5" type="SOFT"/>
            <CA4 max="1" min="0" mode1="H" mode2="EVERY" penalty="5" slotGroups="" slots="9" teamGroups1="" teamGroups2="" teams1="10;14" teams2="16;15;7;6;2;8;10;19;11;18;17;13;12;9;14;1;3;0;4;5" type="SOFT"/>
            <CA4 max="2" min="0" mode1="H" mode2="GLOBAL" penalty="5" slotGroups="" slots="20;17;1;14;31;0" teamGroups1="" teamGroups2="" teams1="16;6;2;9;1;4" teams2="16;6;2;9;1;4" type="SOFT"/>
            <CA4 max="1" min="0" mode1="H" mode2="EVERY" penalty="5" slotGroups="" slots="31" teamGroups1="" teamGroups2="" teams1="15;0" teams2="16;15;7;6;2;8;10;19;11;18;17;13;12;9;14;1;3;0;4;5" type="SOFT"/>
            <CA4 max="2" min="0" mode1="H" mode2="GLOBAL" penalty="5" slotGroups="" slots="8;30;21;6;15;31" teamGroups1="" teamGroups2="" teams1="6;2;8;19;18;14" teams2="6;2;8;19;18;14" type="SOFT"/>
            <CA4 max="1" min="0" mode1="H" mode2="EVERY" penalty="5" slotGroups="" slots="23" teamGroups1="" teamGroups2="" teams1="14;0" teams2="16;15;7;6;2;8;10;19;11;18;17;13;12;9;14;1;3;0;4;5" type="SOFT"/>
            <CA4 max="1" min="0" mode1="H" mode2="EVERY" penalty="5" slotGroups="" slots="23" teamGroups1="" teamGroups2="" teams1="16;0" teams2="16;15;7;6;2;8;10;19;11;18;17;13;12;9;14;1;3;0;4;5" type="SOFT"/>
            <CA4 max="1" min="0" mode1="H" mode2="EVERY" penalty="5" slotGroups="" slots="4" teamGroups1="" teamGroups2="" teams1="9;0" teams2="16;15;7;6;2;8;10;19;11;18;17;13;12;9;14;1;3;0;4;5" type="SOFT"/>
            <CA4 max="1" min="0" mode1="H" mode2="GLOBAL" penalty="5" slotGroups="" slots="20;28;4;25;24" teamGroups1="" teamGroups2="" teams1="17;14;3;4;5" teams2="17;14;3;4;5" type="SOFT"/>
            <CA4 max="1" min="0" mode1="H" mode2="GLOBAL" penalty="5" slotGroups="" slots="23;2;26;29;35" teamGroups1="" teamGroups2="" teams1="16;19;12;1;0" teams2="16;19;12;1;0" type="SOFT"/>
            <CA4 max="1" min="0" mode1="H" mode2="GLOBAL" penalty="5" slotGroups="" slots="8;4;1;35;5" teamGroups1="" teamGroups2="" teams1="8;11;13;4;5" teams2="8;11;13;4;5" type="SOFT"/>
            <CA4 max="1" min="0" mode1="H" mode2="GLOBAL" penalty="5" slotGroups="" slots="2;18;12;22" teamGroups1="" teamGroups2="" teams1="17;12;3;0" teams2="17;12;3;0" type="SOFT"/>
            <CA4 max="2" min="0" mode1="H" mode2="GLOBAL" penalty="5" slotGroups="" slots="11;25;15;5;12;31" teamGroups1="" teamGroups2="" teams1="16;2;19;11;4;5" teams2="16;2;19;11;4;5" type="SOFT"/>
            <CA4 max="1" min="0" mode1="H" mode2="EVERY" penalty="5" slotGroups="" slots="28" teamGroups1="" teamGroups2="" teams1="15;13" teams2="16;15;7;6;2;8;10;19;11;18;17;13;12;9;14;1;3;0;4;5" type="SOFT"/>
            <CA4 max="1" min="0" mode1="H" mode2="GLOBAL" penalty="5" slotGroups="" slots="28;29;4;15;24" teamGroups1="" teamGroups2="" teams1="19;17;12;0;4" teams2="19;17;12;0;4" type="SOFT"/>
            <CA4 max="1" min="0" mode1="H" mode2="GLOBAL" penalty="5" slotGroups="" slots="2;16;18;24;32" teamGroups1="" teamGroups2="" teams1="15;17;13;1;5" teams2="15;17;13;1;5" type="SOFT"/>
            <CA4 max="1" min="0" mode1="H" mode2="EVERY" penalty="5" slotGroups="" slots="26" teamGroups1="" teamGroups2="" teams1="16;12" teams2="16;15;7;6;2;8;10;19;11;18;17;13;12;9;14;1;3;0;4;5" type="SOFT"/>
            <CA4 max="1" min="0" mode1="H" mode2="GLOBAL" penalty="5" slotGroups="" slots="16;11;19;32" teamGroups1="" teamGroups2="" teams1="18;17;4;5" teams2="18;17;4;5" type="SOFT"/>
        </CapacityConstraints>
        <GameConstraints>
            <GA1 max="0" meetings="9,15;" min="0" penalty="1" slotGroups="" slots="23;35" type="SOFT"/>
            <GA1 max="3" meetings="5,19;9,15;9,16;" min="2" penalty="1" slotGroups="" slots="9" type="SOFT"/>
            <GA1 max="0" meetings="2,15;" min="0" penalty="1" slotGroups="" slots="6;1" type="SOFT"/>
            <GA1 max="0" meetings="8,10;" min="0" penalty="1" slotGroups="" slots="9;28;25;37" type="SOFT"/>
            <GA1 max="2" meetings="0,2;1,9;13,3;13,19;" min="0" penalty="1" slotGroups="" slots="26" type="SOFT"/>
            <GA1 max="0" meetings="1,15;" min="0" penalty="1" slotGroups="" slots="13;25;37" type="SOFT"/>
            <GA1 max="0" meetings="7,19;" min="0" penalty="1" slotGroups="" slots="15;19" type="SOFT"/>
            <GA1 max="0" meetings="17,9;" min="0" penalty="1" slotGroups="" slots="3;20;18;14" type="SOFT"/>
            <GA1 max="1" meetings="9,19;11,17;" min="0" penalty="1" slotGroups="" slots="2;20" type="SOFT"/>
            <GA1 max="1" meetings="2,6;" min="1" penalty="1" slotGroups="" slots="37" type="SOFT"/>
            <GA1 max="0" meetings="15,2;" min="0" penalty="1" slotGroups="" slots="30;14;5" type="SOFT"/>
            <GA1 max="1" meetings="3,11;10,3;15,16;" min="0" penalty="1" slotGroups="" slots="2;35" type="SOFT"/>
            <GA1 max="1" meetings="1,3;" min="1" penalty="1" slotGroups="" slots="30;33;12;0" type="SOFT"/>
        </GameConstraints>
        <BreakConstraints>
            <BR2 intp="18" homeMode="HA" mode2="LEQ" penalty="10" slotGroups="" slots="8;13;23;30;9;2;3;16;11;21;7;20;26;33;18;34;27;28;29;17;6;4;25;1;15;35;14;5;24;10;12;31;19;0;32;22;37;36" teamGroups="" teams="16;15;7;6;2;8;10;19;11;18;17;13;12;9;14;1;3;0;4;5" type="SOFT"/>
        </BreakConstraints>
        <FairnessConstraints>
            <FA2 intp="2" mode="H" penalty="10" slotGroups="" slots="8;13;23;30;9;2;3;16;11;21;7;20;26;33;18;34;27;28;29;17;6;4;25;1;15;35;14;5;24;10;12;31;19;0;32;22;37;36" teamGroups="" teams="16;15;7;6;2;8;10;19;11;18;17;13;12;9;14;1;3;0;4;5" type="SOFT"/>
        </FairnessConstraints>
        <SeparationConstraints>
            <SE1 mode1="SLOTS" min="10" penalty="10" teamGroups="" teams="16;15;7;6;2;8;10;19;11;18;17;13;12;9;14;1;3;0;4;5" type="SOFT"/>
        </SeparationConstraints>
    </Constraints>
</Instance>
