<?xml version="1.0" encoding="UTF-8"?>
<Instance>
    <MetaData>
        <InstanceName>Late 9</InstanceName>
        <DataType>A</DataType>
        <Contributor>ITC2021</Contributor>
	<Date year="2021" month="4"/>
    </MetaData>
    <Structure>
        <Format leagueIds="0">
            <numberRoundRobin>2</numberRoundRobin>
            <compactness>C</compactness>
            <gameMode>NULL</gameMode>
        </Format>
        <AdditionalGames/>
    </Structure>
    <ObjectiveFunction>
        <Objective>SC</Objective>
    </ObjectiveFunction>
    <Data>
        <Distances/>
        <COEWeights/>
        <Costs/>
    </Data>
    <Resources>
        <LeagueGroups/>
        <Leagues>
            <league id="0" leagueGroups="" name="League 0"/>
        </Leagues>
        <TeamGroups/>
        <Teams>
            <team id="0" league="0" name="Team 0" teamGroups=""/>
            <team id="1" league="0" name="Team 1" teamGroups=""/>
            <team id="2" league="0" name="Team 2" teamGroups=""/>
            <team id="3" league="0" name="Team 3" teamGroups=""/>
            <team id="4" league="0" name="Team 4" teamGroups=""/>
            <team id="5" league="0" name="Team 5" teamGroups=""/>
            <team id="6" league="0" name="Team 6" teamGroups=""/>
            <team id="7" league="0" name="Team 7" teamGroups=""/>
            <team id="8" league="0" name="Team 8" teamGroups=""/>
            <team id="9" league="0" name="Team 9" teamGroups=""/>
            <team id="10" league="0" name="Team 10" teamGroups=""/>
            <team id="11" league="0" name="Team 11" teamGroups=""/>
            <team id="12" league="0" name="Team 12" teamGroups=""/>
            <team id="13" league="0" name="Team 13" teamGroups=""/>
            <team id="14" league="0" name="Team 14" teamGroups=""/>
            <team id="15" league="0" name="Team 15" teamGroups=""/>
            <team id="16" league="0" name="Team 16" teamGroups=""/>
            <team id="17" league="0" name="Team 17" teamGroups=""/>
        </Teams>
        <SlotGroups/>
        <Slots>
            <slot id="0" name="Slot 0" slotGroup=""/>
            <slot id="1" name="Slot 1" slotGroup=""/>
            <slot id="2" name="Slot 2" slotGroup=""/>
            <slot id="3" name="Slot 3" slotGroup=""/>
            <slot id="4" name="Slot 4" slotGroup=""/>
            <slot id="5" name="Slot 5" slotGroup=""/>
            <slot id="6" name="Slot 6" slotGroup=""/>
            <slot id="7" name="Slot 7" slotGroup=""/>
            <slot id="8" name="Slot 8" slotGroup=""/>
            <slot id="9" name="Slot 9" slotGroup=""/>
            <slot id="10" name="Slot 10" slotGroup=""/>
            <slot id="11" name="Slot 11" slotGroup=""/>
            <slot id="12" name="Slot 12" slotGroup=""/>
            <slot id="13" name="Slot 13" slotGroup=""/>
            <slot id="14" name="Slot 14" slotGroup=""/>
            <slot id="15" name="Slot 15" slotGroup=""/>
            <slot id="16" name="Slot 16" slotGroup=""/>
            <slot id="17" name="Slot 17" slotGroup=""/>
            <slot id="18" name="Slot 18" slotGroup=""/>
            <slot id="19" name="Slot 19" slotGroup=""/>
            <slot id="20" name="Slot 20" slotGroup=""/>
            <slot id="21" name="Slot 21" slotGroup=""/>
            <slot id="22" name="Slot 22" slotGroup=""/>
            <slot id="23" name="Slot 23" slotGroup=""/>
            <slot id="24" name="Slot 24" slotGroup=""/>
            <slot id="25" name="Slot 25" slotGroup=""/>
            <slot id="26" name="Slot 26" slotGroup=""/>
            <slot id="27" name="Slot 27" slotGroup=""/>
            <slot id="28" name="Slot 28" slotGroup=""/>
            <slot id="29" name="Slot 29" slotGroup=""/>
            <slot id="30" name="Slot 30" slotGroup=""/>
            <slot id="31" name="Slot 31" slotGroup=""/>
            <slot id="32" name="Slot 32" slotGroup=""/>
            <slot id="33" name="Slot 33" slotGroup=""/>
        </Slots>
    </Resources>
    <Constraints>
        <BasicConstraints/>
        <CapacityConstraints>
            <CA1 max="1" min="0" mode="A" penalty="1" slotGroups="" slots="11;2" teamGroups="" teams="9" type="HARD"/>
            <CA1 max="1" min="0" mode="A" penalty="1" slotGroups="" slots="9;33;8;28" teamGroups="" teams="6" type="HARD"/>
            <CA1 max="0" min="0" mode="H" penalty="1" slotGroups="" slots="9" teamGroups="" teams="17" type="HARD"/>
            <CA1 max="2" min="0" mode="A" penalty="1" slotGroups="" slots="12;19;17;27" teamGroups="" teams="4" type="HARD"/>
            <CA1 max="0" min="0" mode="A" penalty="1" slotGroups="" slots="18" teamGroups="" teams="16" type="HARD"/>
            <CA1 max="1" min="0" mode="A" penalty="1" slotGroups="" slots="19;0;24" teamGroups="" teams="7" type="HARD"/>
            <CA1 max="1" min="0" mode="A" penalty="1" slotGroups="" slots="19;21" teamGroups="" teams="1" type="HARD"/>
            <CA1 max="1" min="0" mode="A" penalty="1" slotGroups="" slots="32;13;15" teamGroups="" teams="8" type="HARD"/>
            <CA1 max="1" min="0" mode="H" penalty="1" slotGroups="" slots="19;0;7;4" teamGroups="" teams="16" type="HARD"/>
            <CA1 max="1" min="0" mode="A" penalty="1" slotGroups="" slots="5;28" teamGroups="" teams="15" type="HARD"/>
            <CA1 max="1" min="0" mode="H" penalty="1" slotGroups="" slots="22;21;11" teamGroups="" teams="10" type="HARD"/>
            <CA1 max="1" min="0" mode="H" penalty="1" slotGroups="" slots="12;28;16" teamGroups="" teams="2" type="HARD"/>
            <CA1 max="0" min="0" mode="H" penalty="1" slotGroups="" slots="17" teamGroups="" teams="16" type="HARD"/>
            <CA1 max="2" min="0" mode="A" penalty="1" slotGroups="" slots="18;14;28;10" teamGroups="" teams="7" type="HARD"/>
            <CA1 max="1" min="0" mode="A" penalty="1" slotGroups="" slots="20;15" teamGroups="" teams="5" type="HARD"/>
            <CA1 max="1" min="0" mode="H" penalty="1" slotGroups="" slots="25;27;15" teamGroups="" teams="10" type="HARD"/>
            <CA1 max="1" min="0" mode="H" penalty="1" slotGroups="" slots="12;17;29" teamGroups="" teams="7" type="HARD"/>
            <CA1 max="1" min="0" mode="H" penalty="1" slotGroups="" slots="12;17;25;16" teamGroups="" teams="4" type="HARD"/>
            <CA1 max="0" min="0" mode="A" penalty="1" slotGroups="" slots="14" teamGroups="" teams="9" type="HARD"/>
            <CA1 max="2" min="0" mode="A" penalty="1" slotGroups="" slots="33;32;8;30" teamGroups="" teams="13" type="HARD"/>
            <CA1 max="1" min="0" mode="H" penalty="1" slotGroups="" slots="13;2" teamGroups="" teams="11" type="HARD"/>
            <CA1 max="1" min="0" mode="A" penalty="1" slotGroups="" slots="24;33" teamGroups="" teams="15" type="HARD"/>
            <CA1 max="0" min="0" mode="A" penalty="1" slotGroups="" slots="23" teamGroups="" teams="11" type="HARD"/>
            <CA1 max="1" min="0" mode="A" penalty="1" slotGroups="" slots="17;13" teamGroups="" teams="14" type="HARD"/>
            <CA1 max="0" min="0" mode="H" penalty="1" slotGroups="" slots="10" teamGroups="" teams="8" type="HARD"/>
            <CA1 max="1" min="0" mode="A" penalty="1" slotGroups="" slots="18;31;4" teamGroups="" teams="7" type="HARD"/>
            <CA1 max="0" min="0" mode="H" penalty="1" slotGroups="" slots="29" teamGroups="" teams="1" type="HARD"/>
            <CA1 max="1" min="0" mode="A" penalty="1" slotGroups="" slots="18;22;15;4" teamGroups="" teams="5" type="HARD"/>
            <CA1 max="1" min="0" mode="A" penalty="1" slotGroups="" slots="33;11" teamGroups="" teams="12" type="HARD"/>
            <CA1 max="1" min="0" mode="A" penalty="1" slotGroups="" slots="0;2" teamGroups="" teams="12" type="HARD"/>
            <CA1 max="1" min="0" mode="A" penalty="1" slotGroups="" slots="18;24;11;16" teamGroups="" teams="4" type="HARD"/>
            <CA1 max="1" min="0" mode="A" penalty="1" slotGroups="" slots="12;9;30" teamGroups="" teams="5" type="HARD"/>
            <CA1 max="0" min="0" mode="A" penalty="1" slotGroups="" slots="26" teamGroups="" teams="3" type="HARD"/>
            <CA1 max="1" min="0" mode="A" penalty="1" slotGroups="" slots="7;6;1;4" teamGroups="" teams="9" type="HARD"/>
            <CA1 max="0" min="0" mode="H" penalty="1" slotGroups="" slots="3" teamGroups="" teams="1" type="HARD"/>
            <CA1 max="0" min="0" mode="H" penalty="1" slotGroups="" slots="8" teamGroups="" teams="15" type="HARD"/>
            <CA1 max="0" min="0" mode="A" penalty="1" slotGroups="" slots="14" teamGroups="" teams="3" type="HARD"/>
            <CA1 max="1" min="0" mode="H" penalty="1" slotGroups="" slots="11;1;16" teamGroups="" teams="13" type="HARD"/>
            <CA1 max="2" min="0" mode="A" penalty="1" slotGroups="" slots="22;25;31;28" teamGroups="" teams="3" type="HARD"/>
            <CA1 max="0" min="0" mode="H" penalty="1" slotGroups="" slots="1" teamGroups="" teams="10" type="HARD"/>
            <CA2 max="0" min="0" mode1="H" mode2="GLOBAL" penalty="1" slotGroups="" slots="25" teamGroups1="" teamGroups2="" teams1="5" teams2="11" type="HARD"/>
            <CA2 max="0" min="0" mode1="A" mode2="GLOBAL" penalty="1" slotGroups="" slots="21" teamGroups1="" teamGroups2="" teams1="5" teams2="17" type="HARD"/>
            <CA2 max="2" min="0" mode1="HA" mode2="GLOBAL" penalty="1" slotGroups="" slots="18;5;22;26;1;27" teamGroups1="" teamGroups2="" teams1="0" teams2="9;8;2;13;16;14" type="HARD"/>
            <CA2 max="0" min="0" mode1="H" mode2="GLOBAL" penalty="1" slotGroups="" slots="23" teamGroups1="" teamGroups2="" teams1="4" teams2="10" type="HARD"/>
            <CA2 max="0" min="0" mode1="H" mode2="GLOBAL" penalty="1" slotGroups="" slots="12" teamGroups1="" teamGroups2="" teams1="7" teams2="16" type="HARD"/>
            <CA2 max="0" min="0" mode1="H" mode2="GLOBAL" penalty="1" slotGroups="" slots="18" teamGroups1="" teamGroups2="" teams1="6" teams2="8" type="HARD"/>
            <CA2 max="3" min="0" mode1="HA" mode2="GLOBAL" penalty="1" slotGroups="" slots="9;20;3;22;28;16" teamGroups1="" teamGroups2="" teams1="17" teams2="8;12;5;4;11;3" type="HARD"/>
            <CA2 max="0" min="0" mode1="A" mode2="GLOBAL" penalty="1" slotGroups="" slots="17" teamGroups1="" teamGroups2="" teams1="10" teams2="17" type="HARD"/>
            <CA2 max="0" min="0" mode1="H" mode2="GLOBAL" penalty="1" slotGroups="" slots="19" teamGroups1="" teamGroups2="" teams1="14" teams2="4" type="HARD"/>
            <CA2 max="0" min="0" mode1="H" mode2="GLOBAL" penalty="1" slotGroups="" slots="27" teamGroups1="" teamGroups2="" teams1="6" teams2="10" type="HARD"/>
            <CA2 max="0" min="0" mode1="H" mode2="GLOBAL" penalty="1" slotGroups="" slots="14" teamGroups1="" teamGroups2="" teams1="9" teams2="2" type="HARD"/>
            <CA2 max="2" min="0" mode1="HA" mode2="GLOBAL" penalty="1" slotGroups="" slots="20;3;32;25;27;4" teamGroups1="" teamGroups2="" teams1="0" teams2="8;12;4;16;11;7" type="HARD"/>
            <CA2 max="1" min="0" mode1="HA" mode2="GLOBAL" penalty="1" slotGroups="" slots="19;17;2;10" teamGroups1="" teamGroups2="" teams1="15" teams2="12;13;5;11" type="HARD"/>
            <CA2 max="3" min="0" mode1="HA" mode2="GLOBAL" penalty="1" slotGroups="" slots="18;24;29;22;25;11" teamGroups1="" teamGroups2="" teams1="13" teams2="6;0;15;4;7;14" type="HARD"/>
            <CA2 max="0" min="0" mode1="A" mode2="GLOBAL" penalty="1" slotGroups="" slots="15" teamGroups1="" teamGroups2="" teams1="14" teams2="11" type="HARD"/>
            <CA2 max="0" min="0" mode1="A" mode2="GLOBAL" penalty="1" slotGroups="" slots="1" teamGroups1="" teamGroups2="" teams1="6" teams2="7" type="HARD"/>
            <CA2 max="1" min="0" mode1="HA" mode2="GLOBAL" penalty="1" slotGroups="" slots="19;24;29;6;25" teamGroups1="" teamGroups2="" teams1="0" teams2="8;6;13;15;4" type="HARD"/>
            <CA2 max="0" min="0" mode1="H" mode2="GLOBAL" penalty="1" slotGroups="" slots="10" teamGroups1="" teamGroups2="" teams1="15" teams2="0" type="HARD"/>
            <CA2 max="2" min="0" mode1="HA" mode2="GLOBAL" penalty="1" slotGroups="" slots="12;0;20;14;22;27" teamGroups1="" teamGroups2="" teams1="10" teams2="8;17;12;5;16;7" type="HARD"/>
            <CA2 max="0" min="0" mode1="H" mode2="GLOBAL" penalty="1" slotGroups="" slots="16" teamGroups1="" teamGroups2="" teams1="6" teams2="15" type="HARD"/>
            <CA2 max="1" min="0" mode1="HA" mode2="GLOBAL" penalty="5" slotGroups="" slots="20;23;32;13;11;31;4" teamGroups1="" teamGroups2="" teams1="13" teams2="9;17;1;2;6;0;14" type="SOFT"/>
            <CA2 max="1" min="0" mode1="HA" mode2="GLOBAL" penalty="5" slotGroups="" slots="9;0;14;23;27;15" teamGroups1="" teamGroups2="" teams1="16" teams2="9;17;6;10;0;12" type="SOFT"/>
            <CA2 max="2" min="0" mode1="HA" mode2="GLOBAL" penalty="5" slotGroups="" slots="0;5;31;28;27;15;4;10" teamGroups1="" teamGroups2="" teams1="6" teams2="9;1;10;0;12;13;15;11" type="SOFT"/>
            <CA2 max="2" min="0" mode1="HA" mode2="GLOBAL" penalty="5" slotGroups="" slots="20;29;23;25;2;1;27;4" teamGroups1="" teamGroups2="" teams1="0" teams2="10;12;13;4;11;7;14;3" type="SOFT"/>
            <CA2 max="2" min="0" mode1="H" mode2="GLOBAL" penalty="5" slotGroups="" slots="18;17;3;25;30;27;15" teamGroups1="" teamGroups2="" teams1="16" teams2="9;8;17;12;15;11;7" type="SOFT"/>
            <CA2 max="1" min="0" mode1="HA" mode2="GLOBAL" penalty="5" slotGroups="" slots="3;14;29;25;1;28;27" teamGroups1="" teamGroups2="" teams1="6" teams2="8;1;10;12;5;11;7" type="SOFT"/>
            <CA2 max="2" min="0" mode1="H" mode2="GLOBAL" penalty="5" slotGroups="" slots="12;19;18;33;23;11;28" teamGroups1="" teamGroups2="" teams1="5" teams2="8;1;2;6;10;12;16" type="SOFT"/>
            <CA2 max="2" min="0" mode1="H" mode2="GLOBAL" penalty="5" slotGroups="" slots="19;14;6;32;2;16;15" teamGroups1="" teamGroups2="" teams1="13" teams2="9;17;1;6;5;4;11" type="SOFT"/>
            <CA2 max="2" min="0" mode1="A" mode2="GLOBAL" penalty="5" slotGroups="" slots="5;7;8;26;2;16;15" teamGroups1="" teamGroups2="" teams1="9" teams2="17;1;0;16;11;7;3" type="SOFT"/>
            <CA2 max="2" min="0" mode1="H" mode2="GLOBAL" penalty="5" slotGroups="" slots="5;3;22;33;8;15" teamGroups1="" teamGroups2="" teams1="15" teams2="8;1;6;0;13;11" type="SOFT"/>
            <CA2 max="2" min="0" mode1="A" mode2="GLOBAL" penalty="5" slotGroups="" slots="9;7;23;11;31;2;28" teamGroups1="" teamGroups2="" teams1="5" teams2="9;8;6;10;0;4;3" type="SOFT"/>
            <CA2 max="3" min="0" mode1="H" mode2="GLOBAL" penalty="5" slotGroups="" slots="9;7;29;23;32;25;11;31" teamGroups1="" teamGroups2="" teams1="7" teams2="8;17;6;10;0;13;15;16" type="SOFT"/>
            <CA2 max="2" min="0" mode1="H" mode2="GLOBAL" penalty="5" slotGroups="" slots="3;29;22;32;8;31;10" teamGroups1="" teamGroups2="" teams1="7" teams2="8;2;6;13;5;4;14" type="SOFT"/>
            <CA2 max="3" min="0" mode1="H" mode2="GLOBAL" penalty="5" slotGroups="" slots="5;20;3;14;23;25;8;16" teamGroups1="" teamGroups2="" teams1="0" teams2="9;17;6;13;4;16;7;3" type="SOFT"/>
            <CA2 max="2" min="0" mode1="A" mode2="GLOBAL" penalty="5" slotGroups="" slots="6;23;25;31;2;16" teamGroups1="" teamGroups2="" teams1="9" teams2="8;17;1;4;16;14" type="SOFT"/>
            <CA2 max="2" min="0" mode1="A" mode2="GLOBAL" penalty="5" slotGroups="" slots="5;7;17;6;23;1;15" teamGroups1="" teamGroups2="" teams1="7" teams2="9;8;0;12;16;14;3" type="SOFT"/>
            <CA2 max="1" min="0" mode1="HA" mode2="GLOBAL" penalty="5" slotGroups="" slots="12;18;24;22;23;26;27" teamGroups1="" teamGroups2="" teams1="14" teams2="9;17;2;0;15;16;3" type="SOFT"/>
            <CA2 max="2" min="0" mode1="H" mode2="GLOBAL" penalty="5" slotGroups="" slots="9;19;3;29;16;27;4" teamGroups1="" teamGroups2="" teams1="2" teams2="17;1;6;4;11;7;14" type="SOFT"/>
            <CA2 max="3" min="0" mode1="H" mode2="GLOBAL" penalty="5" slotGroups="" slots="19;0;33;23;11;2;28;27" teamGroups1="" teamGroups2="" teams1="1" teams2="9;17;6;10;0;13;4;7" type="SOFT"/>
            <CA2 max="3" min="0" mode1="A" mode2="GLOBAL" penalty="5" slotGroups="" slots="19;0;5;3;25;8;1;15" teamGroups1="" teamGroups2="" teams1="14" teams2="9;8;1;10;4;16;7;3" type="SOFT"/>
            <CA2 max="2" min="0" mode1="A" mode2="GLOBAL" penalty="5" slotGroups="" slots="3;24;29;28;16;27" teamGroups1="" teamGroups2="" teams1="13" teams2="9;8;1;4;7;14" type="SOFT"/>
            <CA2 max="2" min="0" mode1="HA" mode2="GLOBAL" penalty="5" slotGroups="" slots="0;7;22;23;13;8;21;11" teamGroups1="" teamGroups2="" teams1="12" teams2="8;2;10;0;13;16;11;14" type="SOFT"/>
            <CA2 max="2" min="0" mode1="HA" mode2="GLOBAL" penalty="5" slotGroups="" slots="7;6;23;21;26;11;28;27" teamGroups1="" teamGroups2="" teams1="11" teams2="9;8;1;6;10;13;4;7" type="SOFT"/>
            <CA2 max="2" min="0" mode1="H" mode2="GLOBAL" penalty="5" slotGroups="" slots="18;33;25;31;2;15" teamGroups1="" teamGroups2="" teams1="12" teams2="0;13;4;16;11;14" type="SOFT"/>
            <CA2 max="3" min="0" mode1="A" mode2="GLOBAL" penalty="5" slotGroups="" slots="19;20;3;24;32;25;1;16" teamGroups1="" teamGroups2="" teams1="2" teams2="9;17;1;6;12;13;4;3" type="SOFT"/>
            <CA2 max="1" min="0" mode1="HA" mode2="GLOBAL" penalty="5" slotGroups="" slots="19;8;26;2;27;15;10" teamGroups1="" teamGroups2="" teams1="8" teams2="10;12;5;4;11;7;14" type="SOFT"/>
            <CA2 max="3" min="0" mode1="H" mode2="GLOBAL" penalty="5" slotGroups="" slots="9;19;3;22;11;2;16;27" teamGroups1="" teamGroups2="" teams1="14" teams2="17;1;2;12;13;15;4;7" type="SOFT"/>
            <CA2 max="1" min="0" mode1="HA" mode2="GLOBAL" penalty="5" slotGroups="" slots="3;24;33;23;13;28;4" teamGroups1="" teamGroups2="" teams1="15" teams2="8;1;6;10;0;11;14" type="SOFT"/>
            <CA2 max="1" min="0" mode1="HA" mode2="GLOBAL" penalty="5" slotGroups="" slots="12;18;14;33;13;1;27" teamGroups1="" teamGroups2="" teams1="1" teams2="9;8;10;12;13;15;4" type="SOFT"/>
            <CA2 max="2" min="0" mode1="H" mode2="GLOBAL" penalty="5" slotGroups="" slots="9;5;24;8;1;30;10" teamGroups1="" teamGroups2="" teams1="4" teams2="1;2;10;5;7;14;3" type="SOFT"/>
            <CA2 max="2" min="0" mode1="H" mode2="GLOBAL" penalty="5" slotGroups="" slots="18;3;13;26;31;1;10" teamGroups1="" teamGroups2="" teams1="9" teams2="8;17;1;0;13;15;11" type="SOFT"/>
            <CA2 max="1" min="0" mode1="HA" mode2="GLOBAL" penalty="5" slotGroups="" slots="17;24;14;33;8;15" teamGroups1="" teamGroups2="" teams1="16" teams2="8;1;10;12;15;3" type="SOFT"/>
            <CA2 max="3" min="0" mode1="H" mode2="GLOBAL" penalty="5" slotGroups="" slots="12;18;6;8;11;2;30;15" teamGroups1="" teamGroups2="" teams1="7" teams2="8;1;2;6;10;0;15;3" type="SOFT"/>
            <CA2 max="2" min="0" mode1="A" mode2="GLOBAL" penalty="5" slotGroups="" slots="0;18;20;3;14;13;15" teamGroups1="" teamGroups2="" teams1="8" teams2="6;12;4;16;11;7;14" type="SOFT"/>
            <CA2 max="2" min="0" mode1="H" mode2="GLOBAL" penalty="5" slotGroups="" slots="17;32;8;31;28;30" teamGroups1="" teamGroups2="" teams1="0" teams2="17;2;12;11;14;3" type="SOFT"/>
            <CA2 max="2" min="0" mode1="A" mode2="GLOBAL" penalty="5" slotGroups="" slots="19;7;3;29;31;1" teamGroups1="" teamGroups2="" teams1="9" teams2="1;2;6;0;12;15" type="SOFT"/>
            <CA2 max="3" min="0" mode1="A" mode2="GLOBAL" penalty="5" slotGroups="" slots="9;18;5;20;13;1;15;4" teamGroups1="" teamGroups2="" teams1="0" teams2="8;2;6;12;5;4;16;3" type="SOFT"/>
            <CA2 max="1" min="0" mode1="HA" mode2="GLOBAL" penalty="5" slotGroups="" slots="12;7;6;2;1;30" teamGroups1="" teamGroups2="" teams1="9" teams2="1;2;6;16;11;7" type="SOFT"/>
            <CA2 max="1" min="0" mode1="HA" mode2="GLOBAL" penalty="5" slotGroups="" slots="20;29;6;33;13;2;4" teamGroups1="" teamGroups2="" teams1="3" teams2="1;2;6;0;13;16;7" type="SOFT"/>
            <CA2 max="2" min="0" mode1="A" mode2="GLOBAL" penalty="5" slotGroups="" slots="19;0;29;26;27;10" teamGroups1="" teamGroups2="" teams1="2" teams2="9;17;12;4;7;3" type="SOFT"/>
            <CA2 max="2" min="0" mode1="H" mode2="GLOBAL" penalty="5" slotGroups="" slots="17;24;25;11;30;16" teamGroups1="" teamGroups2="" teams1="2" teams2="6;13;15;4;7;3" type="SOFT"/>
            <CA2 max="2" min="0" mode1="HA" mode2="GLOBAL" penalty="5" slotGroups="" slots="12;19;24;29;23;8;2;30" teamGroups1="" teamGroups2="" teams1="15" teams2="9;17;1;13;5;4;7;3" type="SOFT"/>
            <CA2 max="2" min="0" mode1="HA" mode2="GLOBAL" penalty="5" slotGroups="" slots="19;20;6;33;23;2;30;27" teamGroups1="" teamGroups2="" teams1="15" teams2="8;2;6;12;16;7;14;3" type="SOFT"/>
            <CA2 max="2" min="0" mode1="H" mode2="GLOBAL" penalty="5" slotGroups="" slots="19;18;20;7;3;24;25" teamGroups1="" teamGroups2="" teams1="15" teams2="1;2;10;13;7;14;3" type="SOFT"/>
            <CA2 max="2" min="0" mode1="HA" mode2="GLOBAL" penalty="5" slotGroups="" slots="9;19;20;24;29;6;22;1" teamGroups1="" teamGroups2="" teams1="4" teams2="8;6;12;13;5;15;11;3" type="SOFT"/>
            <CA2 max="3" min="0" mode1="H" mode2="GLOBAL" penalty="5" slotGroups="" slots="19;7;24;33;23;13;31;15" teamGroups1="" teamGroups2="" teams1="2" teams2="8;17;6;5;4;16;11;7" type="SOFT"/>
            <CA2 max="2" min="0" mode1="H" mode2="GLOBAL" penalty="5" slotGroups="" slots="14;33;8;21;1;28;30" teamGroups1="" teamGroups2="" teams1="13" teams2="2;10;0;5;15;4;14" type="SOFT"/>
            <CA2 max="3" min="0" mode1="A" mode2="GLOBAL" penalty="5" slotGroups="" slots="9;0;20;7;24;22;30;4" teamGroups1="" teamGroups2="" teams1="9" teams2="0;12;13;5;4;11;14;3" type="SOFT"/>
            <CA2 max="1" min="0" mode1="HA" mode2="GLOBAL" penalty="5" slotGroups="" slots="29;13;31;28;27;15;4" teamGroups1="" teamGroups2="" teams1="3" teams2="6;10;0;5;15;4;14" type="SOFT"/>
            <CA2 max="2" min="0" mode1="H" mode2="GLOBAL" penalty="5" slotGroups="" slots="12;20;6;31;1;30" teamGroups1="" teamGroups2="" teams1="8" teams2="2;10;0;12;4;3" type="SOFT"/>
            <CA2 max="1" min="0" mode1="HA" mode2="GLOBAL" penalty="5" slotGroups="" slots="9;0;29;32;26;30;16" teamGroups1="" teamGroups2="" teams1="11" teams2="8;6;10;5;15;4;16" type="SOFT"/>
            <CA2 max="2" min="0" mode1="H" mode2="GLOBAL" penalty="5" slotGroups="" slots="9;19;0;17;23;32;8" teamGroups1="" teamGroups2="" teams1="17" teams2="8;1;2;6;13;5;4" type="SOFT"/>
            <CA2 max="2" min="0" mode1="H" mode2="GLOBAL" penalty="5" slotGroups="" slots="5;24;22;13;21;15;10" teamGroups1="" teamGroups2="" teams1="6" teams2="8;10;12;13;5;16;14" type="SOFT"/>
            <CA2 max="1" min="0" mode1="HA" mode2="GLOBAL" penalty="5" slotGroups="" slots="0;7;23;8;26;10" teamGroups1="" teamGroups2="" teams1="15" teams2="9;1;2;10;7;14" type="SOFT"/>
            <CA2 max="2" min="0" mode1="H" mode2="GLOBAL" penalty="5" slotGroups="" slots="18;33;26;11;30;27;15" teamGroups1="" teamGroups2="" teams1="9" teams2="8;1;6;12;5;16;7" type="SOFT"/>
            <CA2 max="2" min="0" mode1="A" mode2="GLOBAL" penalty="5" slotGroups="" slots="20;23;13;26;1;4" teamGroups1="" teamGroups2="" teams1="4" teams2="17;6;0;13;16;14" type="SOFT"/>
            <CA2 max="1" min="0" mode1="HA" mode2="GLOBAL" penalty="5" slotGroups="" slots="7;11;31;2;30;15" teamGroups1="" teamGroups2="" teams1="5" teams2="9;17;1;2;13;16" type="SOFT"/>
            <CA2 max="1" min="0" mode1="HA" mode2="GLOBAL" penalty="5" slotGroups="" slots="9;20;17;14;8;21;28" teamGroups1="" teamGroups2="" teams1="11" teams2="2;6;10;12;16;7;3" type="SOFT"/>
            <CA2 max="2" min="0" mode1="H" mode2="GLOBAL" penalty="5" slotGroups="" slots="5;20;24;29;32;11;16" teamGroups1="" teamGroups2="" teams1="17" teams2="8;1;2;0;4;16;14" type="SOFT"/>
            <CA2 max="3" min="0" mode1="A" mode2="GLOBAL" penalty="5" slotGroups="" slots="9;0;20;22;13;2;30;4" teamGroups1="" teamGroups2="" teams1="17" teams2="9;1;6;10;12;4;11;14" type="SOFT"/>
            <CA2 max="2" min="0" mode1="H" mode2="GLOBAL" penalty="5" slotGroups="" slots="12;14;23;13;11;2;10" teamGroups1="" teamGroups2="" teams1="10" teams2="2;13;5;4;16;11;14" type="SOFT"/>
            <CA2 max="1" min="0" mode1="HA" mode2="GLOBAL" penalty="5" slotGroups="" slots="12;19;14;21;30;27;15" teamGroups1="" teamGroups2="" teams1="15" teams2="17;10;0;13;4;16;11" type="SOFT"/>
            <CA2 max="3" min="0" mode1="A" mode2="GLOBAL" penalty="5" slotGroups="" slots="0;13;8;11;2;1;15;4" teamGroups1="" teamGroups2="" teams1="5" teams2="9;8;17;10;15;16;11;7" type="SOFT"/>
            <CA2 max="3" min="0" mode1="A" mode2="GLOBAL" penalty="5" slotGroups="" slots="0;18;3;25;21;1;28;30" teamGroups1="" teamGroups2="" teams1="2" teams2="8;1;10;12;4;16;11;14" type="SOFT"/>
            <CA2 max="1" min="0" mode1="HA" mode2="GLOBAL" penalty="5" slotGroups="" slots="12;9;5;20;33;21" teamGroups1="" teamGroups2="" teams1="10" teams2="17;6;4;11;7;3" type="SOFT"/>
            <CA2 max="2" min="0" mode1="H" mode2="GLOBAL" penalty="5" slotGroups="" slots="9;3;22;26;1;28;4" teamGroups1="" teamGroups2="" teams1="3" teams2="9;17;1;2;5;16;11" type="SOFT"/>
            <CA2 max="1" min="0" mode1="HA" mode2="GLOBAL" penalty="5" slotGroups="" slots="0;5;7;32;16;15;10" teamGroups1="" teamGroups2="" teams1="0" teams2="13;5;15;16;11;7;3" type="SOFT"/>
            <CA2 max="2" min="0" mode1="HA" mode2="GLOBAL" penalty="5" slotGroups="" slots="18;3;14;33;23;32;2;16" teamGroups1="" teamGroups2="" teams1="9" teams2="2;6;10;0;13;4;11;7" type="SOFT"/>
            <CA2 max="3" min="0" mode1="H" mode2="GLOBAL" penalty="5" slotGroups="" slots="5;7;3;33;32;21;28;4" teamGroups1="" teamGroups2="" teams1="17" teams2="9;1;6;0;13;5;16;7" type="SOFT"/>
            <CA2 max="2" min="0" mode1="HA" mode2="GLOBAL" penalty="5" slotGroups="" slots="5;17;24;29;22;33;11;10" teamGroups1="" teamGroups2="" teams1="1" teams2="9;8;0;5;16;11;7;3" type="SOFT"/>
            <CA2 max="3" min="0" mode1="A" mode2="GLOBAL" penalty="5" slotGroups="" slots="7;3;24;14;22;25;27;10" teamGroups1="" teamGroups2="" teams1="16" teams2="17;2;6;10;5;4;11;7" type="SOFT"/>
            <CA2 max="2" min="0" mode1="HA" mode2="GLOBAL" penalty="5" slotGroups="" slots="20;3;29;33;23;26;1;30" teamGroups1="" teamGroups2="" teams1="2" teams2="17;1;6;10;0;13;16;14" type="SOFT"/>
            <CA2 max="2" min="0" mode1="A" mode2="GLOBAL" penalty="5" slotGroups="" slots="5;20;17;29;32;8" teamGroups1="" teamGroups2="" teams1="6" teams2="2;12;4;11;7;3" type="SOFT"/>
            <CA2 max="2" min="0" mode1="A" mode2="GLOBAL" penalty="5" slotGroups="" slots="19;20;3;24;29;21;28" teamGroups1="" teamGroups2="" teams1="2" teams2="9;8;17;13;5;7;3" type="SOFT"/>
            <CA2 max="2" min="0" mode1="H" mode2="GLOBAL" penalty="5" slotGroups="" slots="5;24;29;26;31;2;30" teamGroups1="" teamGroups2="" teams1="1" teams2="17;2;6;12;16;14;3" type="SOFT"/>
            <CA2 max="3" min="0" mode1="H" mode2="GLOBAL" penalty="5" slotGroups="" slots="18;3;24;14;25;21;27;4" teamGroups1="" teamGroups2="" teams1="10" teams2="9;8;2;6;13;15;14;3" type="SOFT"/>
            <CA2 max="2" min="0" mode1="HA" mode2="GLOBAL" penalty="5" slotGroups="" slots="12;17;3;29;6;25;31;28" teamGroups1="" teamGroups2="" teams1="7" teams2="9;8;17;2;4;16;11;14" type="SOFT"/>
            <CA2 max="2" min="0" mode1="H" mode2="GLOBAL" penalty="5" slotGroups="" slots="9;19;7;3;14;26;30" teamGroups1="" teamGroups2="" teams1="13" teams2="9;1;2;6;12;16;7" type="SOFT"/>
            <CA2 max="3" min="0" mode1="A" mode2="GLOBAL" penalty="5" slotGroups="" slots="9;20;7;14;32;13;28;30" teamGroups1="" teamGroups2="" teams1="17" teams2="9;1;12;13;5;15;4;3" type="SOFT"/>
            <CA2 max="3" min="0" mode1="H" mode2="GLOBAL" penalty="5" slotGroups="" slots="9;19;0;17;29;25;21;1" teamGroups1="" teamGroups2="" teams1="15" teams2="1;2;6;12;13;4;7;3" type="SOFT"/>
            <CA2 max="2" min="0" mode1="A" mode2="GLOBAL" penalty="5" slotGroups="" slots="19;5;32;21;27;15;10" teamGroups1="" teamGroups2="" teams1="7" teams2="2;12;5;4;16;11;3" type="SOFT"/>
            <CA2 max="1" min="0" mode1="HA" mode2="GLOBAL" penalty="5" slotGroups="" slots="17;3;14;13;8;11;31" teamGroups1="" teamGroups2="" teams1="2" teams2="17;5;15;16;11;14;3" type="SOFT"/>
            <CA2 max="2" min="0" mode1="A" mode2="GLOBAL" penalty="5" slotGroups="" slots="9;18;5;22;23;8;21" teamGroups1="" teamGroups2="" teams1="6" teams2="17;1;2;0;12;13;3" type="SOFT"/>
            <CA2 max="1" min="0" mode1="HA" mode2="GLOBAL" penalty="5" slotGroups="" slots="9;14;29;33;31;2;28" teamGroups1="" teamGroups2="" teams1="2" teams2="8;17;10;12;5;15;7" type="SOFT"/>
            <CA2 max="3" min="0" mode1="A" mode2="GLOBAL" penalty="5" slotGroups="" slots="18;20;14;29;22;1;27;15" teamGroups1="" teamGroups2="" teams1="6" teams2="17;10;5;15;4;11;14;3" type="SOFT"/>
            <CA2 max="2" min="0" mode1="H" mode2="GLOBAL" penalty="5" slotGroups="" slots="17;14;32;2;28;30;27" teamGroups1="" teamGroups2="" teams1="17" teams2="8;2;10;0;15;7;14" type="SOFT"/>
            <CA2 max="2" min="0" mode1="H" mode2="GLOBAL" penalty="5" slotGroups="" slots="12;9;29;22;30;15" teamGroups1="" teamGroups2="" teams1="1" teams2="8;2;6;5;7;3" type="SOFT"/>
            <CA2 max="2" min="0" mode1="H" mode2="GLOBAL" penalty="5" slotGroups="" slots="9;0;7;22;33;23;31" teamGroups1="" teamGroups2="" teams1="15" teams2="1;2;6;12;4;16;14" type="SOFT"/>
            <CA2 max="3" min="0" mode1="H" mode2="GLOBAL" penalty="5" slotGroups="" slots="0;18;20;3;25;8;30;10" teamGroups1="" teamGroups2="" teams1="2" teams2="17;1;0;12;13;7;14;3" type="SOFT"/>
            <CA2 max="3" min="0" mode1="H" mode2="GLOBAL" penalty="5" slotGroups="" slots="12;20;7;29;22;11;31;4" teamGroups1="" teamGroups2="" teams1="2" teams2="9;8;17;1;6;13;11;3" type="SOFT"/>
            <CA2 max="2" min="0" mode1="A" mode2="GLOBAL" penalty="5" slotGroups="" slots="19;32;25;21;31;1;27" teamGroups1="" teamGroups2="" teams1="11" teams2="9;2;0;12;5;14;3" type="SOFT"/>
            <CA2 max="3" min="0" mode1="A" mode2="GLOBAL" penalty="5" slotGroups="" slots="12;0;5;20;7;11;2;15" teamGroups1="" teamGroups2="" teams1="15" teams2="2;6;10;12;13;11;7;3" type="SOFT"/>
            <CA2 max="2" min="0" mode1="HA" mode2="GLOBAL" penalty="5" slotGroups="" slots="7;3;24;33;32;2;28;15" teamGroups1="" teamGroups2="" teams1="15" teams2="9;8;2;6;12;13;5;3" type="SOFT"/>
            <CA2 max="2" min="0" mode1="A" mode2="GLOBAL" penalty="5" slotGroups="" slots="24;29;13;26;11;28" teamGroups1="" teamGroups2="" teams1="0" teams2="17;2;15;7;14;3" type="SOFT"/>
            <CA2 max="2" min="0" mode1="HA" mode2="GLOBAL" penalty="5" slotGroups="" slots="19;5;14;29;22;11;2;15" teamGroups1="" teamGroups2="" teams1="5" teams2="8;1;10;0;12;13;15;11" type="SOFT"/>
            <CA2 max="1" min="0" mode1="HA" mode2="GLOBAL" penalty="5" slotGroups="" slots="12;3;22;30;16;15" teamGroups1="" teamGroups2="" teams1="8" teams2="9;1;10;13;5;4" type="SOFT"/>
            <CA2 max="2" min="0" mode1="H" mode2="GLOBAL" penalty="5" slotGroups="" slots="5;20;3;14;22;11;28" teamGroups1="" teamGroups2="" teams1="12" teams2="8;17;1;10;13;5;4" type="SOFT"/>
            <CA2 max="1" min="0" mode1="HA" mode2="GLOBAL" penalty="5" slotGroups="" slots="20;6;21;30;15;10" teamGroups1="" teamGroups2="" teams1="13" teams2="9;2;12;4;7;3" type="SOFT"/>
            <CA2 max="1" min="0" mode1="HA" mode2="GLOBAL" penalty="5" slotGroups="" slots="20;6;23;21;30;4;10" teamGroups1="" teamGroups2="" teams1="2" teams2="9;1;10;0;12;13;16" type="SOFT"/>
            <CA2 max="2" min="0" mode1="A" mode2="GLOBAL" penalty="5" slotGroups="" slots="12;0;5;22;25;31" teamGroups1="" teamGroups2="" teams1="16" teams2="17;6;12;11;7;14" type="SOFT"/>
            <CA2 max="3" min="0" mode1="A" mode2="GLOBAL" penalty="5" slotGroups="" slots="9;0;20;29;22;21;26;10" teamGroups1="" teamGroups2="" teams1="2" teams2="9;17;6;4;16;11;14;3" type="SOFT"/>
            <CA2 max="3" min="0" mode1="A" mode2="GLOBAL" penalty="5" slotGroups="" slots="19;0;29;6;33;28;16;15" teamGroups1="" teamGroups2="" teams1="2" teams2="9;17;1;13;5;15;4;7" type="SOFT"/>
            <CA2 max="2" min="0" mode1="H" mode2="GLOBAL" penalty="5" slotGroups="" slots="12;20;32;26;28;4;10" teamGroups1="" teamGroups2="" teams1="2" teams2="17;6;10;0;5;11;3" type="SOFT"/>
            <CA2 max="3" min="0" mode1="H" mode2="GLOBAL" penalty="5" slotGroups="" slots="18;29;6;33;23;21;27;10" teamGroups1="" teamGroups2="" teams1="9" teams2="8;1;2;15;16;11;7;3" type="SOFT"/>
            <CA2 max="2" min="0" mode1="HA" mode2="GLOBAL" penalty="5" slotGroups="" slots="5;17;22;21;11;30;16;4" teamGroups1="" teamGroups2="" teams1="17" teams2="10;0;13;5;15;7;14;3" type="SOFT"/>
            <CA2 max="1" min="0" mode1="HA" mode2="GLOBAL" penalty="5" slotGroups="" slots="12;29;6;13;21;11;30" teamGroups1="" teamGroups2="" teams1="7" teams2="17;10;12;13;4;14;3" type="SOFT"/>
            <CA2 max="2" min="0" mode1="A" mode2="GLOBAL" penalty="5" slotGroups="" slots="0;3;8;2;1;30" teamGroups1="" teamGroups2="" teams1="6" teams2="1;12;13;15;4;14" type="SOFT"/>
            <CA2 max="2" min="0" mode1="H" mode2="GLOBAL" penalty="5" slotGroups="" slots="9;19;20;7;14;11" teamGroups1="" teamGroups2="" teams1="13" teams2="8;12;5;16;11;3" type="SOFT"/>
            <CA2 max="2" min="0" mode1="A" mode2="GLOBAL" penalty="5" slotGroups="" slots="0;6;23;11;31;2" teamGroups1="" teamGroups2="" teams1="4" teams2="2;10;0;13;15;14" type="SOFT"/>
            <CA2 max="2" min="0" mode1="H" mode2="GLOBAL" penalty="5" slotGroups="" slots="18;29;6;23;28;15" teamGroups1="" teamGroups2="" teams1="9" teams2="8;1;2;0;12;16" type="SOFT"/>
            <CA2 max="3" min="0" mode1="A" mode2="GLOBAL" penalty="5" slotGroups="" slots="12;19;8;21;1;28;15;4" teamGroups1="" teamGroups2="" teams1="10" teams2="9;1;2;5;15;16;7;14" type="SOFT"/>
            <CA2 max="2" min="0" mode1="H" mode2="GLOBAL" penalty="5" slotGroups="" slots="0;18;3;29;22;11" teamGroups1="" teamGroups2="" teams1="1" teams2="9;2;0;5;16;7" type="SOFT"/>
            <CA2 max="2" min="0" mode1="HA" mode2="GLOBAL" penalty="5" slotGroups="" slots="18;7;14;6;21;16;4;10" teamGroups1="" teamGroups2="" teams1="4" teams2="9;8;17;0;5;16;14;3" type="SOFT"/>
            <CA2 max="2" min="0" mode1="H" mode2="GLOBAL" penalty="5" slotGroups="" slots="12;29;6;8;31;2" teamGroups1="" teamGroups2="" teams1="16" teams2="8;1;6;5;4;3" type="SOFT"/>
            <CA2 max="2" min="0" mode1="HA" mode2="GLOBAL" penalty="5" slotGroups="" slots="12;19;0;33;25;26;11;10" teamGroups1="" teamGroups2="" teams1="10" teams2="8;17;1;2;0;16;7;3" type="SOFT"/>
            <CA2 max="3" min="0" mode1="H" mode2="GLOBAL" penalty="5" slotGroups="" slots="18;20;6;22;8;26;2;4" teamGroups1="" teamGroups2="" teams1="16" teams2="17;1;6;0;5;15;4;11" type="SOFT"/>
            <CA2 max="1" min="0" mode1="HA" mode2="GLOBAL" penalty="5" slotGroups="" slots="9;5;24;23;21;2;16" teamGroups1="" teamGroups2="" teams1="12" teams2="10;5;15;4;16;14;3" type="SOFT"/>
            <CA2 max="2" min="0" mode1="A" mode2="GLOBAL" penalty="5" slotGroups="" slots="7;22;33;26;1;28;4" teamGroups1="" teamGroups2="" teams1="10" teams2="9;17;1;5;16;11;14" type="SOFT"/>
            <CA2 max="2" min="0" mode1="A" mode2="GLOBAL" penalty="5" slotGroups="" slots="9;0;17;31;2;16;27" teamGroups1="" teamGroups2="" teams1="17" teams2="9;6;10;13;15;16;14" type="SOFT"/>
            <CA2 max="1" min="0" mode1="HA" mode2="GLOBAL" penalty="5" slotGroups="" slots="7;23;32;28;30;15;4" teamGroups1="" teamGroups2="" teams1="0" teams2="17;1;2;10;12;16;11" type="SOFT"/>
            <CA2 max="2" min="0" mode1="HA" mode2="GLOBAL" penalty="5" slotGroups="" slots="0;5;17;6;33;23;21;31" teamGroups1="" teamGroups2="" teams1="16" teams2="9;1;2;10;12;5;11;14" type="SOFT"/>
            <CA2 max="1" min="0" mode1="HA" mode2="GLOBAL" penalty="5" slotGroups="" slots="12;19;14;32;26;27" teamGroups1="" teamGroups2="" teams1="6" teams2="9;2;10;12;13;4" type="SOFT"/>
            <CA2 max="2" min="0" mode1="H" mode2="GLOBAL" penalty="5" slotGroups="" slots="33;31;2;28;27;15" teamGroups1="" teamGroups2="" teams1="2" teams2="17;10;13;5;16;11" type="SOFT"/>
            <CA2 max="2" min="0" mode1="H" mode2="GLOBAL" penalty="5" slotGroups="" slots="9;18;6;13;31;28" teamGroups1="" teamGroups2="" teams1="16" teams2="9;17;1;12;4;3" type="SOFT"/>
            <CA2 max="2" min="0" mode1="A" mode2="GLOBAL" penalty="5" slotGroups="" slots="5;17;21;2;16;15;10" teamGroups1="" teamGroups2="" teams1="2" teams2="9;17;1;0;4;16;14" type="SOFT"/>
            <CA2 max="2" min="0" mode1="A" mode2="GLOBAL" penalty="5" slotGroups="" slots="5;11;1;28;30;27;15" teamGroups1="" teamGroups2="" teams1="12" teams2="9;8;10;0;13;5;11" type="SOFT"/>
            <CA2 max="1" min="0" mode1="HA" mode2="GLOBAL" penalty="5" slotGroups="" slots="12;0;22;23;31;15" teamGroups1="" teamGroups2="" teams1="9" teams2="8;1;6;12;15;7" type="SOFT"/>
            <CA2 max="2" min="0" mode1="A" mode2="GLOBAL" penalty="5" slotGroups="" slots="0;3;14;33;8;16;27" teamGroups1="" teamGroups2="" teams1="16" teams2="9;8;1;2;13;15;3" type="SOFT"/>
            <CA2 max="1" min="0" mode1="HA" mode2="GLOBAL" penalty="5" slotGroups="" slots="17;32;13;8;31;10" teamGroups1="" teamGroups2="" teams1="0" teams2="10;12;4;7;14;3" type="SOFT"/>
            <CA2 max="2" min="0" mode1="HA" mode2="GLOBAL" penalty="5" slotGroups="" slots="12;0;20;6;32;28;30;10" teamGroups1="" teamGroups2="" teams1="16" teams2="9;2;6;12;15;4;7;14" type="SOFT"/>
            <CA2 max="2" min="0" mode1="A" mode2="GLOBAL" penalty="5" slotGroups="" slots="17;22;26;31;28;30;10" teamGroups1="" teamGroups2="" teams1="0" teams2="9;10;12;15;11;14;3" type="SOFT"/>
            <CA2 max="1" min="0" mode1="HA" mode2="GLOBAL" penalty="5" slotGroups="" slots="20;7;17;22;32;8;11" teamGroups1="" teamGroups2="" teams1="11" teams2="0;12;13;5;4;16;14" type="SOFT"/>
            <CA2 max="2" min="0" mode1="A" mode2="GLOBAL" penalty="5" slotGroups="" slots="5;7;8;1;27;15" teamGroups1="" teamGroups2="" teams1="4" teams2="9;5;11;7;14;3" type="SOFT"/>
            <CA2 max="3" min="0" mode1="A" mode2="GLOBAL" penalty="5" slotGroups="" slots="24;23;8;11;28;30;27;10" teamGroups1="" teamGroups2="" teams1="0" teams2="8;1;6;10;16;7;14;3" type="SOFT"/>
            <CA2 max="2" min="0" mode1="H" mode2="GLOBAL" penalty="5" slotGroups="" slots="0;5;3;33;23;25;30" teamGroups1="" teamGroups2="" teams1="8" teams2="9;17;13;5;15;4;11" type="SOFT"/>
            <CA2 max="2" min="0" mode1="H" mode2="GLOBAL" penalty="5" slotGroups="" slots="19;14;29;6;23;28;15" teamGroups1="" teamGroups2="" teams1="11" teams2="17;1;6;0;5;14;3" type="SOFT"/>
            <CA2 max="1" min="0" mode1="HA" mode2="GLOBAL" penalty="5" slotGroups="" slots="12;18;20;7;6;23;28" teamGroups1="" teamGroups2="" teams1="9" teams2="17;6;12;5;16;14;3" type="SOFT"/>
            <CA2 max="3" min="0" mode1="H" mode2="GLOBAL" penalty="5" slotGroups="" slots="0;5;20;3;29;22;1;16" teamGroups1="" teamGroups2="" teams1="3" teams2="9;8;10;12;13;5;4;14" type="SOFT"/>
            <CA2 max="3" min="0" mode1="A" mode2="GLOBAL" penalty="5" slotGroups="" slots="9;5;14;33;25;11;31;1" teamGroups1="" teamGroups2="" teams1="9" teams2="17;1;2;13;4;16;14;3" type="SOFT"/>
            <CA2 max="2" min="0" mode1="HA" mode2="GLOBAL" penalty="5" slotGroups="" slots="12;5;24;11;2;28;27;10" teamGroups1="" teamGroups2="" teams1="2" teams2="17;10;0;15;4;16;14;3" type="SOFT"/>
            <CA2 max="1" min="0" mode1="HA" mode2="GLOBAL" penalty="5" slotGroups="" slots="9;18;7;25;21;4" teamGroups1="" teamGroups2="" teams1="16" teams2="9;8;6;0;15;11" type="SOFT"/>
            <CA2 max="2" min="0" mode1="H" mode2="GLOBAL" penalty="5" slotGroups="" slots="7;17;22;13;31;10" teamGroups1="" teamGroups2="" teams1="3" teams2="17;13;15;4;16;7" type="SOFT"/>
            <CA2 max="2" min="0" mode1="A" mode2="GLOBAL" penalty="5" slotGroups="" slots="0;29;26;31;28;4" teamGroups1="" teamGroups2="" teams1="2" teams2="9;17;12;13;16;3" type="SOFT"/>
            <CA2 max="2" min="0" mode1="A" mode2="GLOBAL" penalty="5" slotGroups="" slots="12;9;14;22;26;16;27" teamGroups1="" teamGroups2="" teams1="9" teams2="17;6;10;12;16;14;3" type="SOFT"/>
            <CA2 max="3" min="0" mode1="H" mode2="GLOBAL" penalty="5" slotGroups="" slots="18;7;3;14;22;32;1;30" teamGroups1="" teamGroups2="" teams1="5" teams2="9;8;1;2;0;12;4;16" type="SOFT"/>
            <CA2 max="2" min="0" mode1="A" mode2="GLOBAL" penalty="5" slotGroups="" slots="12;9;17;14;22;28;10" teamGroups1="" teamGroups2="" teams1="2" teams2="9;17;12;15;4;11;7" type="SOFT"/>
            <CA2 max="2" min="0" mode1="H" mode2="GLOBAL" penalty="5" slotGroups="" slots="19;0;3;14;23;21" teamGroups1="" teamGroups2="" teams1="8" teams2="1;6;12;13;15;11" type="SOFT"/>
            <CA2 max="2" min="0" mode1="H" mode2="GLOBAL" penalty="5" slotGroups="" slots="12;9;26;31;2;27;15" teamGroups1="" teamGroups2="" teams1="13" teams2="8;17;1;2;15;11;14" type="SOFT"/>
            <CA2 max="2" min="0" mode1="H" mode2="GLOBAL" penalty="5" slotGroups="" slots="3;24;8;21;2;28;27" teamGroups1="" teamGroups2="" teams1="9" teams2="10;12;13;15;4;14;3" type="SOFT"/>
            <CA2 max="2" min="0" mode1="HA" mode2="GLOBAL" penalty="5" slotGroups="" slots="0;18;24;25;8;26;15;4" teamGroups1="" teamGroups2="" teams1="15" teams2="8;17;1;0;13;4;16;14" type="SOFT"/>
            <CA2 max="1" min="0" mode1="HA" mode2="GLOBAL" penalty="5" slotGroups="" slots="9;0;25;13;11;27" teamGroups1="" teamGroups2="" teams1="16" teams2="9;8;2;12;4;3" type="SOFT"/>
            <CA2 max="1" min="0" mode1="HA" mode2="GLOBAL" penalty="5" slotGroups="" slots="19;18;3;6;11;15;10" teamGroups1="" teamGroups2="" teams1="10" teams2="8;17;2;0;12;16;14" type="SOFT"/>
            <CA2 max="2" min="0" mode1="H" mode2="GLOBAL" penalty="5" slotGroups="" slots="12;19;7;2;1;15" teamGroups1="" teamGroups2="" teams1="9" teams2="17;10;12;5;4;14" type="SOFT"/>
            <CA2 max="2" min="0" mode1="A" mode2="GLOBAL" penalty="5" slotGroups="" slots="12;7;3;14;8;10" teamGroups1="" teamGroups2="" teams1="11" teams2="2;6;0;13;16;3" type="SOFT"/>
            <CA2 max="3" min="0" mode1="H" mode2="GLOBAL" penalty="5" slotGroups="" slots="19;14;6;33;8;16;27;15" teamGroups1="" teamGroups2="" teams1="11" teams2="9;8;6;10;13;5;16;14" type="SOFT"/>
            <CA2 max="2" min="0" mode1="H" mode2="GLOBAL" penalty="5" slotGroups="" slots="9;8;31;28;30;27;15" teamGroups1="" teamGroups2="" teams1="2" teams2="1;6;10;0;5;16;3" type="SOFT"/>
            <CA2 max="2" min="0" mode1="A" mode2="GLOBAL" penalty="5" slotGroups="" slots="7;24;33;13;11;1;28" teamGroups1="" teamGroups2="" teams1="11" teams2="9;1;10;12;15;4;3" type="SOFT"/>
            <CA2 max="1" min="0" mode1="HA" mode2="GLOBAL" penalty="5" slotGroups="" slots="0;18;13;8;21;26;31" teamGroups1="" teamGroups2="" teams1="6" teams2="8;17;13;5;11;14;3" type="SOFT"/>
            <CA2 max="2" min="0" mode1="H" mode2="GLOBAL" penalty="5" slotGroups="" slots="18;5;17;24;23;26;27" teamGroups1="" teamGroups2="" teams1="15" teams2="8;1;0;12;13;16;3" type="SOFT"/>
            <CA2 max="2" min="0" mode1="A" mode2="GLOBAL" penalty="5" slotGroups="" slots="5;20;17;2;1;28" teamGroups1="" teamGroups2="" teams1="5" teams2="2;6;10;11;14;3" type="SOFT"/>
            <CA2 max="2" min="0" mode1="A" mode2="GLOBAL" penalty="5" slotGroups="" slots="20;29;13;8;11;10" teamGroups1="" teamGroups2="" teams1="0" teams2="6;12;13;16;11;3" type="SOFT"/>
            <CA2 max="2" min="0" mode1="A" mode2="GLOBAL" penalty="5" slotGroups="" slots="19;0;17;23;32;21;27" teamGroups1="" teamGroups2="" teams1="3" teams2="6;10;13;5;11;7;14" type="SOFT"/>
            <CA2 max="3" min="0" mode1="A" mode2="GLOBAL" penalty="5" slotGroups="" slots="19;29;32;8;21;26;27;10" teamGroups1="" teamGroups2="" teams1="1" teams2="8;17;6;5;15;11;7;14" type="SOFT"/>
            <CA2 max="2" min="0" mode1="A" mode2="GLOBAL" penalty="5" slotGroups="" slots="0;20;32;25;11;30" teamGroups1="" teamGroups2="" teams1="17" teams2="1;10;0;12;5;16" type="SOFT"/>
            <CA2 max="1" min="0" mode1="HA" mode2="GLOBAL" penalty="5" slotGroups="" slots="18;7;33;26;11;1;16" teamGroups1="" teamGroups2="" teams1="0" teams2="9;17;6;5;4;14;3" type="SOFT"/>
            <CA2 max="1" min="0" mode1="HA" mode2="GLOBAL" penalty="5" slotGroups="" slots="9;17;3;22;23;31;27" teamGroups1="" teamGroups2="" teams1="1" teams2="17;10;0;13;16;11;7" type="SOFT"/>
            <CA2 max="3" min="0" mode1="H" mode2="GLOBAL" penalty="5" slotGroups="" slots="12;3;24;32;26;1;28;30" teamGroups1="" teamGroups2="" teams1="0" teams2="9;8;1;2;6;12;4;14" type="SOFT"/>
            <CA2 max="2" min="0" mode1="H" mode2="GLOBAL" penalty="5" slotGroups="" slots="18;20;17;8;28;27" teamGroups1="" teamGroups2="" teams1="6" teams2="8;17;1;0;12;4" type="SOFT"/>
            <CA2 max="2" min="0" mode1="A" mode2="GLOBAL" penalty="5" slotGroups="" slots="9;19;11;31;30;16;15" teamGroups1="" teamGroups2="" teams1="3" teams2="9;17;2;0;13;5;4" type="SOFT"/>
            <CA2 max="3" min="0" mode1="H" mode2="GLOBAL" penalty="5" slotGroups="" slots="19;20;24;29;23;21;30;4" teamGroups1="" teamGroups2="" teams1="3" teams2="6;10;13;5;4;16;11;14" type="SOFT"/>
            <CA2 max="2" min="0" mode1="H" mode2="GLOBAL" penalty="5" slotGroups="" slots="9;20;3;29;26;15" teamGroups1="" teamGroups2="" teams1="3" teams2="9;10;0;12;4;11" type="SOFT"/>
            <CA2 max="2" min="0" mode1="HA" mode2="GLOBAL" penalty="5" slotGroups="" slots="19;0;20;14;22;25;8;15" teamGroups1="" teamGroups2="" teams1="11" teams2="17;10;12;13;5;15;4;3" type="SOFT"/>
            <CA2 max="1" min="0" mode1="HA" mode2="GLOBAL" penalty="5" slotGroups="" slots="14;6;22;23;25;16" teamGroups1="" teamGroups2="" teams1="0" teams2="10;15;4;16;7;14" type="SOFT"/>
            <CA2 max="2" min="0" mode1="A" mode2="GLOBAL" penalty="5" slotGroups="" slots="9;18;6;33;8;21" teamGroups1="" teamGroups2="" teams1="9" teams2="1;6;0;12;13;15" type="SOFT"/>
            <CA2 max="3" min="0" mode1="H" mode2="GLOBAL" penalty="5" slotGroups="" slots="9;24;6;13;2;1;27;15" teamGroups1="" teamGroups2="" teams1="10" teams2="9;17;1;6;13;5;15;3" type="SOFT"/>
            <CA2 max="2" min="0" mode1="A" mode2="GLOBAL" penalty="5" slotGroups="" slots="19;5;20;11;2;1" teamGroups1="" teamGroups2="" teams1="4" teams2="9;1;10;15;14;3" type="SOFT"/>
            <CA2 max="2" min="0" mode1="H" mode2="GLOBAL" penalty="5" slotGroups="" slots="9;0;18;7;17;27;4" teamGroups1="" teamGroups2="" teams1="8" teams2="9;1;0;12;15;7;14" type="SOFT"/>
            <CA2 max="3" min="0" mode1="H" mode2="GLOBAL" penalty="5" slotGroups="" slots="5;33;13;30;16;27;4;10" teamGroups1="" teamGroups2="" teams1="13" teams2="1;2;12;16;11;7;14;3" type="SOFT"/>
            <CA2 max="2" min="0" mode1="A" mode2="GLOBAL" penalty="5" slotGroups="" slots="5;17;3;13;16;4" teamGroups1="" teamGroups2="" teams1="8" teams2="6;10;12;7;14;3" type="SOFT"/>
            <CA2 max="3" min="0" mode1="A" mode2="GLOBAL" penalty="5" slotGroups="" slots="17;14;29;22;23;2;16;27" teamGroups1="" teamGroups2="" teams1="12" teams2="9;8;17;1;6;16;11;14" type="SOFT"/>
            <CA2 max="1" min="0" mode1="HA" mode2="GLOBAL" penalty="5" slotGroups="" slots="7;14;22;26;16;15;4" teamGroups1="" teamGroups2="" teams1="4" teams2="2;6;10;0;5;16;3" type="SOFT"/>
            <CA2 max="3" min="0" mode1="H" mode2="GLOBAL" penalty="5" slotGroups="" slots="12;19;18;7;3;25;1;15" teamGroups1="" teamGroups2="" teams1="1" teams2="8;0;13;4;16;7;14;3" type="SOFT"/>
            <CA2 max="2" min="0" mode1="HA" mode2="GLOBAL" penalty="5" slotGroups="" slots="18;17;6;8;31;1;30;10" teamGroups1="" teamGroups2="" teams1="12" teams2="8;0;13;4;11;7;14;3" type="SOFT"/>
            <CA2 max="3" min="0" mode1="A" mode2="GLOBAL" penalty="5" slotGroups="" slots="12;7;17;3;25;21;2;28" teamGroups1="" teamGroups2="" teams1="10" teams2="9;8;12;13;15;4;16;14" type="SOFT"/>
            <CA2 max="2" min="0" mode1="H" mode2="GLOBAL" penalty="5" slotGroups="" slots="9;19;18;17;22;33;15" teamGroups1="" teamGroups2="" teams1="13" teams2="9;1;0;5;16;7;14" type="SOFT"/>
            <CA2 max="2" min="0" mode1="H" mode2="GLOBAL" penalty="5" slotGroups="" slots="9;5;17;29;22;23;10" teamGroups1="" teamGroups2="" teams1="12" teams2="8;1;2;6;13;15;3" type="SOFT"/>
            <CA2 max="2" min="0" mode1="A" mode2="GLOBAL" penalty="5" slotGroups="" slots="12;0;17;14;33;31;2" teamGroups1="" teamGroups2="" teams1="3" teams2="9;10;13;5;15;16;14" type="SOFT"/>
            <CA2 max="2" min="0" mode1="H" mode2="GLOBAL" penalty="5" slotGroups="" slots="0;14;29;6;26;1" teamGroups1="" teamGroups2="" teams1="9" teams2="8;2;5;15;16;11" type="SOFT"/>
            <CA2 max="2" min="0" mode1="A" mode2="GLOBAL" penalty="5" slotGroups="" slots="12;3;23;8;28;16;27" teamGroups1="" teamGroups2="" teams1="1" teams2="2;6;10;12;13;5;3" type="SOFT"/>
            <CA2 max="2" min="0" mode1="H" mode2="GLOBAL" penalty="5" slotGroups="" slots="19;20;7;23;32;30" teamGroups1="" teamGroups2="" teams1="11" teams2="8;2;0;12;7;3" type="SOFT"/>
            <CA2 max="2" min="0" mode1="A" mode2="GLOBAL" penalty="5" slotGroups="" slots="0;24;25;31;1;16" teamGroups1="" teamGroups2="" teams1="17" teams2="2;6;10;12;4;7" type="SOFT"/>
            <CA2 max="2" min="0" mode1="H" mode2="GLOBAL" penalty="5" slotGroups="" slots="12;7;14;29;23;15;4" teamGroups1="" teamGroups2="" teams1="5" teams2="9;17;1;2;6;10;11" type="SOFT"/>
            <CA2 max="2" min="0" mode1="H" mode2="GLOBAL" penalty="5" slotGroups="" slots="0;17;24;33;8;16" teamGroups1="" teamGroups2="" teams1="0" teams2="17;1;4;16;7;3" type="SOFT"/>
            <CA2 max="1" min="0" mode1="HA" mode2="GLOBAL" penalty="5" slotGroups="" slots="18;5;24;22;21;26" teamGroups1="" teamGroups2="" teams1="5" teams2="17;10;12;15;16;11" type="SOFT"/>
            <CA2 max="2" min="0" mode1="H" mode2="GLOBAL" penalty="5" slotGroups="" slots="12;5;13;8;26;28;16" teamGroups1="" teamGroups2="" teams1="7" teams2="9;8;17;2;6;16;14" type="SOFT"/>
            <CA2 max="2" min="0" mode1="H" mode2="GLOBAL" penalty="5" slotGroups="" slots="17;32;25;8;21;16" teamGroups1="" teamGroups2="" teams1="4" teams2="10;13;5;7;14;3" type="SOFT"/>
            <CA2 max="2" min="0" mode1="H" mode2="GLOBAL" penalty="5" slotGroups="" slots="12;19;14;13;8;27;10" teamGroups1="" teamGroups2="" teams1="1" teams2="17;10;12;13;4;16;3" type="SOFT"/>
            <CA2 max="3" min="0" mode1="H" mode2="GLOBAL" penalty="5" slotGroups="" slots="12;0;17;13;11;30;4;10" teamGroups1="" teamGroups2="" teams1="10" teams2="9;1;12;13;5;16;7;14" type="SOFT"/>
            <CA2 max="2" min="0" mode1="H" mode2="GLOBAL" penalty="5" slotGroups="" slots="9;5;14;22;33;32;31" teamGroups1="" teamGroups2="" teams1="12" teams2="8;1;2;6;13;16;14" type="SOFT"/>
            <CA2 max="3" min="0" mode1="H" mode2="GLOBAL" penalty="5" slotGroups="" slots="5;3;22;25;26;2;28;4" teamGroups1="" teamGroups2="" teams1="4" teams2="1;6;13;16;11;7;14;3" type="SOFT"/>
            <CA2 max="3" min="0" mode1="A" mode2="GLOBAL" penalty="5" slotGroups="" slots="12;9;20;7;24;22;32;25" teamGroups1="" teamGroups2="" teams1="11" teams2="6;5;15;4;16;7;14;3" type="SOFT"/>
            <CA2 max="1" min="0" mode1="HA" mode2="GLOBAL" penalty="5" slotGroups="" slots="5;17;29;6;25;26;4" teamGroups1="" teamGroups2="" teams1="17" teams2="9;1;12;13;5;11;3" type="SOFT"/>
            <CA2 max="2" min="0" mode1="A" mode2="GLOBAL" penalty="5" slotGroups="" slots="14;33;8;21;11;2;10" teamGroups1="" teamGroups2="" teams1="17" teams2="10;12;13;5;15;4;14" type="SOFT"/>
            <CA2 max="2" min="0" mode1="H" mode2="GLOBAL" penalty="5" slotGroups="" slots="12;19;20;7;21;26;28" teamGroups1="" teamGroups2="" teams1="3" teams2="10;0;5;15;4;11;7" type="SOFT"/>
            <CA2 max="1" min="0" mode1="HA" mode2="GLOBAL" penalty="5" slotGroups="" slots="23;25;26;27;15;4;10" teamGroups1="" teamGroups2="" teams1="10" teams2="2;6;0;13;15;11;7" type="SOFT"/>
            <CA2 max="2" min="0" mode1="H" mode2="GLOBAL" penalty="5" slotGroups="" slots="9;20;17;3;24;33;23" teamGroups1="" teamGroups2="" teams1="14" teams2="17;2;6;10;0;15;4" type="SOFT"/>
            <CA2 max="2" min="0" mode1="A" mode2="GLOBAL" penalty="5" slotGroups="" slots="12;0;18;13;8;10" teamGroups1="" teamGroups2="" teams1="10" teams2="8;17;2;0;5;4" type="SOFT"/>
            <CA2 max="2" min="0" mode1="HA" mode2="GLOBAL" penalty="5" slotGroups="" slots="18;5;17;3;29;26;27;4" teamGroups1="" teamGroups2="" teams1="10" teams2="17;2;0;13;5;4;16;14" type="SOFT"/>
            <CA2 max="1" min="0" mode1="HA" mode2="GLOBAL" penalty="5" slotGroups="" slots="5;20;29;33;32;25;1" teamGroups1="" teamGroups2="" teams1="14" teams2="17;1;10;5;15;16;7" type="SOFT"/>
            <CA2 max="2" min="0" mode1="A" mode2="GLOBAL" penalty="5" slotGroups="" slots="7;14;6;26;11;2;15" teamGroups1="" teamGroups2="" teams1="14" teams2="8;1;5;15;16;11;3" type="SOFT"/>
            <CA2 max="1" min="0" mode1="HA" mode2="GLOBAL" penalty="5" slotGroups="" slots="0;20;7;32;8;31;1" teamGroups1="" teamGroups2="" teams1="16" teams2="8;1;6;10;12;15;14" type="SOFT"/>
            <CA2 max="2" min="0" mode1="HA" mode2="GLOBAL" penalty="5" slotGroups="" slots="18;24;13;8;11;28;16;4" teamGroups1="" teamGroups2="" teams1="5" teams2="1;2;6;10;0;13;7;14" type="SOFT"/>
            <CA2 max="3" min="0" mode1="A" mode2="GLOBAL" penalty="5" slotGroups="" slots="5;6;33;8;21;2;28;27" teamGroups1="" teamGroups2="" teams1="2" teams2="9;8;6;0;13;5;14;3" type="SOFT"/>
            <CA2 max="2" min="0" mode1="HA" mode2="GLOBAL" penalty="5" slotGroups="" slots="19;0;18;5;7;13;8;15" teamGroups1="" teamGroups2="" teams1="3" teams2="9;17;2;10;0;13;7;14" type="SOFT"/>
            <CA2 max="3" min="0" mode1="H" mode2="GLOBAL" penalty="5" slotGroups="" slots="9;18;14;29;33;25;28;27" teamGroups1="" teamGroups2="" teams1="13" teams2="9;8;1;6;10;0;4;16" type="SOFT"/>
            <CA2 max="1" min="0" mode1="HA" mode2="GLOBAL" penalty="5" slotGroups="" slots="18;29;22;1;28;27" teamGroups1="" teamGroups2="" teams1="16" teams2="8;6;13;5;14;3" type="SOFT"/>
            <CA2 max="2" min="0" mode1="H" mode2="GLOBAL" penalty="5" slotGroups="" slots="14;29;6;22;21;16;4" teamGroups1="" teamGroups2="" teams1="16" teams2="1;6;12;13;15;4;11" type="SOFT"/>
            <CA2 max="2" min="0" mode1="H" mode2="GLOBAL" penalty="5" slotGroups="" slots="0;14;6;23;21;2;15" teamGroups1="" teamGroups2="" teams1="4" teams2="9;8;17;1;13;7;14" type="SOFT"/>
            <CA2 max="1" min="0" mode1="HA" mode2="GLOBAL" penalty="5" slotGroups="" slots="0;33;25;31;30;15" teamGroups1="" teamGroups2="" teams1="17" teams2="9;1;0;12;15;11" type="SOFT"/>
            <CA2 max="2" min="0" mode1="A" mode2="GLOBAL" penalty="5" slotGroups="" slots="19;7;3;33;25;2;10" teamGroups1="" teamGroups2="" teams1="5" teams2="2;10;0;15;16;11;7" type="SOFT"/>
            <CA2 max="2" min="0" mode1="H" mode2="GLOBAL" penalty="5" slotGroups="" slots="19;20;24;6;21;30" teamGroups1="" teamGroups2="" teams1="10" teams2="9;17;12;4;16;14" type="SOFT"/>
            <CA2 max="2" min="0" mode1="A" mode2="GLOBAL" penalty="5" slotGroups="" slots="0;20;7;17;33;16;27" teamGroups1="" teamGroups2="" teams1="0" teams2="6;10;12;13;15;14;3" type="SOFT"/>
            <CA2 max="3" min="0" mode1="A" mode2="GLOBAL" penalty="5" slotGroups="" slots="19;20;17;33;21;11;2;15" teamGroups1="" teamGroups2="" teams1="2" teams2="9;6;0;12;13;4;16;3" type="SOFT"/>
            <CA2 max="1" min="0" mode1="HA" mode2="GLOBAL" penalty="5" slotGroups="" slots="9;7;29;2;27;4" teamGroups1="" teamGroups2="" teams1="4" teams2="17;1;10;0;13;11" type="SOFT"/>
            <CA2 max="2" min="0" mode1="H" mode2="GLOBAL" penalty="5" slotGroups="" slots="18;14;23;32;26;11;30" teamGroups1="" teamGroups2="" teams1="14" teams2="2;6;10;12;13;7;3" type="SOFT"/>
            <CA2 max="1" min="0" mode1="HA" mode2="GLOBAL" penalty="5" slotGroups="" slots="18;5;6;23;32;8" teamGroups1="" teamGroups2="" teams1="11" teams2="1;0;5;15;4;16" type="SOFT"/>
            <CA2 max="2" min="0" mode1="A" mode2="GLOBAL" penalty="5" slotGroups="" slots="18;3;25;31;30;27" teamGroups1="" teamGroups2="" teams1="12" teams2="17;1;6;0;5;4" type="SOFT"/>
            <CA2 max="1" min="0" mode1="HA" mode2="GLOBAL" penalty="5" slotGroups="" slots="19;5;23;21;31;1;27" teamGroups1="" teamGroups2="" teams1="12" teams2="9;8;17;2;0;15;16" type="SOFT"/>
            <CA2 max="3" min="0" mode1="A" mode2="GLOBAL" penalty="5" slotGroups="" slots="7;14;6;25;8;31;16;4" teamGroups1="" teamGroups2="" teams1="8" teams2="9;2;10;13;5;4;14;3" type="SOFT"/>
            <CA2 max="1" min="0" mode1="HA" mode2="GLOBAL" penalty="5" slotGroups="" slots="19;5;32;11;2;15" teamGroups1="" teamGroups2="" teams1="3" teams2="8;10;5;4;7;14" type="SOFT"/>
            <CA2 max="3" min="0" mode1="H" mode2="GLOBAL" penalty="5" slotGroups="" slots="5;14;33;32;2;1;16;15" teamGroups1="" teamGroups2="" teams1="9" teams2="8;10;0;12;5;15;14;3" type="SOFT"/>
            <CA2 max="2" min="0" mode1="A" mode2="GLOBAL" penalty="5" slotGroups="" slots="12;17;6;33;8;1" teamGroups1="" teamGroups2="" teams1="13" teams2="10;5;4;7;14;3" type="SOFT"/>
            <CA2 max="2" min="0" mode1="H" mode2="GLOBAL" penalty="5" slotGroups="" slots="0;7;29;22;21;11" teamGroups1="" teamGroups2="" teams1="16" teams2="9;17;10;12;13;11" type="SOFT"/>
            <CA2 max="3" min="0" mode1="H" mode2="GLOBAL" penalty="5" slotGroups="" slots="9;5;29;22;25;8;26;27" teamGroups1="" teamGroups2="" teams1="9" teams2="8;1;6;15;4;16;14;3" type="SOFT"/>
            <CA2 max="2" min="0" mode1="A" mode2="GLOBAL" penalty="5" slotGroups="" slots="12;19;20;33;25;28;15" teamGroups1="" teamGroups2="" teams1="6" teams2="8;2;12;15;4;16;11" type="SOFT"/>
            <CA2 max="3" min="0" mode1="H" mode2="GLOBAL" penalty="5" slotGroups="" slots="18;20;17;24;14;11;1;16" teamGroups1="" teamGroups2="" teams1="10" teams2="17;6;0;15;11;7;14;3" type="SOFT"/>
            <CA2 max="2" min="0" mode1="HA" mode2="GLOBAL" penalty="5" slotGroups="" slots="18;17;6;8;2;28;30;16" teamGroups1="" teamGroups2="" teams1="9" teams2="1;2;0;5;4;16;7;14" type="SOFT"/>
            <CA2 max="1" min="0" mode1="HA" mode2="GLOBAL" penalty="5" slotGroups="" slots="20;7;29;22;21;30;4" teamGroups1="" teamGroups2="" teams1="0" teams2="9;2;6;10;4;7;3" type="SOFT"/>
            <CA2 max="2" min="0" mode1="H" mode2="GLOBAL" penalty="5" slotGroups="" slots="6;13;21;2;28;16;10" teamGroups1="" teamGroups2="" teams1="4" teams2="9;1;0;12;15;7;14" type="SOFT"/>
            <CA2 max="2" min="0" mode1="A" mode2="GLOBAL" penalty="5" slotGroups="" slots="12;18;3;14;33;11;16" teamGroups1="" teamGroups2="" teams1="0" teams2="10;12;15;4;11;7;3" type="SOFT"/>
            <CA2 max="3" min="0" mode1="A" mode2="GLOBAL" penalty="5" slotGroups="" slots="9;3;22;8;21;26;11;28" teamGroups1="" teamGroups2="" teams1="0" teams2="8;2;6;10;12;13;5;7" type="SOFT"/>
            <CA2 max="1" min="0" mode1="HA" mode2="GLOBAL" penalty="5" slotGroups="" slots="24;29;23;11;28;27;10" teamGroups1="" teamGroups2="" teams1="6" teams2="8;0;5;16;11;7;14" type="SOFT"/>
            <CA2 max="2" min="0" mode1="HA" mode2="GLOBAL" penalty="5" slotGroups="" slots="17;29;22;33;23;26;11;15" teamGroups1="" teamGroups2="" teams1="17" teams2="8;10;0;12;15;16;11;7" type="SOFT"/>
            <CA2 max="2" min="0" mode1="H" mode2="GLOBAL" penalty="5" slotGroups="" slots="9;19;14;26;31;28" teamGroups1="" teamGroups2="" teams1="5" teams2="9;17;13;4;16;7" type="SOFT"/>
            <CA2 max="3" min="0" mode1="A" mode2="GLOBAL" penalty="5" slotGroups="" slots="0;18;17;29;32;2;15;10" teamGroups1="" teamGroups2="" teams1="1" teams2="8;2;0;13;4;16;7;14" type="SOFT"/>
            <CA2 max="2" min="0" mode1="A" mode2="GLOBAL" penalty="5" slotGroups="" slots="9;0;33;32;21;11" teamGroups1="" teamGroups2="" teams1="10" teams2="1;0;5;15;11;3" type="SOFT"/>
            <CA2 max="2" min="0" mode1="H" mode2="GLOBAL" penalty="5" slotGroups="" slots="17;6;32;25;26;28" teamGroups1="" teamGroups2="" teams1="8" teams2="17;1;6;10;13;11" type="SOFT"/>
            <CA2 max="1" min="0" mode1="HA" mode2="GLOBAL" penalty="5" slotGroups="" slots="9;17;3;6;21;2" teamGroups1="" teamGroups2="" teams1="11" teams2="1;0;12;15;16;14" type="SOFT"/>
            <CA2 max="2" min="0" mode1="H" mode2="GLOBAL" penalty="5" slotGroups="" slots="9;0;18;23;32;1" teamGroups1="" teamGroups2="" teams1="1" teams2="17;2;13;15;11;14" type="SOFT"/>
            <CA2 max="3" min="0" mode1="H" mode2="GLOBAL" penalty="5" slotGroups="" slots="24;23;25;8;11;1;27;10" teamGroups1="" teamGroups2="" teams1="6" teams2="9;2;10;13;4;16;11;7" type="SOFT"/>
            <CA3 intp="3" max="2" min="0" mode1="H" mode2="SLOTS" penalty="1" teamGroups1="" teamGroups2="" teams1="9;8;17;1;2;6;10;0;12;13;5;15;4;16;11;7;14;3" teams2="9;8;17;1;2;6;10;0;12;13;5;15;4;16;11;7;14;3" type="HARD"/>
            <CA3 intp="3" max="2" min="0" mode1="A" mode2="SLOTS" penalty="1" teamGroups1="" teamGroups2="" teams1="9;8;17;1;2;6;10;0;12;13;5;15;4;16;11;7;14;3" teams2="9;8;17;1;2;6;10;0;12;13;5;15;4;16;11;7;14;3" type="HARD"/>
            <CA3 intp="4" max="2" min="0" mode1="H" mode2="SLOTS" penalty="5" teamGroups1="" teamGroups2="" teams1="11" teams2="8;10;0;12;5;15" type="SOFT"/>
            <CA3 intp="4" max="2" min="0" mode1="H" mode2="SLOTS" penalty="5" teamGroups1="" teamGroups2="" teams1="2" teams2="6;12;13;16;7" type="SOFT"/>
            <CA3 intp="4" max="2" min="0" mode1="A" mode2="SLOTS" penalty="5" teamGroups1="" teamGroups2="" teams1="17" teams2="8;2;13;15;3" type="SOFT"/>
            <CA3 intp="4" max="2" min="0" mode1="HA" mode2="SLOTS" penalty="5" teamGroups1="" teamGroups2="" teams1="7" teams2="9;2;10;0;11" type="SOFT"/>
            <CA3 intp="4" max="2" min="0" mode1="HA" mode2="SLOTS" penalty="5" teamGroups1="" teamGroups2="" teams1="11" teams2="9;17;2;10;12;15;14" type="SOFT"/>
            <CA3 intp="4" max="2" min="0" mode1="HA" mode2="SLOTS" penalty="5" teamGroups1="" teamGroups2="" teams1="4" teams2="10;0;15;7;3" type="SOFT"/>
            <CA3 intp="4" max="2" min="0" mode1="A" mode2="SLOTS" penalty="5" teamGroups1="" teamGroups2="" teams1="12" teams2="8;17;10;13;4;16;11" type="SOFT"/>
            <CA3 intp="4" max="2" min="0" mode1="H" mode2="SLOTS" penalty="5" teamGroups1="" teamGroups2="" teams1="5" teams2="8;17;1;2;16;11" type="SOFT"/>
            <CA3 intp="4" max="2" min="0" mode1="A" mode2="SLOTS" penalty="5" teamGroups1="" teamGroups2="" teams1="1" teams2="9;12;13;15;7" type="SOFT"/>
            <CA3 intp="4" max="2" min="0" mode1="H" mode2="SLOTS" penalty="5" teamGroups1="" teamGroups2="" teams1="11" teams2="8;13;5;15;16" type="SOFT"/>
            <CA3 intp="4" max="2" min="0" mode1="H" mode2="SLOTS" penalty="5" teamGroups1="" teamGroups2="" teams1="2" teams2="9;17;1;0;4;16" type="SOFT"/>
            <CA3 intp="4" max="2" min="0" mode1="H" mode2="SLOTS" penalty="5" teamGroups1="" teamGroups2="" teams1="13" teams2="6;10;0;15;16" type="SOFT"/>
            <CA3 intp="4" max="2" min="0" mode1="H" mode2="SLOTS" penalty="5" teamGroups1="" teamGroups2="" teams1="8" teams2="1;2;12;15;4;16" type="SOFT"/>
            <CA3 intp="4" max="2" min="0" mode1="A" mode2="SLOTS" penalty="5" teamGroups1="" teamGroups2="" teams1="10" teams2="17;1;12;13;4;16;3" type="SOFT"/>
            <CA3 intp="4" max="2" min="0" mode1="H" mode2="SLOTS" penalty="5" teamGroups1="" teamGroups2="" teams1="3" teams2="17;1;6;10;15" type="SOFT"/>
            <CA3 intp="4" max="2" min="0" mode1="A" mode2="SLOTS" penalty="5" teamGroups1="" teamGroups2="" teams1="3" teams2="8;2;6;12;13;5;4" type="SOFT"/>
            <CA3 intp="4" max="2" min="0" mode1="A" mode2="SLOTS" penalty="5" teamGroups1="" teamGroups2="" teams1="6" teams2="9;8;17;10;0;7;3" type="SOFT"/>
            <CA3 intp="4" max="2" min="0" mode1="A" mode2="SLOTS" penalty="5" teamGroups1="" teamGroups2="" teams1="1" teams2="9;17;2;0;12;5;14" type="SOFT"/>
            <CA3 intp="4" max="2" min="0" mode1="A" mode2="SLOTS" penalty="5" teamGroups1="" teamGroups2="" teams1="2" teams2="8;10;15;4;3" type="SOFT"/>
            <CA3 intp="4" max="2" min="0" mode1="H" mode2="SLOTS" penalty="5" teamGroups1="" teamGroups2="" teams1="4" teams2="8;17;10;0;15" type="SOFT"/>
            <CA3 intp="4" max="2" min="0" mode1="A" mode2="SLOTS" penalty="5" teamGroups1="" teamGroups2="" teams1="16" teams2="1;2;10;13;7;3" type="SOFT"/>
            <CA3 intp="4" max="2" min="0" mode1="H" mode2="SLOTS" penalty="5" teamGroups1="" teamGroups2="" teams1="7" teams2="9;8;1;10;14" type="SOFT"/>
            <CA3 intp="4" max="2" min="0" mode1="A" mode2="SLOTS" penalty="5" teamGroups1="" teamGroups2="" teams1="3" teams2="2;13;5;4;11" type="SOFT"/>
            <CA3 intp="4" max="2" min="0" mode1="H" mode2="SLOTS" penalty="5" teamGroups1="" teamGroups2="" teams1="8" teams2="9;1;12;4;14;3" type="SOFT"/>
            <CA3 intp="4" max="2" min="0" mode1="H" mode2="SLOTS" penalty="5" teamGroups1="" teamGroups2="" teams1="6" teams2="17;1;10;13;11;14;3" type="SOFT"/>
            <CA3 intp="4" max="2" min="0" mode1="H" mode2="SLOTS" penalty="5" teamGroups1="" teamGroups2="" teams1="17" teams2="9;0;13;14;3" type="SOFT"/>
            <CA3 intp="4" max="2" min="0" mode1="H" mode2="SLOTS" penalty="5" teamGroups1="" teamGroups2="" teams1="16" teams2="9;8;13;5;3" type="SOFT"/>
            <CA3 intp="4" max="2" min="0" mode1="H" mode2="SLOTS" penalty="5" teamGroups1="" teamGroups2="" teams1="4" teams2="9;17;12;5;14;3" type="SOFT"/>
            <CA3 intp="4" max="2" min="0" mode1="HA" mode2="SLOTS" penalty="5" teamGroups1="" teamGroups2="" teams1="4" teams2="8;17;2;12;5;11;7" type="SOFT"/>
            <CA3 intp="4" max="2" min="0" mode1="H" mode2="SLOTS" penalty="5" teamGroups1="" teamGroups2="" teams1="11" teams2="1;2;0;15;4;14" type="SOFT"/>
            <CA3 intp="4" max="2" min="0" mode1="A" mode2="SLOTS" penalty="5" teamGroups1="" teamGroups2="" teams1="7" teams2="17;6;0;16;11;14;3" type="SOFT"/>
            <CA3 intp="4" max="2" min="0" mode1="HA" mode2="SLOTS" penalty="5" teamGroups1="" teamGroups2="" teams1="16" teams2="8;2;6;10;0;11;3" type="SOFT"/>
            <CA3 intp="4" max="2" min="0" mode1="H" mode2="SLOTS" penalty="5" teamGroups1="" teamGroups2="" teams1="15" teams2="17;6;10;12;5;4;11" type="SOFT"/>
            <CA3 intp="4" max="2" min="0" mode1="A" mode2="SLOTS" penalty="5" teamGroups1="" teamGroups2="" teams1="11" teams2="17;10;0;15;4;14" type="SOFT"/>
            <CA3 intp="4" max="2" min="0" mode1="HA" mode2="SLOTS" penalty="5" teamGroups1="" teamGroups2="" teams1="13" teams2="10;12;5;4;7" type="SOFT"/>
            <CA3 intp="4" max="2" min="0" mode1="A" mode2="SLOTS" penalty="5" teamGroups1="" teamGroups2="" teams1="4" teams2="0;12;5;15;7" type="SOFT"/>
            <CA3 intp="4" max="2" min="0" mode1="A" mode2="SLOTS" penalty="5" teamGroups1="" teamGroups2="" teams1="10" teams2="2;6;12;15;16;3" type="SOFT"/>
            <CA3 intp="4" max="2" min="0" mode1="A" mode2="SLOTS" penalty="5" teamGroups1="" teamGroups2="" teams1="14" teams2="9;2;6;10;0;12;15" type="SOFT"/>
            <CA3 intp="4" max="2" min="0" mode1="A" mode2="SLOTS" penalty="5" teamGroups1="" teamGroups2="" teams1="2" teams2="8;10;0;13;16;14" type="SOFT"/>
            <CA3 intp="4" max="2" min="0" mode1="A" mode2="SLOTS" penalty="5" teamGroups1="" teamGroups2="" teams1="8" teams2="9;6;0;13;16;11;3" type="SOFT"/>
            <CA3 intp="4" max="2" min="0" mode1="HA" mode2="SLOTS" penalty="5" teamGroups1="" teamGroups2="" teams1="1" teams2="8;0;12;13;4;16" type="SOFT"/>
            <CA3 intp="4" max="2" min="0" mode1="A" mode2="SLOTS" penalty="5" teamGroups1="" teamGroups2="" teams1="12" teams2="2;0;13;5;15;4" type="SOFT"/>
            <CA3 intp="4" max="2" min="0" mode1="HA" mode2="SLOTS" penalty="5" teamGroups1="" teamGroups2="" teams1="9" teams2="8;6;12;5;15;3" type="SOFT"/>
            <CA3 intp="4" max="2" min="0" mode1="A" mode2="SLOTS" penalty="5" teamGroups1="" teamGroups2="" teams1="5" teams2="13;15;16;7;3" type="SOFT"/>
            <CA3 intp="4" max="2" min="0" mode1="HA" mode2="SLOTS" penalty="5" teamGroups1="" teamGroups2="" teams1="4" teams2="8;17;1;10;13;5;11" type="SOFT"/>
            <CA3 intp="4" max="2" min="0" mode1="HA" mode2="SLOTS" penalty="5" teamGroups1="" teamGroups2="" teams1="17" teams2="8;2;6;15;16" type="SOFT"/>
            <CA3 intp="4" max="2" min="0" mode1="H" mode2="SLOTS" penalty="5" teamGroups1="" teamGroups2="" teams1="2" teams2="17;10;5;16;3" type="SOFT"/>
            <CA3 intp="4" max="2" min="0" mode1="H" mode2="SLOTS" penalty="5" teamGroups1="" teamGroups2="" teams1="11" teams2="1;6;12;15;14;3" type="SOFT"/>
            <CA3 intp="4" max="2" min="0" mode1="A" mode2="SLOTS" penalty="5" teamGroups1="" teamGroups2="" teams1="10" teams2="8;1;0;13;5;4;14" type="SOFT"/>
            <CA3 intp="4" max="2" min="0" mode1="H" mode2="SLOTS" penalty="5" teamGroups1="" teamGroups2="" teams1="13" teams2="9;17;1;10;5;4;16" type="SOFT"/>
            <CA3 intp="4" max="2" min="0" mode1="A" mode2="SLOTS" penalty="5" teamGroups1="" teamGroups2="" teams1="6" teams2="5;15;4;16;11;3" type="SOFT"/>
            <CA3 intp="4" max="2" min="0" mode1="A" mode2="SLOTS" penalty="5" teamGroups1="" teamGroups2="" teams1="1" teams2="8;10;13;4;14" type="SOFT"/>
            <CA3 intp="4" max="2" min="0" mode1="A" mode2="SLOTS" penalty="5" teamGroups1="" teamGroups2="" teams1="16" teams2="2;15;7;14;3" type="SOFT"/>
            <CA3 intp="4" max="2" min="0" mode1="HA" mode2="SLOTS" penalty="5" teamGroups1="" teamGroups2="" teams1="14" teams2="1;2;10;12;13;15;16" type="SOFT"/>
            <CA3 intp="4" max="2" min="0" mode1="A" mode2="SLOTS" penalty="5" teamGroups1="" teamGroups2="" teams1="13" teams2="1;2;12;15;11;14" type="SOFT"/>
            <CA3 intp="4" max="2" min="0" mode1="H" mode2="SLOTS" penalty="5" teamGroups1="" teamGroups2="" teams1="17" teams2="8;6;12;5;11;3" type="SOFT"/>
            <CA3 intp="4" max="2" min="0" mode1="HA" mode2="SLOTS" penalty="5" teamGroups1="" teamGroups2="" teams1="10" teams2="8;6;0;12;5;4;16" type="SOFT"/>
            <CA3 intp="4" max="2" min="0" mode1="A" mode2="SLOTS" penalty="5" teamGroups1="" teamGroups2="" teams1="1" teams2="2;10;13;11;7;14;3" type="SOFT"/>
            <CA3 intp="4" max="2" min="0" mode1="A" mode2="SLOTS" penalty="5" teamGroups1="" teamGroups2="" teams1="17" teams2="8;12;5;11;7;14;3" type="SOFT"/>
            <CA3 intp="4" max="2" min="0" mode1="H" mode2="SLOTS" penalty="5" teamGroups1="" teamGroups2="" teams1="16" teams2="0;12;13;15;14" type="SOFT"/>
            <CA3 intp="4" max="2" min="0" mode1="HA" mode2="SLOTS" penalty="5" teamGroups1="" teamGroups2="" teams1="9" teams2="8;17;6;0;16" type="SOFT"/>
            <CA3 intp="4" max="2" min="0" mode1="H" mode2="SLOTS" penalty="5" teamGroups1="" teamGroups2="" teams1="13" teams2="17;6;15;4;11;14;3" type="SOFT"/>
            <CA3 intp="4" max="2" min="0" mode1="A" mode2="SLOTS" penalty="5" teamGroups1="" teamGroups2="" teams1="5" teams2="9;8;1;6;0;14" type="SOFT"/>
            <CA3 intp="4" max="2" min="0" mode1="A" mode2="SLOTS" penalty="5" teamGroups1="" teamGroups2="" teams1="12" teams2="9;2;0;13;4;11;7" type="SOFT"/>
            <CA3 intp="4" max="2" min="0" mode1="H" mode2="SLOTS" penalty="5" teamGroups1="" teamGroups2="" teams1="6" teams2="5;15;11;7;3" type="SOFT"/>
            <CA3 intp="4" max="2" min="0" mode1="HA" mode2="SLOTS" penalty="5" teamGroups1="" teamGroups2="" teams1="13" teams2="9;2;12;15;4;3" type="SOFT"/>
            <CA3 intp="4" max="2" min="0" mode1="HA" mode2="SLOTS" penalty="5" teamGroups1="" teamGroups2="" teams1="15" teams2="8;1;10;4;7" type="SOFT"/>
            <CA3 intp="4" max="2" min="0" mode1="H" mode2="SLOTS" penalty="5" teamGroups1="" teamGroups2="" teams1="16" teams2="8;13;15;4;11" type="SOFT"/>
            <CA3 intp="4" max="2" min="0" mode1="HA" mode2="SLOTS" penalty="5" teamGroups1="" teamGroups2="" teams1="11" teams2="17;2;6;13;14" type="SOFT"/>
            <CA3 intp="4" max="2" min="0" mode1="HA" mode2="SLOTS" penalty="5" teamGroups1="" teamGroups2="" teams1="13" teams2="8;1;12;15;16;14" type="SOFT"/>
            <CA3 intp="4" max="2" min="0" mode1="H" mode2="SLOTS" penalty="5" teamGroups1="" teamGroups2="" teams1="12" teams2="9;10;0;13;15;11;14" type="SOFT"/>
            <CA3 intp="4" max="2" min="0" mode1="HA" mode2="SLOTS" penalty="5" teamGroups1="" teamGroups2="" teams1="0" teams2="17;10;5;16;7;14;3" type="SOFT"/>
            <CA3 intp="4" max="2" min="0" mode1="A" mode2="SLOTS" penalty="5" teamGroups1="" teamGroups2="" teams1="1" teams2="17;10;0;13;5;11;14" type="SOFT"/>
            <CA3 intp="4" max="2" min="0" mode1="H" mode2="SLOTS" penalty="5" teamGroups1="" teamGroups2="" teams1="13" teams2="1;10;4;7;14" type="SOFT"/>
            <CA3 intp="4" max="2" min="0" mode1="A" mode2="SLOTS" penalty="5" teamGroups1="" teamGroups2="" teams1="15" teams2="8;2;0;12;14" type="SOFT"/>
            <CA3 intp="4" max="2" min="0" mode1="HA" mode2="SLOTS" penalty="5" teamGroups1="" teamGroups2="" teams1="4" teams2="9;6;10;5;11" type="SOFT"/>
            <CA3 intp="4" max="2" min="0" mode1="HA" mode2="SLOTS" penalty="5" teamGroups1="" teamGroups2="" teams1="9" teams2="6;10;12;4;16" type="SOFT"/>
            <CA3 intp="4" max="2" min="0" mode1="H" mode2="SLOTS" penalty="5" teamGroups1="" teamGroups2="" teams1="8" teams2="2;10;15;7;14" type="SOFT"/>
            <CA3 intp="4" max="2" min="0" mode1="H" mode2="SLOTS" penalty="5" teamGroups1="" teamGroups2="" teams1="2" teams2="6;12;13;5;11" type="SOFT"/>
            <CA3 intp="4" max="2" min="0" mode1="H" mode2="SLOTS" penalty="5" teamGroups1="" teamGroups2="" teams1="8" teams2="9;17;2;12;5;7;3" type="SOFT"/>
            <CA3 intp="4" max="2" min="0" mode1="HA" mode2="SLOTS" penalty="5" teamGroups1="" teamGroups2="" teams1="12" teams2="17;1;2;6;11;14;3" type="SOFT"/>
            <CA3 intp="4" max="2" min="0" mode1="HA" mode2="SLOTS" penalty="5" teamGroups1="" teamGroups2="" teams1="0" teams2="2;10;12;4;11" type="SOFT"/>
            <CA3 intp="4" max="2" min="0" mode1="HA" mode2="SLOTS" penalty="5" teamGroups1="" teamGroups2="" teams1="4" teams2="8;1;0;5;15" type="SOFT"/>
            <CA3 intp="4" max="2" min="0" mode1="HA" mode2="SLOTS" penalty="5" teamGroups1="" teamGroups2="" teams1="14" teams2="1;0;13;5;4;11;3" type="SOFT"/>
            <CA3 intp="4" max="2" min="0" mode1="HA" mode2="SLOTS" penalty="5" teamGroups1="" teamGroups2="" teams1="8" teams2="9;2;13;5;4" type="SOFT"/>
            <CA3 intp="4" max="2" min="0" mode1="A" mode2="SLOTS" penalty="5" teamGroups1="" teamGroups2="" teams1="1" teams2="2;6;0;13;15;7;14" type="SOFT"/>
            <CA3 intp="4" max="2" min="0" mode1="HA" mode2="SLOTS" penalty="5" teamGroups1="" teamGroups2="" teams1="4" teams2="9;2;13;15;14" type="SOFT"/>
            <CA3 intp="4" max="2" min="0" mode1="HA" mode2="SLOTS" penalty="5" teamGroups1="" teamGroups2="" teams1="12" teams2="9;8;1;6;15;4;14" type="SOFT"/>
            <CA3 intp="4" max="2" min="0" mode1="H" mode2="SLOTS" penalty="5" teamGroups1="" teamGroups2="" teams1="7" teams2="8;17;10;5;11;3" type="SOFT"/>
            <CA3 intp="4" max="2" min="0" mode1="HA" mode2="SLOTS" penalty="5" teamGroups1="" teamGroups2="" teams1="10" teams2="17;12;13;16;14;3" type="SOFT"/>
            <CA3 intp="4" max="2" min="0" mode1="HA" mode2="SLOTS" penalty="5" teamGroups1="" teamGroups2="" teams1="16" teams2="2;12;13;15;4" type="SOFT"/>
            <CA3 intp="4" max="2" min="0" mode1="H" mode2="SLOTS" penalty="5" teamGroups1="" teamGroups2="" teams1="15" teams2="9;17;2;0;5;4;3" type="SOFT"/>
            <CA3 intp="4" max="2" min="0" mode1="A" mode2="SLOTS" penalty="5" teamGroups1="" teamGroups2="" teams1="12" teams2="2;6;4;7;3" type="SOFT"/>
            <CA3 intp="4" max="2" min="0" mode1="HA" mode2="SLOTS" penalty="5" teamGroups1="" teamGroups2="" teams1="11" teams2="17;6;0;13;15;4;3" type="SOFT"/>
            <CA3 intp="4" max="2" min="0" mode1="HA" mode2="SLOTS" penalty="5" teamGroups1="" teamGroups2="" teams1="13" teams2="9;6;4;16;14;3" type="SOFT"/>
            <CA3 intp="4" max="2" min="0" mode1="H" mode2="SLOTS" penalty="5" teamGroups1="" teamGroups2="" teams1="14" teams2="1;2;6;10;12;15" type="SOFT"/>
            <CA3 intp="4" max="2" min="0" mode1="A" mode2="SLOTS" penalty="5" teamGroups1="" teamGroups2="" teams1="4" teams2="17;2;10;5;11;14;3" type="SOFT"/>
            <CA3 intp="4" max="2" min="0" mode1="A" mode2="SLOTS" penalty="5" teamGroups1="" teamGroups2="" teams1="4" teams2="8;17;1;6;10;11;3" type="SOFT"/>
            <CA3 intp="4" max="2" min="0" mode1="A" mode2="SLOTS" penalty="5" teamGroups1="" teamGroups2="" teams1="2" teams2="8;10;12;5;11" type="SOFT"/>
            <CA3 intp="4" max="2" min="0" mode1="A" mode2="SLOTS" penalty="5" teamGroups1="" teamGroups2="" teams1="12" teams2="8;2;6;10;0;3" type="SOFT"/>
            <CA3 intp="4" max="2" min="0" mode1="H" mode2="SLOTS" penalty="5" teamGroups1="" teamGroups2="" teams1="17" teams2="9;8;15;16;14" type="SOFT"/>
            <CA3 intp="4" max="2" min="0" mode1="HA" mode2="SLOTS" penalty="5" teamGroups1="" teamGroups2="" teams1="8" teams2="1;10;0;12;4;3" type="SOFT"/>
            <CA3 intp="4" max="2" min="0" mode1="HA" mode2="SLOTS" penalty="5" teamGroups1="" teamGroups2="" teams1="8" teams2="1;2;6;0;4;14;3" type="SOFT"/>
            <CA3 intp="4" max="2" min="0" mode1="H" mode2="SLOTS" penalty="5" teamGroups1="" teamGroups2="" teams1="14" teams2="8;2;6;12;4" type="SOFT"/>
            <CA3 intp="4" max="2" min="0" mode1="H" mode2="SLOTS" penalty="5" teamGroups1="" teamGroups2="" teams1="12" teams2="17;2;13;4;16;7;14" type="SOFT"/>
            <CA3 intp="4" max="2" min="0" mode1="HA" mode2="SLOTS" penalty="5" teamGroups1="" teamGroups2="" teams1="12" teams2="17;13;4;7;14" type="SOFT"/>
            <CA3 intp="4" max="2" min="0" mode1="H" mode2="SLOTS" penalty="5" teamGroups1="" teamGroups2="" teams1="12" teams2="1;4;16;11;14" type="SOFT"/>
            <CA3 intp="4" max="2" min="0" mode1="HA" mode2="SLOTS" penalty="5" teamGroups1="" teamGroups2="" teams1="16" teams2="17;0;5;15;3" type="SOFT"/>
            <CA3 intp="4" max="2" min="0" mode1="HA" mode2="SLOTS" penalty="5" teamGroups1="" teamGroups2="" teams1="5" teams2="8;17;12;15;7" type="SOFT"/>
            <CA3 intp="4" max="2" min="0" mode1="HA" mode2="SLOTS" penalty="5" teamGroups1="" teamGroups2="" teams1="11" teams2="8;1;0;16;3" type="SOFT"/>
            <CA3 intp="4" max="2" min="0" mode1="A" mode2="SLOTS" penalty="5" teamGroups1="" teamGroups2="" teams1="3" teams2="17;1;10;5;16;14" type="SOFT"/>
            <CA3 intp="4" max="2" min="0" mode1="H" mode2="SLOTS" penalty="5" teamGroups1="" teamGroups2="" teams1="11" teams2="9;2;10;0;5;4;7" type="SOFT"/>
        </CapacityConstraints>
        <GameConstraints>
            <GA1 max="0" meetings="5,17;" min="0" penalty="1" slotGroups="" slots="29" type="SOFT"/>
            <GA1 max="4" meetings="1,17;4,11;6,15;9,15;" min="2" penalty="1" slotGroups="" slots="10" type="SOFT"/>
            <GA1 max="2" meetings="2,1;4,0;4,13;14,1;" min="0" penalty="1" slotGroups="" slots="19" type="SOFT"/>
            <GA1 max="1" meetings="16,8;" min="1" penalty="1" slotGroups="" slots="21;31" type="SOFT"/>
            <GA1 max="1" meetings="2,12;" min="1" penalty="1" slotGroups="" slots="20" type="SOFT"/>
            <GA1 max="1" meetings="11,13;" min="1" penalty="1" slotGroups="" slots="7;26;30" type="SOFT"/>
            <GA1 max="0" meetings="0,8;" min="0" penalty="1" slotGroups="" slots="17" type="SOFT"/>
            <GA1 max="1" meetings="10,9;" min="1" penalty="1" slotGroups="" slots="16" type="SOFT"/>
            <GA1 max="2" meetings="3,14;9,6;11,5;13,12;" min="0" penalty="1" slotGroups="" slots="19;5;8;21" type="SOFT"/>
            <GA1 max="2" meetings="1,4;14,13;15,5;17,6;" min="0" penalty="1" slotGroups="" slots="0" type="SOFT"/>
            <GA1 max="3" meetings="0,17;4,7;6,10;" min="2" penalty="1" slotGroups="" slots="26" type="SOFT"/>
            <GA1 max="1" meetings="15,4;" min="1" penalty="1" slotGroups="" slots="24;33" type="SOFT"/>
            <GA1 max="1" meetings="4,10;11,6;12,6;" min="0" penalty="1" slotGroups="" slots="9;26;11;10" type="SOFT"/>
            <GA1 max="3" meetings="6,1;9,5;9,14;" min="2" penalty="1" slotGroups="" slots="22;10" type="SOFT"/>
            <GA1 max="1" meetings="6,9;11,6;15,14;" min="0" penalty="1" slotGroups="" slots="23" type="SOFT"/>
            <GA1 max="3" meetings="2,16;6,9;12,8;" min="2" penalty="1" slotGroups="" slots="21" type="SOFT"/>
            <GA1 max="1" meetings="11,15;" min="1" penalty="1" slotGroups="" slots="20;17;3;30" type="SOFT"/>
            <GA1 max="1" meetings="0,17;" min="1" penalty="1" slotGroups="" slots="18;29;23;11" type="SOFT"/>
        </GameConstraints>
        <BreakConstraints>
            <BR1 intp="1" mode1="LEQ" mode2="HA" penalty="1" slotGroups="" slots="13;26;1" teamGroups="" teams="14" type="HARD"/>
            <BR1 intp="1" mode1="LEQ" mode2="HA" penalty="1" slotGroups="" slots="22;1;15" teamGroups="" teams="14" type="HARD"/>
            <BR1 intp="1" mode1="LEQ" mode2="HA" penalty="1" slotGroups="" slots="25;1;15" teamGroups="" teams="16" type="HARD"/>
            <BR1 intp="1" mode1="LEQ" mode2="HA" penalty="1" slotGroups="" slots="19;5;26" teamGroups="" teams="10" type="HARD"/>
            <BR1 intp="0" mode1="LEQ" mode2="HA" penalty="1" slotGroups="" slots="31" teamGroups="" teams="14" type="HARD"/>
            <BR1 intp="1" mode1="LEQ" mode2="HA" penalty="1" slotGroups="" slots="18;26;1" teamGroups="" teams="10" type="HARD"/>
            <BR1 intp="1" mode1="LEQ" mode2="HA" penalty="1" slotGroups="" slots="30;4;10" teamGroups="" teams="1" type="HARD"/>
            <BR1 intp="2" mode1="LEQ" mode2="HA" penalty="1" slotGroups="" slots="18;5;26;31;2;4" teamGroups="" teams="17" type="HARD"/>
            <BR1 intp="1" mode1="LEQ" mode2="HA" penalty="1" slotGroups="" slots="19;20;30" teamGroups="" teams="13" type="HARD"/>
            <BR1 intp="2" mode1="LEQ" mode2="HA" penalty="1" slotGroups="" slots="9;17;26;11;30;16" teamGroups="" teams="13" type="HARD"/>
            <BR1 intp="0" mode1="LEQ" mode2="HA" penalty="1" slotGroups="" slots="3" teamGroups="" teams="2" type="HARD"/>
            <BR1 intp="0" mode1="LEQ" mode2="HA" penalty="1" slotGroups="" slots="7" teamGroups="" teams="16" type="HARD"/>
            <BR1 intp="1" mode1="LEQ" mode2="HA" penalty="1" slotGroups="" slots="19;23;11" teamGroups="" teams="12" type="HARD"/>
            <BR1 intp="1" mode1="LEQ" mode2="HA" penalty="1" slotGroups="" slots="31;28;15" teamGroups="" teams="12" type="HARD"/>
            <BR1 intp="0" mode1="LEQ" mode2="HA" penalty="1" slotGroups="" slots="26" teamGroups="" teams="6" type="HARD"/>
            <BR1 intp="2" mode1="LEQ" mode2="HA" penalty="1" slotGroups="" slots="7;17;24;14;26;30" teamGroups="" teams="12" type="HARD"/>
            <BR1 intp="0" mode1="LEQ" mode2="HA" penalty="1" slotGroups="" slots="26" teamGroups="" teams="7" type="HARD"/>
            <BR1 intp="0" mode1="LEQ" mode2="HA" penalty="1" slotGroups="" slots="32" teamGroups="" teams="1" type="HARD"/>
            <BR1 intp="2" mode1="LEQ" mode2="HA" penalty="1" slotGroups="" slots="18;24;14;6;22;25" teamGroups="" teams="17" type="HARD"/>
            <BR1 intp="2" mode1="LEQ" mode2="HA" penalty="1" slotGroups="" slots="0;5;24;25;11;4" teamGroups="" teams="6" type="HARD"/>
            <BR1 intp="0" mode1="LEQ" mode2="HA" penalty="1" slotGroups="" slots="22" teamGroups="" teams="11" type="HARD"/>
            <BR1 intp="1" mode1="LEQ" mode2="HA" penalty="1" slotGroups="" slots="0;14;6" teamGroups="" teams="11" type="HARD"/>
            <BR1 intp="1" mode1="LEQ" mode2="HA" penalty="1" slotGroups="" slots="6;21;1" teamGroups="" teams="8" type="HARD"/>
            <BR1 intp="1" mode1="LEQ" mode2="HA" penalty="1" slotGroups="" slots="5;1;28" teamGroups="" teams="11" type="HARD"/>
            <BR1 intp="0" mode1="LEQ" mode2="HA" penalty="1" slotGroups="" slots="19" teamGroups="" teams="1" type="HARD"/>
            <BR1 intp="1" mode1="LEQ" mode2="HA" penalty="1" slotGroups="" slots="1;27;4" teamGroups="" teams="15" type="HARD"/>
            <BR1 intp="1" mode1="LEQ" mode2="HA" penalty="1" slotGroups="" slots="24;32;31" teamGroups="" teams="5" type="HARD"/>
            <BR1 intp="0" mode1="LEQ" mode2="HA" penalty="1" slotGroups="" slots="18" teamGroups="" teams="17" type="HARD"/>
            <BR1 intp="0" mode1="LEQ" mode2="HA" penalty="1" slotGroups="" slots="17" teamGroups="" teams="5" type="HARD"/>
            <BR1 intp="1" mode1="LEQ" mode2="HA" penalty="1" slotGroups="" slots="18;3;30" teamGroups="" teams="14" type="HARD"/>
            <BR1 intp="0" mode1="LEQ" mode2="HA" penalty="1" slotGroups="" slots="5" teamGroups="" teams="6" type="HARD"/>
            <BR1 intp="2" mode1="LEQ" mode2="HA" penalty="1" slotGroups="" slots="18;5;7;21;2;30" teamGroups="" teams="4" type="HARD"/>
            <BR1 intp="2" mode1="LEQ" mode2="HA" penalty="1" slotGroups="" slots="17;29;23;32;2;27" teamGroups="" teams="17" type="HARD"/>
            <BR1 intp="1" mode1="LEQ" mode2="HA" penalty="1" slotGroups="" slots="12;0;1" teamGroups="" teams="14" type="HARD"/>
            <BR1 intp="0" mode1="LEQ" mode2="HA" penalty="1" slotGroups="" slots="2" teamGroups="" teams="8" type="HARD"/>
            <BR1 intp="2" mode1="LEQ" mode2="HA" penalty="1" slotGroups="" slots="12;3;29;33;21;11" teamGroups="" teams="17" type="HARD"/>
            <BR1 intp="2" mode1="LEQ" mode2="HA" penalty="1" slotGroups="" slots="29;33;25;11;27;15" teamGroups="" teams="1" type="HARD"/>
            <BR1 intp="1" mode1="LEQ" mode2="HA" penalty="1" slotGroups="" slots="3;29;21" teamGroups="" teams="12" type="HARD"/>
            <BR1 intp="2" mode1="LEQ" mode2="HA" penalty="1" slotGroups="" slots="9;5;29;22;21;16" teamGroups="" teams="8" type="HARD"/>
            <BR1 intp="1" mode1="LEQ" mode2="HA" penalty="1" slotGroups="" slots="23;32;4" teamGroups="" teams="6" type="HARD"/>
            <BR1 intp="0" mode1="LEQ" mode2="HA" penalty="5" slotGroups="" slots="6" teamGroups="" teams="2" type="SOFT"/>
            <BR1 intp="0" mode1="LEQ" mode2="HA" penalty="5" slotGroups="" slots="20" teamGroups="" teams="14" type="SOFT"/>
            <BR1 intp="2" mode1="LEQ" mode2="HA" penalty="5" slotGroups="" slots="20;14;33;32;31;15" teamGroups="" teams="9" type="SOFT"/>
            <BR1 intp="0" mode1="LEQ" mode2="HA" penalty="5" slotGroups="" slots="22" teamGroups="" teams="3" type="SOFT"/>
            <BR1 intp="0" mode1="LEQ" mode2="HA" penalty="5" slotGroups="" slots="5" teamGroups="" teams="12" type="SOFT"/>
            <BR1 intp="1" mode1="LEQ" mode2="HA" penalty="5" slotGroups="" slots="26;27;15" teamGroups="" teams="17" type="SOFT"/>
            <BR1 intp="2" mode1="LEQ" mode2="HA" penalty="5" slotGroups="" slots="19;3;29;6;11;4" teamGroups="" teams="5" type="SOFT"/>
            <BR1 intp="0" mode1="LEQ" mode2="HA" penalty="5" slotGroups="" slots="14" teamGroups="" teams="16" type="SOFT"/>
            <BR1 intp="2" mode1="LEQ" mode2="HA" penalty="5" slotGroups="" slots="12;5;20;17;3;21" teamGroups="" teams="0" type="SOFT"/>
            <BR1 intp="0" mode1="LEQ" mode2="HA" penalty="5" slotGroups="" slots="20" teamGroups="" teams="2" type="SOFT"/>
            <BR1 intp="1" mode1="LEQ" mode2="HA" penalty="5" slotGroups="" slots="5;3;32" teamGroups="" teams="11" type="SOFT"/>
            <BR1 intp="0" mode1="LEQ" mode2="HA" penalty="5" slotGroups="" slots="3" teamGroups="" teams="3" type="SOFT"/>
            <BR1 intp="2" mode1="LEQ" mode2="HA" penalty="5" slotGroups="" slots="0;5;14;25;8;27" teamGroups="" teams="9" type="SOFT"/>
            <BR1 intp="1" mode1="LEQ" mode2="HA" penalty="5" slotGroups="" slots="33;23;25" teamGroups="" teams="15" type="SOFT"/>
            <BR1 intp="1" mode1="LEQ" mode2="HA" penalty="5" slotGroups="" slots="33;30;15" teamGroups="" teams="13" type="SOFT"/>
            <BR1 intp="0" mode1="LEQ" mode2="HA" penalty="5" slotGroups="" slots="21" teamGroups="" teams="17" type="SOFT"/>
            <BR1 intp="1" mode1="LEQ" mode2="HA" penalty="5" slotGroups="" slots="24;33;30" teamGroups="" teams="14" type="SOFT"/>
            <BR1 intp="0" mode1="LEQ" mode2="HA" penalty="5" slotGroups="" slots="9" teamGroups="" teams="8" type="SOFT"/>
            <BR1 intp="1" mode1="LEQ" mode2="HA" penalty="5" slotGroups="" slots="8;2;30" teamGroups="" teams="6" type="SOFT"/>
            <BR1 intp="1" mode1="LEQ" mode2="HA" penalty="5" slotGroups="" slots="5;30;15" teamGroups="" teams="1" type="SOFT"/>
            <BR2 intp="16" homeMode="HA" mode2="LEQ" penalty="10" slotGroups="" slots="12;9;19;0;18;5;20;7;17;3;24;14;29;6;22;33;23;32;25;13;8;21;26;11;31;2;1;28;30;16;27;15;4;10" teamGroups="" teams="9;8;17;1;2;6;10;0;12;13;5;15;4;16;11;7;14;3" type="SOFT"/>
        </BreakConstraints>
        <FairnessConstraints>
            <FA2 intp="2" mode="H" penalty="10" slotGroups="" slots="12;9;19;0;18;5;20;7;17;3;24;14;29;6;22;33;23;32;25;13;8;21;26;11;31;2;1;28;30;16;27;15;4;10" teamGroups="" teams="9;8;17;1;2;6;10;0;12;13;5;15;4;16;11;7;14;3" type="SOFT"/>
        </FairnessConstraints>
        <SeparationConstraints/>
    </Constraints>
</Instance>
