<?xml version="1.0" encoding="UTF-8"?>
<Instance>
    <MetaData>
        <InstanceName>Late 11</InstanceName>
        <DataType>A</DataType>
        <Contributor>ITC2021</Contributor>
	<Date year="2021" month="4"/>
    </MetaData>
    <Structure>
        <Format leagueIds="0">
            <numberRoundRobin>2</numberRoundRobin>
            <compactness>C</compactness>
            <gameMode>P</gameMode>
        </Format>
        <AdditionalGames/>
    </Structure>
    <ObjectiveFunction>
        <Objective>SC</Objective>
    </ObjectiveFunction>
    <Data>
        <Distances/>
        <COEWeights/>
        <Costs/>
    </Data>
    <Resources>
        <LeagueGroups/>
        <Leagues>
            <league id="0" leagueGroups="" name="League 0"/>
        </Leagues>
        <TeamGroups/>
        <Teams>
            <team id="0" league="0" name="Team 0" teamGroups=""/>
            <team id="1" league="0" name="Team 1" teamGroups=""/>
            <team id="2" league="0" name="Team 2" teamGroups=""/>
            <team id="3" league="0" name="Team 3" teamGroups=""/>
            <team id="4" league="0" name="Team 4" teamGroups=""/>
            <team id="5" league="0" name="Team 5" teamGroups=""/>
            <team id="6" league="0" name="Team 6" teamGroups=""/>
            <team id="7" league="0" name="Team 7" teamGroups=""/>
            <team id="8" league="0" name="Team 8" teamGroups=""/>
            <team id="9" league="0" name="Team 9" teamGroups=""/>
            <team id="10" league="0" name="Team 10" teamGroups=""/>
            <team id="11" league="0" name="Team 11" teamGroups=""/>
            <team id="12" league="0" name="Team 12" teamGroups=""/>
            <team id="13" league="0" name="Team 13" teamGroups=""/>
            <team id="14" league="0" name="Team 14" teamGroups=""/>
            <team id="15" league="0" name="Team 15" teamGroups=""/>
            <team id="16" league="0" name="Team 16" teamGroups=""/>
            <team id="17" league="0" name="Team 17" teamGroups=""/>
            <team id="18" league="0" name="Team 18" teamGroups=""/>
            <team id="19" league="0" name="Team 19" teamGroups=""/>
        </Teams>
        <SlotGroups/>
        <Slots>
            <slot id="0" name="Slot 0" slotGroup=""/>
            <slot id="1" name="Slot 1" slotGroup=""/>
            <slot id="2" name="Slot 2" slotGroup=""/>
            <slot id="3" name="Slot 3" slotGroup=""/>
            <slot id="4" name="Slot 4" slotGroup=""/>
            <slot id="5" name="Slot 5" slotGroup=""/>
            <slot id="6" name="Slot 6" slotGroup=""/>
            <slot id="7" name="Slot 7" slotGroup=""/>
            <slot id="8" name="Slot 8" slotGroup=""/>
            <slot id="9" name="Slot 9" slotGroup=""/>
            <slot id="10" name="Slot 10" slotGroup=""/>
            <slot id="11" name="Slot 11" slotGroup=""/>
            <slot id="12" name="Slot 12" slotGroup=""/>
            <slot id="13" name="Slot 13" slotGroup=""/>
            <slot id="14" name="Slot 14" slotGroup=""/>
            <slot id="15" name="Slot 15" slotGroup=""/>
            <slot id="16" name="Slot 16" slotGroup=""/>
            <slot id="17" name="Slot 17" slotGroup=""/>
            <slot id="18" name="Slot 18" slotGroup=""/>
            <slot id="19" name="Slot 19" slotGroup=""/>
            <slot id="20" name="Slot 20" slotGroup=""/>
            <slot id="21" name="Slot 21" slotGroup=""/>
            <slot id="22" name="Slot 22" slotGroup=""/>
            <slot id="23" name="Slot 23" slotGroup=""/>
            <slot id="24" name="Slot 24" slotGroup=""/>
            <slot id="25" name="Slot 25" slotGroup=""/>
            <slot id="26" name="Slot 26" slotGroup=""/>
            <slot id="27" name="Slot 27" slotGroup=""/>
            <slot id="28" name="Slot 28" slotGroup=""/>
            <slot id="29" name="Slot 29" slotGroup=""/>
            <slot id="30" name="Slot 30" slotGroup=""/>
            <slot id="31" name="Slot 31" slotGroup=""/>
            <slot id="32" name="Slot 32" slotGroup=""/>
            <slot id="33" name="Slot 33" slotGroup=""/>
            <slot id="34" name="Slot 34" slotGroup=""/>
            <slot id="35" name="Slot 35" slotGroup=""/>
            <slot id="36" name="Slot 36" slotGroup=""/>
            <slot id="37" name="Slot 37" slotGroup=""/>
        </Slots>
    </Resources>
    <Constraints>
        <BasicConstraints/>
        <CapacityConstraints>
            <CA1 max="0" min="0" mode="H" penalty="1" slotGroups="" slots="24" teamGroups="" teams="9" type="HARD"/>
            <CA1 max="0" min="0" mode="H" penalty="1" slotGroups="" slots="2" teamGroups="" teams="13" type="HARD"/>
            <CA1 max="0" min="0" mode="A" penalty="1" slotGroups="" slots="13" teamGroups="" teams="4" type="HARD"/>
            <CA1 max="1" min="0" mode="H" penalty="1" slotGroups="" slots="33;35" teamGroups="" teams="12" type="HARD"/>
            <CA1 max="0" min="0" mode="H" penalty="1" slotGroups="" slots="8" teamGroups="" teams="2" type="HARD"/>
            <CA1 max="1" min="0" mode="H" penalty="1" slotGroups="" slots="31;18" teamGroups="" teams="6" type="HARD"/>
            <CA2 max="1" min="0" mode1="HA" mode2="GLOBAL" penalty="1" slotGroups="" slots="12;27;22;33;30" teamGroups1="" teamGroups2="" teams1="15" teams2="11;3;1;16;6" type="HARD"/>
            <CA2 max="1" min="0" mode1="HA" mode2="GLOBAL" penalty="1" slotGroups="" slots="23;10;18;35" teamGroups1="" teamGroups2="" teams1="18" teams2="19;13;2;4" type="HARD"/>
            <CA2 max="0" min="0" mode1="A" mode2="GLOBAL" penalty="1" slotGroups="" slots="21" teamGroups1="" teamGroups2="" teams1="18" teams2="3" type="HARD"/>
            <CA2 max="0" min="0" mode1="H" mode2="GLOBAL" penalty="1" slotGroups="" slots="23" teamGroups1="" teamGroups2="" teams1="4" teams2="10" type="HARD"/>
            <CA2 max="0" min="0" mode1="H" mode2="GLOBAL" penalty="1" slotGroups="" slots="22" teamGroups1="" teamGroups2="" teams1="9" teams2="10" type="HARD"/>
            <CA2 max="0" min="0" mode1="H" mode2="GLOBAL" penalty="1" slotGroups="" slots="0" teamGroups1="" teamGroups2="" teams1="11" teams2="8" type="HARD"/>
            <CA2 max="0" min="0" mode1="A" mode2="GLOBAL" penalty="1" slotGroups="" slots="17" teamGroups1="" teamGroups2="" teams1="15" teams2="13" type="HARD"/>
            <CA2 max="0" min="0" mode1="A" mode2="GLOBAL" penalty="1" slotGroups="" slots="33" teamGroups1="" teamGroups2="" teams1="6" teams2="12" type="HARD"/>
            <CA2 max="0" min="0" mode1="H" mode2="GLOBAL" penalty="1" slotGroups="" slots="23" teamGroups1="" teamGroups2="" teams1="5" teams2="19" type="HARD"/>
            <CA2 max="1" min="0" mode1="HA" mode2="GLOBAL" penalty="1" slotGroups="" slots="27;7;6;33;19" teamGroups1="" teamGroups2="" teams1="17" teams2="0;8;18;16;5" type="HARD"/>
            <CA2 max="0" min="0" mode1="A" mode2="GLOBAL" penalty="1" slotGroups="" slots="19" teamGroups1="" teamGroups2="" teams1="4" teams2="9" type="HARD"/>
            <CA2 max="0" min="0" mode1="H" mode2="GLOBAL" penalty="1" slotGroups="" slots="22" teamGroups1="" teamGroups2="" teams1="8" teams2="0" type="HARD"/>
            <CA2 max="0" min="0" mode1="A" mode2="GLOBAL" penalty="1" slotGroups="" slots="35" teamGroups1="" teamGroups2="" teams1="0" teams2="15" type="HARD"/>
            <CA2 max="2" min="0" mode1="HA" mode2="GLOBAL" penalty="1" slotGroups="" slots="20;6;22;33;21;1" teamGroups1="" teamGroups2="" teams1="13" teams2="19;7;3;8;14;15" type="HARD"/>
            <CA2 max="0" min="0" mode1="A" mode2="GLOBAL" penalty="1" slotGroups="" slots="11" teamGroups1="" teamGroups2="" teams1="15" teams2="13" type="HARD"/>
            <CA2 max="0" min="0" mode1="A" mode2="GLOBAL" penalty="1" slotGroups="" slots="27" teamGroups1="" teamGroups2="" teams1="18" teams2="12" type="HARD"/>
            <CA2 max="2" min="0" mode1="H" mode2="GLOBAL" penalty="5" slotGroups="" slots="12;0;25;23;21;26" teamGroups1="" teamGroups2="" teams1="16" teams2="11;0;3;8;14;4" type="SOFT"/>
            <CA2 max="3" min="0" mode1="A" mode2="GLOBAL" penalty="5" slotGroups="" slots="27;20;25;32;33;19;9;2" teamGroups1="" teamGroups2="" teams1="9" teams2="11;10;8;14;6;13;5;4" type="SOFT"/>
            <CA2 max="2" min="0" mode1="A" mode2="GLOBAL" penalty="5" slotGroups="" slots="25;11;13;3;31;18;26" teamGroups1="" teamGroups2="" teams1="2" teams2="10;7;8;14;17;16;5" type="SOFT"/>
            <CA2 max="1" min="0" mode1="HA" mode2="GLOBAL" penalty="5" slotGroups="" slots="7;24;14;22;10;21;15" teamGroups1="" teamGroups2="" teams1="4" teams2="10;19;12;15;17;9;13" type="SOFT"/>
            <CA2 max="1" min="0" mode1="HA" mode2="GLOBAL" penalty="5" slotGroups="" slots="17;0;34;3;19;30" teamGroups1="" teamGroups2="" teams1="2" teams2="7;0;12;9;16;6" type="SOFT"/>
            <CA2 max="1" min="0" mode1="HA" mode2="GLOBAL" penalty="5" slotGroups="" slots="17;34;25;32;15;36;26" teamGroups1="" teamGroups2="" teams1="17" teams2="0;3;1;8;12;15;18" type="SOFT"/>
            <CA2 max="1" min="0" mode1="HA" mode2="GLOBAL" penalty="5" slotGroups="" slots="12;0;7;25;6;3;4" teamGroups1="" teamGroups2="" teams1="16" teams2="7;3;12;14;15;17;5" type="SOFT"/>
            <CA2 max="2" min="0" mode1="A" mode2="GLOBAL" penalty="5" slotGroups="" slots="34;7;25;24;14;26" teamGroups1="" teamGroups2="" teams1="4" teams2="7;0;3;17;9;6" type="SOFT"/>
            <CA2 max="2" min="0" mode1="H" mode2="GLOBAL" penalty="5" slotGroups="" slots="34;25;6;31;30;1;26" teamGroups1="" teamGroups2="" teams1="15" teams2="19;8;12;17;6;5;4" type="SOFT"/>
            <CA2 max="2" min="0" mode1="H" mode2="GLOBAL" penalty="5" slotGroups="" slots="14;13;10;31;9;35" teamGroups1="" teamGroups2="" teams1="5" teams2="10;19;7;8;9;13" type="SOFT"/>
            <CA2 max="3" min="0" mode1="H" mode2="GLOBAL" penalty="5" slotGroups="" slots="12;27;20;11;22;3;9;1" teamGroups1="" teamGroups2="" teams1="9" teams2="3;12;14;15;16;6;13;5" type="SOFT"/>
            <CA2 max="2" min="0" mode1="A" mode2="GLOBAL" penalty="5" slotGroups="" slots="34;5;13;19;9;37" teamGroups1="" teamGroups2="" teams1="13" teams2="10;19;12;14;18;9" type="SOFT"/>
            <CA2 max="2" min="0" mode1="H" mode2="GLOBAL" penalty="5" slotGroups="" slots="7;11;6;30;16;36;37" teamGroups1="" teamGroups2="" teams1="18" teams2="7;3;8;14;9;16;6" type="SOFT"/>
            <CA2 max="1" min="0" mode1="HA" mode2="GLOBAL" penalty="5" slotGroups="" slots="12;7;22;33;21;19;18" teamGroups1="" teamGroups2="" teams1="14" teams2="3;8;12;15;18;16;6" type="SOFT"/>
            <CA2 max="2" min="0" mode1="A" mode2="GLOBAL" penalty="5" slotGroups="" slots="5;20;32;2;16;1" teamGroups1="" teamGroups2="" teams1="17" teams2="19;0;8;14;9;6" type="SOFT"/>
            <CA2 max="1" min="0" mode1="HA" mode2="GLOBAL" penalty="5" slotGroups="" slots="34;20;14;23;19;9" teamGroups1="" teamGroups2="" teams1="15" teams2="1;8;12;13;5;2" type="SOFT"/>
            <CA2 max="1" min="0" mode1="HA" mode2="GLOBAL" penalty="5" slotGroups="" slots="5;14;32;8;21;15;4" teamGroups1="" teamGroups2="" teams1="12" teams2="11;7;14;15;17;6;2" type="SOFT"/>
            <CA2 max="2" min="0" mode1="A" mode2="GLOBAL" penalty="5" slotGroups="" slots="27;25;22;19;28;36" teamGroups1="" teamGroups2="" teams1="12" teams2="10;19;15;18;16;4" type="SOFT"/>
            <CA2 max="2" min="0" mode1="A" mode2="GLOBAL" penalty="5" slotGroups="" slots="27;11;24;6;23;26;37" teamGroups1="" teamGroups2="" teams1="14" teams2="19;0;1;15;17;9;2" type="SOFT"/>
            <CA2 max="1" min="0" mode1="HA" mode2="GLOBAL" penalty="5" slotGroups="" slots="20;6;22;9;30;4" teamGroups1="" teamGroups2="" teams1="6" teams2="10;3;1;8;12;16" type="SOFT"/>
            <CA2 max="1" min="0" mode1="HA" mode2="GLOBAL" penalty="5" slotGroups="" slots="34;29;22;16;35;1;36" teamGroups1="" teamGroups2="" teams1="12" teams2="11;10;0;3;14;9;13" type="SOFT"/>
            <CA2 max="1" min="0" mode1="HA" mode2="GLOBAL" penalty="5" slotGroups="" slots="22;23;13;8;26;37" teamGroups1="" teamGroups2="" teams1="4" teams2="19;8;18;9;16;2" type="SOFT"/>
            <CA2 max="1" min="0" mode1="HA" mode2="GLOBAL" penalty="5" slotGroups="" slots="12;10;28;2;35;4" teamGroups1="" teamGroups2="" teams1="2" teams2="10;19;7;3;14;17" type="SOFT"/>
            <CA2 max="3" min="0" mode1="A" mode2="GLOBAL" penalty="5" slotGroups="" slots="12;27;34;11;13;30;26;37" teamGroups1="" teamGroups2="" teams1="3" teams2="7;8;15;17;18;13;5;2" type="SOFT"/>
            <CA2 max="1" min="0" mode1="HA" mode2="GLOBAL" penalty="5" slotGroups="" slots="27;0;5;19;31;18;9" teamGroups1="" teamGroups2="" teams1="2" teams2="7;0;3;1;15;17;18" type="SOFT"/>
            <CA2 max="2" min="0" mode1="A" mode2="GLOBAL" penalty="5" slotGroups="" slots="12;11;10;30;36;37" teamGroups1="" teamGroups2="" teams1="10" teams2="7;0;12;14;5;2" type="SOFT"/>
            <CA2 max="1" min="0" mode1="HA" mode2="GLOBAL" penalty="5" slotGroups="" slots="27;0;13;10;8;26;37" teamGroups1="" teamGroups2="" teams1="6" teams2="7;3;12;15;16;13;2" type="SOFT"/>
            <CA2 max="1" min="0" mode1="HA" mode2="GLOBAL" penalty="5" slotGroups="" slots="34;7;14;29;21;19;15" teamGroups1="" teamGroups2="" teams1="3" teams2="1;8;12;15;17;18;6" type="SOFT"/>
            <CA2 max="2" min="0" mode1="H" mode2="GLOBAL" penalty="5" slotGroups="" slots="5;7;22;23;8;19;31" teamGroups1="" teamGroups2="" teams1="16" teams2="11;0;3;6;5;2;4" type="SOFT"/>
            <CA2 max="3" min="0" mode1="H" mode2="GLOBAL" penalty="5" slotGroups="" slots="12;27;6;10;21;18;16;1" teamGroups1="" teamGroups2="" teams1="10" teams2="19;7;1;15;18;9;16;13" type="SOFT"/>
            <CA2 max="1" min="0" mode1="HA" mode2="GLOBAL" penalty="5" slotGroups="" slots="34;11;23;32;10;4" teamGroups1="" teamGroups2="" teams1="19" teams2="0;1;12;18;16;13" type="SOFT"/>
            <CA2 max="3" min="0" mode1="A" mode2="GLOBAL" penalty="5" slotGroups="" slots="27;20;3;21;19;31;4;26" teamGroups1="" teamGroups2="" teams1="19" teams2="10;14;15;18;9;16;13;5" type="SOFT"/>
            <CA2 max="2" min="0" mode1="H" mode2="GLOBAL" penalty="5" slotGroups="" slots="20;11;29;3;8;9;30" teamGroups1="" teamGroups2="" teams1="17" teams2="19;1;15;18;13;2;4" type="SOFT"/>
            <CA2 max="2" min="0" mode1="A" mode2="GLOBAL" penalty="5" slotGroups="" slots="25;13;21;28;16;4" teamGroups1="" teamGroups2="" teams1="19" teams2="10;3;12;9;16;13" type="SOFT"/>
            <CA2 max="2" min="0" mode1="A" mode2="GLOBAL" penalty="5" slotGroups="" slots="17;0;14;22;3;2;16" teamGroups1="" teamGroups2="" teams1="2" teams2="10;1;12;17;18;6;13" type="SOFT"/>
            <CA2 max="1" min="0" mode1="HA" mode2="GLOBAL" penalty="5" slotGroups="" slots="12;0;20;29;32;10;35" teamGroups1="" teamGroups2="" teams1="7" teams2="1;8;14;15;17;6;2" type="SOFT"/>
            <CA2 max="2" min="0" mode1="H" mode2="GLOBAL" penalty="5" slotGroups="" slots="17;5;6;22;23;10;21" teamGroups1="" teamGroups2="" teams1="18" teams2="11;0;1;15;17;13;5" type="SOFT"/>
            <CA2 max="2" min="0" mode1="A" mode2="GLOBAL" penalty="5" slotGroups="" slots="34;20;6;3;28;35" teamGroups1="" teamGroups2="" teams1="18" teams2="10;19;8;9;5;2" type="SOFT"/>
            <CA2 max="2" min="0" mode1="H" mode2="GLOBAL" penalty="5" slotGroups="" slots="34;7;6;21;2;15" teamGroups1="" teamGroups2="" teams1="15" teams2="3;12;14;9;13;5" type="SOFT"/>
            <CA2 max="1" min="0" mode1="HA" mode2="GLOBAL" penalty="5" slotGroups="" slots="27;22;32;13;10;21;28" teamGroups1="" teamGroups2="" teams1="6" teams2="19;0;3;1;8;16;13" type="SOFT"/>
            <CA2 max="3" min="0" mode1="A" mode2="GLOBAL" penalty="5" slotGroups="" slots="0;6;23;13;21;16;35;4" teamGroups1="" teamGroups2="" teams1="10" teams2="7;0;12;17;18;9;13;2" type="SOFT"/>
            <CA2 max="2" min="0" mode1="H" mode2="GLOBAL" penalty="5" slotGroups="" slots="27;20;14;29;33;10;21" teamGroups1="" teamGroups2="" teams1="9" teams2="11;7;8;15;18;16;5" type="SOFT"/>
            <CA2 max="3" min="0" mode1="A" mode2="GLOBAL" penalty="5" slotGroups="" slots="25;33;10;19;9;2;1;37" teamGroups1="" teamGroups2="" teams1="16" teams2="19;7;3;12;14;15;9;4" type="SOFT"/>
            <CA2 max="2" min="0" mode1="H" mode2="GLOBAL" penalty="5" slotGroups="" slots="34;32;13;21;19;31" teamGroups1="" teamGroups2="" teams1="11" teams2="0;1;12;17;18;13" type="SOFT"/>
            <CA2 max="1" min="0" mode1="HA" mode2="GLOBAL" penalty="5" slotGroups="" slots="34;24;10;3;9;2;26" teamGroups1="" teamGroups2="" teams1="8" teams2="19;0;3;1;14;16;2" type="SOFT"/>
            <CA2 max="1" min="0" mode1="HA" mode2="GLOBAL" penalty="5" slotGroups="" slots="12;20;22;13;4;37" teamGroups1="" teamGroups2="" teams1="7" teams2="11;9;13;5;2;4" type="SOFT"/>
            <CA2 max="2" min="0" mode1="H" mode2="GLOBAL" penalty="5" slotGroups="" slots="34;7;25;14;22;13;18" teamGroups1="" teamGroups2="" teams1="4" teams2="19;7;12;16;6;13;2" type="SOFT"/>
            <CA2 max="2" min="0" mode1="HA" mode2="GLOBAL" penalty="5" slotGroups="" slots="17;0;7;25;23;19;30;1" teamGroups1="" teamGroups2="" teams1="0" teams2="11;10;19;12;14;9;5;4" type="SOFT"/>
            <CA2 max="3" min="0" mode1="H" mode2="GLOBAL" penalty="5" slotGroups="" slots="25;24;13;3;19;2;4;26" teamGroups1="" teamGroups2="" teams1="8" teams2="7;0;3;1;15;17;6;4" type="SOFT"/>
            <CA2 max="1" min="0" mode1="HA" mode2="GLOBAL" penalty="5" slotGroups="" slots="11;14;3;21;31;16;15" teamGroups1="" teamGroups2="" teams1="5" teams2="7;3;14;17;9;16;6" type="SOFT"/>
            <CA2 max="2" min="0" mode1="A" mode2="GLOBAL" penalty="5" slotGroups="" slots="27;25;24;21;9;35" teamGroups1="" teamGroups2="" teams1="12" teams2="11;19;1;14;9;13" type="SOFT"/>
            <CA2 max="1" min="0" mode1="HA" mode2="GLOBAL" penalty="5" slotGroups="" slots="5;31;9;2;30;36" teamGroups1="" teamGroups2="" teams1="6" teams2="11;19;0;12;9;2" type="SOFT"/>
            <CA2 max="2" min="0" mode1="A" mode2="GLOBAL" penalty="5" slotGroups="" slots="12;8;31;28;2;35;36" teamGroups1="" teamGroups2="" teams1="0" teams2="11;14;15;9;16;6;4" type="SOFT"/>
            <CA2 max="2" min="0" mode1="HA" mode2="GLOBAL" penalty="5" slotGroups="" slots="12;5;25;24;10;19;18;35" teamGroups1="" teamGroups2="" teams1="2" teams2="11;3;8;12;14;17;18;16" type="SOFT"/>
            <CA2 max="1" min="0" mode1="HA" mode2="GLOBAL" penalty="5" slotGroups="" slots="25;11;19;2;30;4" teamGroups1="" teamGroups2="" teams1="10" teams2="8;15;9;16;13;2" type="SOFT"/>
            <CA2 max="2" min="0" mode1="A" mode2="GLOBAL" penalty="5" slotGroups="" slots="17;27;25;24;4;26" teamGroups1="" teamGroups2="" teams1="11" teams2="0;3;14;17;18;2" type="SOFT"/>
            <CA2 max="2" min="0" mode1="A" mode2="GLOBAL" penalty="5" slotGroups="" slots="0;20;7;11;3;21;28" teamGroups1="" teamGroups2="" teams1="7" teams2="10;19;8;14;15;17;16" type="SOFT"/>
            <CA2 max="1" min="0" mode1="HA" mode2="GLOBAL" penalty="5" slotGroups="" slots="17;6;32;19;2;35" teamGroups1="" teamGroups2="" teams1="19" teams2="0;14;17;18;6;5" type="SOFT"/>
            <CA2 max="1" min="0" mode1="HA" mode2="GLOBAL" penalty="5" slotGroups="" slots="7;6;21;9;16;35;36" teamGroups1="" teamGroups2="" teams1="8" teams2="19;0;3;12;17;5;2" type="SOFT"/>
            <CA2 max="2" min="0" mode1="A" mode2="GLOBAL" penalty="5" slotGroups="" slots="5;11;22;10;31;9" teamGroups1="" teamGroups2="" teams1="0" teams2="19;3;15;6;5;4" type="SOFT"/>
            <CA2 max="3" min="0" mode1="H" mode2="GLOBAL" penalty="5" slotGroups="" slots="34;20;33;10;8;19;31;16" teamGroups1="" teamGroups2="" teams1="7" teams2="19;0;3;1;12;15;5;2" type="SOFT"/>
            <CA2 max="3" min="0" mode1="A" mode2="GLOBAL" penalty="5" slotGroups="" slots="12;17;27;6;23;3;9;37" teamGroups1="" teamGroups2="" teams1="7" teams2="11;10;0;1;8;14;17;16" type="SOFT"/>
            <CA2 max="2" min="0" mode1="H" mode2="GLOBAL" penalty="5" slotGroups="" slots="5;25;29;13;3;16;26" teamGroups1="" teamGroups2="" teams1="10" teams2="7;8;12;15;9;16;6" type="SOFT"/>
            <CA2 max="2" min="0" mode1="A" mode2="GLOBAL" penalty="5" slotGroups="" slots="34;7;14;8;2;30" teamGroups1="" teamGroups2="" teams1="10" teams2="11;7;3;15;17;6" type="SOFT"/>
            <CA2 max="2" min="0" mode1="H" mode2="GLOBAL" penalty="5" slotGroups="" slots="25;11;8;2;1;36" teamGroups1="" teamGroups2="" teams1="16" teams2="19;7;8;9;13;4" type="SOFT"/>
            <CA2 max="2" min="0" mode1="H" mode2="GLOBAL" penalty="5" slotGroups="" slots="17;27;14;23;33;19;16" teamGroups1="" teamGroups2="" teams1="5" teams2="11;10;7;0;3;9;6" type="SOFT"/>
            <CA2 max="2" min="0" mode1="A" mode2="GLOBAL" penalty="5" slotGroups="" slots="34;11;29;36;26;37" teamGroups1="" teamGroups2="" teams1="0" teams2="19;3;12;15;9;2" type="SOFT"/>
            <CA2 max="1" min="0" mode1="HA" mode2="GLOBAL" penalty="5" slotGroups="" slots="5;25;11;6;31;28;30" teamGroups1="" teamGroups2="" teams1="5" teams2="11;3;1;14;17;6;13" type="SOFT"/>
            <CA2 max="1" min="0" mode1="HA" mode2="GLOBAL" penalty="5" slotGroups="" slots="27;5;9;2;15;36;26" teamGroups1="" teamGroups2="" teams1="11" teams2="3;14;15;16;5;2;4" type="SOFT"/>
            <CA2 max="3" min="0" mode1="A" mode2="GLOBAL" penalty="5" slotGroups="" slots="34;5;20;32;21;19;9;1" teamGroups1="" teamGroups2="" teams1="12" teams2="10;19;0;8;15;17;16;2" type="SOFT"/>
            <CA2 max="2" min="0" mode1="H" mode2="GLOBAL" penalty="5" slotGroups="" slots="20;25;11;33;9;1;36" teamGroups1="" teamGroups2="" teams1="17" teams2="19;7;3;1;14;5;4" type="SOFT"/>
            <CA2 max="3" min="0" mode1="A" mode2="GLOBAL" penalty="5" slotGroups="" slots="12;20;11;14;3;16;4;36" teamGroups1="" teamGroups2="" teams1="0" teams2="7;3;12;17;18;9;16;5" type="SOFT"/>
            <CA2 max="3" min="0" mode1="H" mode2="GLOBAL" penalty="5" slotGroups="" slots="24;22;23;33;10;8;19;35" teamGroups1="" teamGroups2="" teams1="14" teams2="10;0;3;1;12;15;16;13" type="SOFT"/>
            <CA2 max="2" min="0" mode1="HA" mode2="GLOBAL" penalty="5" slotGroups="" slots="20;7;29;18;2;35;15;26" teamGroups1="" teamGroups2="" teams1="9" teams2="11;19;7;3;17;6;13;2" type="SOFT"/>
            <CA2 max="2" min="0" mode1="H" mode2="GLOBAL" penalty="5" slotGroups="" slots="20;22;33;19;9;28;26" teamGroups1="" teamGroups2="" teams1="1" teams2="10;12;18;16;13;2;4" type="SOFT"/>
            <CA2 max="1" min="0" mode1="HA" mode2="GLOBAL" penalty="5" slotGroups="" slots="27;5;20;18;16;1;37" teamGroups1="" teamGroups2="" teams1="19" teams2="12;14;17;18;16;6;2" type="SOFT"/>
            <CA2 max="1" min="0" mode1="HA" mode2="GLOBAL" penalty="5" slotGroups="" slots="20;7;22;23;13;8" teamGroups1="" teamGroups2="" teams1="11" teams2="10;8;12;17;2;4" type="SOFT"/>
            <CA2 max="1" min="0" mode1="HA" mode2="GLOBAL" penalty="5" slotGroups="" slots="11;19;31;9;28;30" teamGroups1="" teamGroups2="" teams1="11" teams2="10;7;0;17;9;13" type="SOFT"/>
            <CA2 max="2" min="0" mode1="A" mode2="GLOBAL" penalty="5" slotGroups="" slots="34;5;20;29;33;8;21" teamGroups1="" teamGroups2="" teams1="15" teams2="11;10;0;1;8;17;2" type="SOFT"/>
            <CA2 max="3" min="0" mode1="A" mode2="GLOBAL" penalty="5" slotGroups="" slots="24;32;3;19;9;28;4;37" teamGroups1="" teamGroups2="" teams1="1" teams2="10;7;8;18;9;16;13;2" type="SOFT"/>
            <CA2 max="3" min="0" mode1="H" mode2="GLOBAL" penalty="5" slotGroups="" slots="0;34;24;22;19;9;2;1" teamGroups1="" teamGroups2="" teams1="4" teams2="19;0;8;14;15;17;9;16" type="SOFT"/>
            <CA2 max="1" min="0" mode1="HA" mode2="GLOBAL" penalty="5" slotGroups="" slots="24;14;13;10;36;37" teamGroups1="" teamGroups2="" teams1="13" teams2="11;19;0;8;9;16" type="SOFT"/>
            <CA2 max="1" min="0" mode1="HA" mode2="GLOBAL" penalty="5" slotGroups="" slots="7;14;29;23;19;2" teamGroups1="" teamGroups2="" teams1="18" teams2="3;8;14;15;17;2" type="SOFT"/>
            <CA2 max="2" min="0" mode1="H" mode2="GLOBAL" penalty="5" slotGroups="" slots="27;25;11;14;29;32;2" teamGroups1="" teamGroups2="" teams1="3" teams2="11;19;0;12;6;13;5" type="SOFT"/>
            <CA2 max="2" min="0" mode1="HA" mode2="GLOBAL" penalty="5" slotGroups="" slots="27;24;29;22;3;21;31;26" teamGroups1="" teamGroups2="" teams1="17" teams2="11;3;1;8;18;6;5;4" type="SOFT"/>
            <CA2 max="1" min="0" mode1="HA" mode2="GLOBAL" penalty="5" slotGroups="" slots="11;8;21;2;16;15" teamGroups1="" teamGroups2="" teams1="14" teams2="11;10;7;0;1;18" type="SOFT"/>
            <CA2 max="2" min="0" mode1="A" mode2="GLOBAL" penalty="5" slotGroups="" slots="22;3;21;16;1;4" teamGroups1="" teamGroups2="" teams1="16" teams2="0;3;12;6;13;2" type="SOFT"/>
            <CA2 max="2" min="0" mode1="A" mode2="GLOBAL" penalty="5" slotGroups="" slots="0;5;14;23;3;19" teamGroups1="" teamGroups2="" teams1="8" teams2="10;19;7;1;17;2" type="SOFT"/>
            <CA2 max="2" min="0" mode1="A" mode2="GLOBAL" penalty="5" slotGroups="" slots="0;34;5;32;33;15;26" teamGroups1="" teamGroups2="" teams1="17" teams2="7;12;14;15;18;5;2" type="SOFT"/>
            <CA2 max="1" min="0" mode1="HA" mode2="GLOBAL" penalty="5" slotGroups="" slots="12;17;24;29;21;2;36" teamGroups1="" teamGroups2="" teams1="13" teams2="0;8;12;9;6;5;4" type="SOFT"/>
            <CA2 max="2" min="0" mode1="HA" mode2="GLOBAL" penalty="5" slotGroups="" slots="27;5;7;32;33;10;19;31" teamGroups1="" teamGroups2="" teams1="1" teams2="7;0;8;14;15;16;2;4" type="SOFT"/>
            <CA2 max="2" min="0" mode1="H" mode2="GLOBAL" penalty="5" slotGroups="" slots="27;20;10;9;28;16;36" teamGroups1="" teamGroups2="" teams1="2" teams2="19;3;1;8;18;16;5" type="SOFT"/>
            <CA2 max="3" min="0" mode1="A" mode2="GLOBAL" penalty="5" slotGroups="" slots="34;11;29;23;3;21;2;15" teamGroups1="" teamGroups2="" teams1="19" teams2="11;7;0;8;12;18;16;13" type="SOFT"/>
            <CA2 max="2" min="0" mode1="HA" mode2="GLOBAL" penalty="5" slotGroups="" slots="34;11;14;29;33;10;9;4" teamGroups1="" teamGroups2="" teams1="10" teams2="19;0;1;14;9;13;2;4" type="SOFT"/>
            <CA2 max="3" min="0" mode1="H" mode2="GLOBAL" penalty="5" slotGroups="" slots="34;5;20;24;19;9;26;37" teamGroups1="" teamGroups2="" teams1="17" teams2="11;1;8;12;16;6;5;4" type="SOFT"/>
            <CA2 max="3" min="0" mode1="H" mode2="GLOBAL" penalty="5" slotGroups="" slots="7;24;29;32;10;18;16;35" teamGroups1="" teamGroups2="" teams1="6" teams2="11;10;7;0;3;15;17;5" type="SOFT"/>
            <CA2 max="2" min="0" mode1="H" mode2="GLOBAL" penalty="5" slotGroups="" slots="5;33;18;9;4;26" teamGroups1="" teamGroups2="" teams1="14" teams2="8;17;18;9;13;4" type="SOFT"/>
            <CA2 max="1" min="0" mode1="HA" mode2="GLOBAL" penalty="5" slotGroups="" slots="34;20;11;6;23;21;2" teamGroups1="" teamGroups2="" teams1="16" teams2="10;0;3;1;12;18;13" type="SOFT"/>
            <CA2 max="2" min="0" mode1="A" mode2="GLOBAL" penalty="5" slotGroups="" slots="25;21;18;9;2;1;4" teamGroups1="" teamGroups2="" teams1="18" teams2="10;12;14;17;6;13;2" type="SOFT"/>
            <CA2 max="2" min="0" mode1="H" mode2="GLOBAL" penalty="5" slotGroups="" slots="11;22;23;2;35;4" teamGroups1="" teamGroups2="" teams1="3" teams2="10;7;0;12;16;6" type="SOFT"/>
            <CA2 max="3" min="0" mode1="A" mode2="GLOBAL" penalty="5" slotGroups="" slots="25;23;21;9;28;2;1;26" teamGroups1="" teamGroups2="" teams1="2" teams2="19;0;3;8;12;14;15;5" type="SOFT"/>
            <CA2 max="3" min="0" mode1="H" mode2="GLOBAL" penalty="5" slotGroups="" slots="17;22;19;31;18;30;16;35" teamGroups1="" teamGroups2="" teams1="9" teams2="19;7;0;3;8;14;16;6" type="SOFT"/>
            <CA2 max="3" min="0" mode1="H" mode2="GLOBAL" penalty="5" slotGroups="" slots="27;0;34;21;19;30;26;37" teamGroups1="" teamGroups2="" teams1="8" teams2="10;3;1;14;15;17;18;16" type="SOFT"/>
            <CA2 max="3" min="0" mode1="H" mode2="GLOBAL" penalty="5" slotGroups="" slots="27;5;20;11;6;32;19;4" teamGroups1="" teamGroups2="" teams1="9" teams2="0;1;8;12;14;13;5;4" type="SOFT"/>
            <CA2 max="2" min="0" mode1="H" mode2="GLOBAL" penalty="5" slotGroups="" slots="29;32;3;30;16;4" teamGroups1="" teamGroups2="" teams1="11" teams2="19;7;0;8;12;4" type="SOFT"/>
            <CA2 max="1" min="0" mode1="HA" mode2="GLOBAL" penalty="5" slotGroups="" slots="5;21;30;1;26;37" teamGroups1="" teamGroups2="" teams1="4" teams2="11;19;7;15;6;13" type="SOFT"/>
            <CA2 max="2" min="0" mode1="A" mode2="GLOBAL" penalty="5" slotGroups="" slots="5;7;11;23;9;16" teamGroups1="" teamGroups2="" teams1="3" teams2="10;7;1;12;14;13" type="SOFT"/>
            <CA2 max="3" min="0" mode1="H" mode2="GLOBAL" penalty="5" slotGroups="" slots="17;11;24;6;10;31;9;15" teamGroups1="" teamGroups2="" teams1="3" teams2="10;7;0;14;9;16;6;4" type="SOFT"/>
            <CA2 max="2" min="0" mode1="H" mode2="GLOBAL" penalty="5" slotGroups="" slots="12;5;32;3;19;35;37" teamGroups1="" teamGroups2="" teams1="15" teams2="10;8;17;18;9;6;5" type="SOFT"/>
            <CA2 max="1" min="0" mode1="HA" mode2="GLOBAL" penalty="5" slotGroups="" slots="12;6;23;28;16;4" teamGroups1="" teamGroups2="" teams1="19" teams2="11;8;15;16;6;13" type="SOFT"/>
            <CA2 max="3" min="0" mode1="A" mode2="GLOBAL" penalty="5" slotGroups="" slots="0;25;10;21;16;36;26;37" teamGroups1="" teamGroups2="" teams1="8" teams2="11;3;1;14;18;9;16;2" type="SOFT"/>
            <CA2 max="2" min="0" mode1="A" mode2="GLOBAL" penalty="5" slotGroups="" slots="0;5;7;10;8;2;1" teamGroups1="" teamGroups2="" teams1="14" teams2="11;10;3;1;17;18;2" type="SOFT"/>
            <CA2 max="1" min="0" mode1="HA" mode2="GLOBAL" penalty="5" slotGroups="" slots="27;20;22;13;10;19;16" teamGroups1="" teamGroups2="" teams1="0" teams2="11;10;15;18;9;6;5" type="SOFT"/>
            <CA2 max="2" min="0" mode1="H" mode2="GLOBAL" penalty="5" slotGroups="" slots="27;20;24;14;18;15;26" teamGroups1="" teamGroups2="" teams1="4" teams2="0;1;14;15;18;16;13" type="SOFT"/>
            <CA2 max="2" min="0" mode1="HA" mode2="GLOBAL" penalty="5" slotGroups="" slots="25;14;29;23;8;18;28;26" teamGroups1="" teamGroups2="" teams1="16" teams2="10;0;3;1;18;6;13;2" type="SOFT"/>
            <CA2 max="2" min="0" mode1="A" mode2="GLOBAL" penalty="5" slotGroups="" slots="14;22;23;28;30;36;37" teamGroups1="" teamGroups2="" teams1="9" teams2="11;0;3;14;17;18;6" type="SOFT"/>
            <CA2 max="3" min="0" mode1="H" mode2="GLOBAL" penalty="5" slotGroups="" slots="27;5;24;23;3;21;28;16" teamGroups1="" teamGroups2="" teams1="0" teams2="10;1;8;14;15;9;13;5" type="SOFT"/>
            <CA2 max="2" min="0" mode1="A" mode2="GLOBAL" penalty="5" slotGroups="" slots="34;5;11;22;13;1" teamGroups1="" teamGroups2="" teams1="0" teams2="11;10;8;12;14;5" type="SOFT"/>
            <CA2 max="2" min="0" mode1="HA" mode2="GLOBAL" penalty="5" slotGroups="" slots="34;13;10;18;2;1;26;37" teamGroups1="" teamGroups2="" teams1="0" teams2="11;7;14;17;16;6;2;4" type="SOFT"/>
            <CA2 max="3" min="0" mode1="A" mode2="GLOBAL" penalty="5" slotGroups="" slots="12;24;6;22;23;2;26;37" teamGroups1="" teamGroups2="" teams1="16" teams2="10;19;7;0;3;15;9;5" type="SOFT"/>
            <CA2 max="1" min="0" mode1="HA" mode2="GLOBAL" penalty="5" slotGroups="" slots="5;11;22;32;8;1" teamGroups1="" teamGroups2="" teams1="19" teams2="11;10;0;18;6;13" type="SOFT"/>
            <CA2 max="2" min="0" mode1="HA" mode2="GLOBAL" penalty="5" slotGroups="" slots="20;11;14;22;23;33;31;1" teamGroups1="" teamGroups2="" teams1="19" teams2="11;10;12;14;15;17;18;6" type="SOFT"/>
            <CA2 max="2" min="0" mode1="HA" mode2="GLOBAL" penalty="5" slotGroups="" slots="17;11;24;28;15;4;36;37" teamGroups1="" teamGroups2="" teams1="14" teams2="11;10;7;0;8;12;17;13" type="SOFT"/>
            <CA2 max="1" min="0" mode1="HA" mode2="GLOBAL" penalty="5" slotGroups="" slots="11;29;23;9;2;30" teamGroups1="" teamGroups2="" teams1="14" teams2="10;19;3;16;13;2" type="SOFT"/>
            <CA2 max="1" min="0" mode1="HA" mode2="GLOBAL" penalty="5" slotGroups="" slots="5;14;29;21;30;16" teamGroups1="" teamGroups2="" teams1="17" teams2="11;10;8;18;5;2" type="SOFT"/>
            <CA2 max="2" min="0" mode1="A" mode2="GLOBAL" penalty="5" slotGroups="" slots="17;7;19;31;9;4" teamGroups1="" teamGroups2="" teams1="3" teams2="7;8;16;6;13;4" type="SOFT"/>
            <CA2 max="3" min="0" mode1="H" mode2="GLOBAL" penalty="5" slotGroups="" slots="17;27;0;6;32;10;1;26" teamGroups1="" teamGroups2="" teams1="9" teams2="19;7;0;1;15;18;5;4" type="SOFT"/>
            <CA2 max="2" min="0" mode1="H" mode2="GLOBAL" penalty="5" slotGroups="" slots="27;34;6;8;18;1" teamGroups1="" teamGroups2="" teams1="1" teams2="11;7;8;18;16;5" type="SOFT"/>
            <CA2 max="1" min="0" mode1="HA" mode2="GLOBAL" penalty="5" slotGroups="" slots="17;14;32;19;9;15;4" teamGroups1="" teamGroups2="" teams1="17" teams2="19;1;8;15;9;6;4" type="SOFT"/>
            <CA2 max="2" min="0" mode1="H" mode2="GLOBAL" penalty="5" slotGroups="" slots="12;27;14;22;13;3;15" teamGroups1="" teamGroups2="" teams1="17" teams2="11;0;15;18;16;6;2" type="SOFT"/>
            <CA2 max="3" min="0" mode1="A" mode2="GLOBAL" penalty="5" slotGroups="" slots="27;5;25;24;9;35;36;26" teamGroups1="" teamGroups2="" teams1="10" teams2="11;19;3;8;15;17;9;16" type="SOFT"/>
            <CA2 max="2" min="0" mode1="H" mode2="GLOBAL" penalty="5" slotGroups="" slots="17;5;10;19;28;4;37" teamGroups1="" teamGroups2="" teams1="10" teams2="11;1;14;15;16;6;4" type="SOFT"/>
            <CA2 max="2" min="0" mode1="H" mode2="GLOBAL" penalty="5" slotGroups="" slots="0;34;5;32;8;1" teamGroups1="" teamGroups2="" teams1="10" teams2="8;12;14;16;5;4" type="SOFT"/>
            <CA2 max="1" min="0" mode1="HA" mode2="GLOBAL" penalty="5" slotGroups="" slots="12;20;7;22;32;16" teamGroups1="" teamGroups2="" teams1="17" teams2="7;3;12;15;18;5" type="SOFT"/>
            <CA2 max="2" min="0" mode1="H" mode2="GLOBAL" penalty="5" slotGroups="" slots="25;14;13;2;30;15;37" teamGroups1="" teamGroups2="" teams1="10" teams2="19;7;1;12;9;5;4" type="SOFT"/>
            <CA2 max="2" min="0" mode1="A" mode2="GLOBAL" penalty="5" slotGroups="" slots="17;20;25;32;3;21" teamGroups1="" teamGroups2="" teams1="15" teams2="10;1;8;17;18;2" type="SOFT"/>
            <CA2 max="2" min="0" mode1="A" mode2="GLOBAL" penalty="5" slotGroups="" slots="12;25;22;15;1;4;37" teamGroups1="" teamGroups2="" teams1="15" teams2="11;10;7;1;8;14;16" type="SOFT"/>
            <CA2 max="1" min="0" mode1="HA" mode2="GLOBAL" penalty="5" slotGroups="" slots="20;33;13;10;8;31;37" teamGroups1="" teamGroups2="" teams1="6" teams2="3;17;18;9;16;13;4" type="SOFT"/>
            <CA2 max="1" min="0" mode1="HA" mode2="GLOBAL" penalty="5" slotGroups="" slots="0;7;11;29;4;36;26" teamGroups1="" teamGroups2="" teams1="16" teams2="10;19;7;14;15;6;13" type="SOFT"/>
            <CA2 max="2" min="0" mode1="A" mode2="GLOBAL" penalty="5" slotGroups="" slots="11;14;2;30;35;37" teamGroups1="" teamGroups2="" teams1="7" teams2="11;10;19;1;14;2" type="SOFT"/>
            <CA2 max="2" min="0" mode1="H" mode2="GLOBAL" penalty="5" slotGroups="" slots="27;5;11;14;13;9;28" teamGroups1="" teamGroups2="" teams1="7" teams2="0;3;1;18;6;13;2" type="SOFT"/>
            <CA2 max="2" min="0" mode1="A" mode2="GLOBAL" penalty="5" slotGroups="" slots="7;11;23;8;9;30;4" teamGroups1="" teamGroups2="" teams1="9" teams2="11;10;3;8;12;15;4" type="SOFT"/>
            <CA2 max="3" min="0" mode1="H" mode2="GLOBAL" penalty="5" slotGroups="" slots="17;5;6;32;13;3;19;1" teamGroups1="" teamGroups2="" teams1="16" teams2="19;0;1;14;18;9;5;2" type="SOFT"/>
            <CA2 max="2" min="0" mode1="A" mode2="GLOBAL" penalty="5" slotGroups="" slots="0;24;33;19;28;36" teamGroups1="" teamGroups2="" teams1="15" teams2="7;3;14;18;9;6" type="SOFT"/>
            <CA2 max="1" min="0" mode1="HA" mode2="GLOBAL" penalty="5" slotGroups="" slots="12;27;0;14;6;9;2" teamGroups1="" teamGroups2="" teams1="17" teams2="10;3;8;14;9;6;4" type="SOFT"/>
            <CA2 max="3" min="0" mode1="A" mode2="GLOBAL" penalty="5" slotGroups="" slots="34;5;20;23;33;10;19;2" teamGroups1="" teamGroups2="" teams1="0" teams2="19;1;8;14;15;18;13;5" type="SOFT"/>
            <CA2 max="2" min="0" mode1="H" mode2="GLOBAL" penalty="5" slotGroups="" slots="12;23;10;3;19;36" teamGroups1="" teamGroups2="" teams1="2" teams2="0;3;8;12;14;5" type="SOFT"/>
            <CA2 max="2" min="0" mode1="H" mode2="GLOBAL" penalty="5" slotGroups="" slots="27;34;24;10;8;30;4" teamGroups1="" teamGroups2="" teams1="0" teams2="7;3;1;14;15;17;16" type="SOFT"/>
            <CA2 max="2" min="0" mode1="HA" mode2="GLOBAL" penalty="5" slotGroups="" slots="17;6;32;19;35;15;1;4" teamGroups1="" teamGroups2="" teams1="6" teams2="1;8;12;14;15;18;9;16" type="SOFT"/>
            <CA2 max="3" min="0" mode1="A" mode2="GLOBAL" penalty="5" slotGroups="" slots="0;11;24;33;21;2;35;36" teamGroups1="" teamGroups2="" teams1="15" teams2="11;0;1;17;18;9;16;2" type="SOFT"/>
            <CA2 max="1" min="0" mode1="HA" mode2="GLOBAL" penalty="5" slotGroups="" slots="12;20;29;33;8;30;26" teamGroups1="" teamGroups2="" teams1="9" teams2="11;0;3;1;8;18;4" type="SOFT"/>
            <CA2 max="2" min="0" mode1="A" mode2="GLOBAL" penalty="5" slotGroups="" slots="12;25;14;31;35;1;26" teamGroups1="" teamGroups2="" teams1="19" teams2="10;0;8;17;18;9;4" type="SOFT"/>
            <CA2 max="1" min="0" mode1="HA" mode2="GLOBAL" penalty="5" slotGroups="" slots="17;0;5;20;23;10;21" teamGroups1="" teamGroups2="" teams1="13" teams2="11;19;3;8;15;16;5" type="SOFT"/>
            <CA2 max="2" min="0" mode1="A" mode2="GLOBAL" penalty="5" slotGroups="" slots="12;27;5;24;16;15" teamGroups1="" teamGroups2="" teams1="14" teams2="7;0;3;17;9;16" type="SOFT"/>
            <CA2 max="2" min="0" mode1="A" mode2="GLOBAL" penalty="5" slotGroups="" slots="23;32;33;18;35;1" teamGroups1="" teamGroups2="" teams1="0" teams2="3;12;16;5;2;4" type="SOFT"/>
            <CA2 max="2" min="0" mode1="A" mode2="GLOBAL" penalty="5" slotGroups="" slots="17;20;14;6;19;37" teamGroups1="" teamGroups2="" teams1="8" teams2="19;14;15;18;5;4" type="SOFT"/>
            <CA2 max="3" min="0" mode1="A" mode2="GLOBAL" penalty="5" slotGroups="" slots="12;17;27;14;29;32;9;16" teamGroups1="" teamGroups2="" teams1="2" teams2="11;10;7;0;12;14;18;6" type="SOFT"/>
            <CA2 max="2" min="0" mode1="HA" mode2="GLOBAL" penalty="5" slotGroups="" slots="27;34;25;14;32;19;18;28" teamGroups1="" teamGroups2="" teams1="9" teams2="11;7;3;1;8;12;15;18" type="SOFT"/>
            <CA2 max="2" min="0" mode1="H" mode2="GLOBAL" penalty="5" slotGroups="" slots="12;0;34;18;28;37" teamGroups1="" teamGroups2="" teams1="5" teams2="8;12;17;18;9;16" type="SOFT"/>
            <CA2 max="1" min="0" mode1="HA" mode2="GLOBAL" penalty="5" slotGroups="" slots="22;2;30;35;4;36" teamGroups1="" teamGroups2="" teams1="3" teams2="11;10;7;1;15;2" type="SOFT"/>
            <CA2 max="2" min="0" mode1="A" mode2="GLOBAL" penalty="5" slotGroups="" slots="12;0;20;29;18;15;26" teamGroups1="" teamGroups2="" teams1="19" teams2="7;1;15;18;16;6;13" type="SOFT"/>
            <CA2 max="3" min="0" mode1="H" mode2="GLOBAL" penalty="5" slotGroups="" slots="12;17;25;11;32;10;19;30" teamGroups1="" teamGroups2="" teams1="0" teams2="11;3;1;15;17;9;13;4" type="SOFT"/>
            <CA2 max="2" min="0" mode1="H" mode2="GLOBAL" penalty="5" slotGroups="" slots="12;31;16;15;1;36" teamGroups1="" teamGroups2="" teams1="15" teams2="10;19;8;12;18;9" type="SOFT"/>
            <CA2 max="2" min="0" mode1="A" mode2="GLOBAL" penalty="5" slotGroups="" slots="12;5;20;32;10;15;37" teamGroups1="" teamGroups2="" teams1="1" teams2="0;12;17;6;13;5;2" type="SOFT"/>
            <CA2 max="2" min="0" mode1="H" mode2="GLOBAL" penalty="5" slotGroups="" slots="27;0;20;11;33;8;1" teamGroups1="" teamGroups2="" teams1="13" teams2="10;19;7;1;17;18;4" type="SOFT"/>
            <CA2 max="2" min="0" mode1="H" mode2="GLOBAL" penalty="5" slotGroups="" slots="27;34;7;24;6;23;32" teamGroups1="" teamGroups2="" teams1="15" teams2="11;10;8;18;9;6;13" type="SOFT"/>
            <CA2 max="3" min="0" mode1="H" mode2="GLOBAL" penalty="5" slotGroups="" slots="5;20;24;32;13;10;30;37" teamGroups1="" teamGroups2="" teams1="4" teams2="11;7;0;3;1;17;16;13" type="SOFT"/>
            <CA2 max="3" min="0" mode1="H" mode2="GLOBAL" penalty="5" slotGroups="" slots="17;25;33;10;3;8;21;30" teamGroups1="" teamGroups2="" teams1="7" teams2="19;1;8;14;9;16;13;4" type="SOFT"/>
            <CA2 max="2" min="0" mode1="A" mode2="GLOBAL" penalty="5" slotGroups="" slots="7;14;29;22;10;28" teamGroups1="" teamGroups2="" teams1="6" teams2="19;0;17;18;16;5" type="SOFT"/>
            <CA2 max="2" min="0" mode1="H" mode2="GLOBAL" penalty="5" slotGroups="" slots="20;25;14;29;13;36" teamGroups1="" teamGroups2="" teams1="14" teams2="11;19;7;9;16;13" type="SOFT"/>
            <CA2 max="2" min="0" mode1="H" mode2="GLOBAL" penalty="5" slotGroups="" slots="27;25;11;14;3;18;28" teamGroups1="" teamGroups2="" teams1="5" teams2="11;7;17;9;16;6;2" type="SOFT"/>
            <CA2 max="3" min="0" mode1="A" mode2="GLOBAL" penalty="5" slotGroups="" slots="34;25;14;6;10;19;9;37" teamGroups1="" teamGroups2="" teams1="16" teams2="19;0;3;1;8;17;9;13" type="SOFT"/>
            <CA2 max="2" min="0" mode1="HA" mode2="GLOBAL" penalty="5" slotGroups="" slots="12;24;21;31;9;15;4;26" teamGroups1="" teamGroups2="" teams1="18" teams2="19;0;3;1;8;9;13;2" type="SOFT"/>
            <CA2 max="1" min="0" mode1="HA" mode2="GLOBAL" penalty="5" slotGroups="" slots="0;5;11;29;8;28;26" teamGroups1="" teamGroups2="" teams1="4" teams2="11;19;7;14;18;16;6" type="SOFT"/>
            <CA2 max="2" min="0" mode1="A" mode2="GLOBAL" penalty="5" slotGroups="" slots="12;20;14;28;1;26" teamGroups1="" teamGroups2="" teams1="19" teams2="7;0;12;9;13;4" type="SOFT"/>
            <CA2 max="2" min="0" mode1="HA" mode2="GLOBAL" penalty="5" slotGroups="" slots="33;10;3;19;16;4;26;37" teamGroups1="" teamGroups2="" teams1="18" teams2="0;1;8;14;15;9;13;2" type="SOFT"/>
            <CA2 max="1" min="0" mode1="HA" mode2="GLOBAL" penalty="5" slotGroups="" slots="17;11;29;33;8;2" teamGroups1="" teamGroups2="" teams1="5" teams2="10;12;14;15;17;4" type="SOFT"/>
            <CA2 max="1" min="0" mode1="HA" mode2="GLOBAL" penalty="5" slotGroups="" slots="11;14;22;35;15;26" teamGroups1="" teamGroups2="" teams1="3" teams2="19;8;12;18;6;5" type="SOFT"/>
            <CA2 max="2" min="0" mode1="A" mode2="GLOBAL" penalty="5" slotGroups="" slots="22;33;13;18;35;36;37" teamGroups1="" teamGroups2="" teams1="0" teams2="3;12;14;17;6;2;4" type="SOFT"/>
            <CA2 max="2" min="0" mode1="HA" mode2="GLOBAL" penalty="5" slotGroups="" slots="12;5;24;23;13;30;16;36" teamGroups1="" teamGroups2="" teams1="10" teams2="3;12;15;18;9;5;2;4" type="SOFT"/>
            <CA2 max="2" min="0" mode1="HA" mode2="GLOBAL" penalty="5" slotGroups="" slots="5;22;13;3;19;30;16;26" teamGroups1="" teamGroups2="" teams1="3" teams2="11;7;1;8;14;17;9;13" type="SOFT"/>
            <CA2 max="3" min="0" mode1="A" mode2="GLOBAL" penalty="5" slotGroups="" slots="0;20;24;22;2;30;4;26" teamGroups1="" teamGroups2="" teams1="17" teams2="10;0;3;1;15;6;13;2" type="SOFT"/>
            <CA2 max="3" min="0" mode1="H" mode2="GLOBAL" penalty="5" slotGroups="" slots="34;6;33;13;21;2;15;1" teamGroups1="" teamGroups2="" teams1="10" teams2="11;7;3;1;15;9;13;2" type="SOFT"/>
            <CA2 max="3" min="0" mode1="H" mode2="GLOBAL" penalty="5" slotGroups="" slots="27;20;7;24;23;21;28;37" teamGroups1="" teamGroups2="" teams1="0" teams2="11;10;14;15;17;13;5;2" type="SOFT"/>
            <CA2 max="3" min="0" mode1="A" mode2="GLOBAL" penalty="5" slotGroups="" slots="12;11;10;8;28;16;4;37" teamGroups1="" teamGroups2="" teams1="16" teams2="10;7;0;3;1;8;5;2" type="SOFT"/>
            <CA2 max="1" min="0" mode1="HA" mode2="GLOBAL" penalty="5" slotGroups="" slots="0;34;11;33;13;15" teamGroups1="" teamGroups2="" teams1="0" teams2="7;3;1;17;9;5" type="SOFT"/>
            <CA2 max="2" min="0" mode1="H" mode2="GLOBAL" penalty="5" slotGroups="" slots="5;20;7;11;24;31" teamGroups1="" teamGroups2="" teams1="18" teams2="11;8;12;13;5;4" type="SOFT"/>
            <CA2 max="2" min="0" mode1="HA" mode2="GLOBAL" penalty="5" slotGroups="" slots="12;24;29;23;8;18;30;37" teamGroups1="" teamGroups2="" teams1="1" teams2="11;7;8;12;15;18;9;2" type="SOFT"/>
            <CA2 max="2" min="0" mode1="H" mode2="GLOBAL" penalty="5" slotGroups="" slots="13;8;19;31;9;28" teamGroups1="" teamGroups2="" teams1="16" teams2="19;3;15;17;13;2" type="SOFT"/>
            <CA2 max="2" min="0" mode1="A" mode2="GLOBAL" penalty="5" slotGroups="" slots="34;22;32;9;2;1" teamGroups1="" teamGroups2="" teams1="5" teams2="11;19;7;17;13;2" type="SOFT"/>
            <CA2 max="3" min="0" mode1="A" mode2="GLOBAL" penalty="5" slotGroups="" slots="0;5;20;24;29;31;4;36" teamGroups1="" teamGroups2="" teams1="2" teams2="11;10;19;12;14;15;9;6" type="SOFT"/>
            <CA2 max="2" min="0" mode1="A" mode2="GLOBAL" penalty="5" slotGroups="" slots="20;22;33;10;9;2;1" teamGroups1="" teamGroups2="" teams1="9" teams2="11;19;0;1;8;18;16" type="SOFT"/>
            <CA2 max="1" min="0" mode1="HA" mode2="GLOBAL" penalty="5" slotGroups="" slots="12;34;29;21;18;4" teamGroups1="" teamGroups2="" teams1="14" teams2="19;1;18;16;6;4" type="SOFT"/>
            <CA2 max="2" min="0" mode1="H" mode2="GLOBAL" penalty="5" slotGroups="" slots="27;5;13;10;3;31;36" teamGroups1="" teamGroups2="" teams1="0" teams2="11;3;1;12;14;15;5" type="SOFT"/>
            <CA2 max="1" min="0" mode1="HA" mode2="GLOBAL" penalty="5" slotGroups="" slots="34;11;24;32;3;15" teamGroups1="" teamGroups2="" teams1="17" teams2="0;3;8;18;9;5" type="SOFT"/>
            <CA2 max="3" min="0" mode1="H" mode2="GLOBAL" penalty="5" slotGroups="" slots="0;25;23;32;21;19;35;26" teamGroups1="" teamGroups2="" teams1="15" teams2="19;7;0;17;18;9;13;2" type="SOFT"/>
            <CA2 max="2" min="0" mode1="H" mode2="GLOBAL" penalty="5" slotGroups="" slots="7;11;10;31;28;1" teamGroups1="" teamGroups2="" teams1="3" teams2="19;1;12;14;17;2" type="SOFT"/>
            <CA2 max="1" min="0" mode1="HA" mode2="GLOBAL" penalty="5" slotGroups="" slots="0;8;16;35;1;26" teamGroups1="" teamGroups2="" teams1="10" teams2="11;1;15;17;9;5" type="SOFT"/>
            <CA2 max="3" min="0" mode1="A" mode2="GLOBAL" penalty="5" slotGroups="" slots="17;11;24;6;22;21;15;37" teamGroups1="" teamGroups2="" teams1="8" teams2="19;0;14;17;18;16;5;2" type="SOFT"/>
            <CA2 max="2" min="0" mode1="HA" mode2="GLOBAL" penalty="5" slotGroups="" slots="34;5;29;33;13;8;9;4" teamGroups1="" teamGroups2="" teams1="15" teams2="11;19;8;14;9;16;13;2" type="SOFT"/>
            <CA2 max="2" min="0" mode1="A" mode2="GLOBAL" penalty="5" slotGroups="" slots="5;20;32;21;35;15;26" teamGroups1="" teamGroups2="" teams1="17" teams2="7;0;8;12;5;2;4" type="SOFT"/>
            <CA2 max="2" min="0" mode1="HA" mode2="GLOBAL" penalty="5" slotGroups="" slots="17;27;11;13;8;16;35;15" teamGroups1="" teamGroups2="" teams1="15" teams2="19;0;1;12;17;6;13;5" type="SOFT"/>
            <CA2 max="1" min="0" mode1="HA" mode2="GLOBAL" penalty="5" slotGroups="" slots="12;20;14;10;28;35" teamGroups1="" teamGroups2="" teams1="4" teams2="7;0;3;15;17;18" type="SOFT"/>
            <CA2 max="2" min="0" mode1="A" mode2="GLOBAL" penalty="5" slotGroups="" slots="5;33;13;3;28;15;37" teamGroups1="" teamGroups2="" teams1="5" teams2="10;0;3;15;17;9;6" type="SOFT"/>
            <CA2 max="2" min="0" mode1="HA" mode2="GLOBAL" penalty="5" slotGroups="" slots="12;0;5;20;14;6;10;26" teamGroups1="" teamGroups2="" teams1="2" teams2="19;3;1;8;15;9;6;13" type="SOFT"/>
            <CA2 max="2" min="0" mode1="H" mode2="GLOBAL" penalty="5" slotGroups="" slots="12;5;13;3;35;1;4" teamGroups1="" teamGroups2="" teams1="6" teams2="7;14;15;9;16;5;2" type="SOFT"/>
            <CA2 max="2" min="0" mode1="HA" mode2="GLOBAL" penalty="5" slotGroups="" slots="12;14;22;13;19;18;28;2" teamGroups1="" teamGroups2="" teams1="1" teams2="10;8;15;18;16;13;5;4" type="SOFT"/>
            <CA2 max="2" min="0" mode1="HA" mode2="GLOBAL" penalty="5" slotGroups="" slots="17;27;5;20;14;3;31;26" teamGroups1="" teamGroups2="" teams1="19" teams2="10;7;3;1;8;6;13;4" type="SOFT"/>
            <CA2 max="2" min="0" mode1="A" mode2="GLOBAL" penalty="5" slotGroups="" slots="34;25;32;33;19;37" teamGroups1="" teamGroups2="" teams1="6" teams2="10;1;13;5;2;4" type="SOFT"/>
            <CA2 max="2" min="0" mode1="H" mode2="GLOBAL" penalty="5" slotGroups="" slots="20;3;8;21;35;4" teamGroups1="" teamGroups2="" teams1="15" teams2="7;3;12;17;18;5" type="SOFT"/>
            <CA2 max="3" min="0" mode1="H" mode2="GLOBAL" penalty="5" slotGroups="" slots="12;34;7;6;22;23;3;37" teamGroups1="" teamGroups2="" teams1="16" teams2="10;7;0;3;12;18;6;13" type="SOFT"/>
            <CA2 max="2" min="0" mode1="A" mode2="GLOBAL" penalty="5" slotGroups="" slots="6;23;33;19;9;2" teamGroups1="" teamGroups2="" teams1="6" teams2="10;7;0;17;9;4" type="SOFT"/>
            <CA2 max="3" min="0" mode1="A" mode2="GLOBAL" penalty="5" slotGroups="" slots="34;20;7;29;13;31;15;26" teamGroups1="" teamGroups2="" teams1="4" teams2="11;7;12;14;15;18;9;16" type="SOFT"/>
            <CA2 max="2" min="0" mode1="HA" mode2="GLOBAL" penalty="5" slotGroups="" slots="24;6;8;18;2;15;4;26" teamGroups1="" teamGroups2="" teams1="12" teams2="1;8;17;18;6;5;2;4" type="SOFT"/>
            <CA2 max="1" min="0" mode1="HA" mode2="GLOBAL" penalty="5" slotGroups="" slots="24;23;10;8;31;9;26" teamGroups1="" teamGroups2="" teams1="14" teams2="19;7;8;9;16;13;5" type="SOFT"/>
            <CA2 max="2" min="0" mode1="HA" mode2="GLOBAL" penalty="5" slotGroups="" slots="12;14;29;22;23;28;4;37" teamGroups1="" teamGroups2="" teams1="18" teams2="19;7;3;1;8;12;14;9" type="SOFT"/>
            <CA2 max="2" min="0" mode1="A" mode2="GLOBAL" penalty="5" slotGroups="" slots="17;5;24;32;33;31;9" teamGroups1="" teamGroups2="" teams1="12" teams2="10;19;1;15;17;13;2" type="SOFT"/>
            <CA2 max="2" min="0" mode1="HA" mode2="GLOBAL" penalty="5" slotGroups="" slots="20;7;25;11;19;16;15;1" teamGroups1="" teamGroups2="" teams1="13" teams2="19;7;8;14;17;18;9;4" type="SOFT"/>
            <CA2 max="2" min="0" mode1="A" mode2="GLOBAL" penalty="5" slotGroups="" slots="34;20;6;10;18;26" teamGroups1="" teamGroups2="" teams1="2" teams2="7;8;12;17;18;9" type="SOFT"/>
            <CA2 max="3" min="0" mode1="A" mode2="GLOBAL" penalty="5" slotGroups="" slots="0;5;29;32;33;13;3;18" teamGroups1="" teamGroups2="" teams1="11" teams2="7;0;14;15;17;6;5;4" type="SOFT"/>
            <CA2 max="1" min="0" mode1="HA" mode2="GLOBAL" penalty="5" slotGroups="" slots="25;22;21;9;35;4" teamGroups1="" teamGroups2="" teams1="0" teams2="19;7;1;14;16;5" type="SOFT"/>
            <CA2 max="2" min="0" mode1="HA" mode2="GLOBAL" penalty="5" slotGroups="" slots="17;0;20;10;21;9;1;26" teamGroups1="" teamGroups2="" teams1="11" teams2="1;8;17;9;6;5;2;4" type="SOFT"/>
            <CA2 max="2" min="0" mode1="H" mode2="GLOBAL" penalty="5" slotGroups="" slots="29;33;35;1;4;26" teamGroups1="" teamGroups2="" teams1="0" teams2="7;1;8;12;9;16" type="SOFT"/>
            <CA2 max="1" min="0" mode1="HA" mode2="GLOBAL" penalty="5" slotGroups="" slots="17;34;3;8;28;16;4" teamGroups1="" teamGroups2="" teams1="4" teams2="11;19;3;14;17;9;13" type="SOFT"/>
            <CA2 max="1" min="0" mode1="HA" mode2="GLOBAL" penalty="5" slotGroups="" slots="12;17;0;34;25;3;31" teamGroups1="" teamGroups2="" teams1="12" teams2="7;3;14;15;18;2;4" type="SOFT"/>
            <CA2 max="2" min="0" mode1="HA" mode2="GLOBAL" penalty="5" slotGroups="" slots="34;5;14;22;18;2;1;37" teamGroups1="" teamGroups2="" teams1="14" teams2="10;19;17;18;16;13;5;4" type="SOFT"/>
            <CA2 max="2" min="0" mode1="A" mode2="GLOBAL" penalty="5" slotGroups="" slots="12;27;7;6;33;2;26" teamGroups1="" teamGroups2="" teams1="11" teams2="19;1;8;15;18;16;13" type="SOFT"/>
            <CA2 max="1" min="0" mode1="HA" mode2="GLOBAL" penalty="5" slotGroups="" slots="17;0;23;13;21;30" teamGroups1="" teamGroups2="" teams1="19" teams2="11;0;8;15;17;4" type="SOFT"/>
            <CA2 max="3" min="0" mode1="H" mode2="GLOBAL" penalty="5" slotGroups="" slots="12;7;24;33;10;21;31;28" teamGroups1="" teamGroups2="" teams1="17" teams2="11;19;7;14;9;6;13;4" type="SOFT"/>
            <CA2 max="2" min="0" mode1="H" mode2="GLOBAL" penalty="5" slotGroups="" slots="12;27;0;20;6;8;28" teamGroups1="" teamGroups2="" teams1="11" teams2="19;7;0;1;12;15;4" type="SOFT"/>
            <CA2 max="2" min="0" mode1="HA" mode2="GLOBAL" penalty="5" slotGroups="" slots="27;14;13;10;21;18;28;1" teamGroups1="" teamGroups2="" teams1="12" teams2="11;7;1;8;17;9;6;13" type="SOFT"/>
            <CA2 max="2" min="0" mode1="H" mode2="GLOBAL" penalty="5" slotGroups="" slots="6;22;32;9;16;36;37" teamGroups1="" teamGroups2="" teams1="14" teams2="7;0;12;15;18;6;4" type="SOFT"/>
            <CA2 max="2" min="0" mode1="HA" mode2="GLOBAL" penalty="5" slotGroups="" slots="14;6;22;23;31;30;16;4" teamGroups1="" teamGroups2="" teams1="5" teams2="11;0;8;12;14;9;6;13" type="SOFT"/>
            <CA2 max="2" min="0" mode1="HA" mode2="GLOBAL" penalty="5" slotGroups="" slots="12;17;27;11;23;13;31;30" teamGroups1="" teamGroups2="" teams1="0" teams2="7;3;12;17;9;16;5;4" type="SOFT"/>
            <CA2 max="2" min="0" mode1="HA" mode2="GLOBAL" penalty="5" slotGroups="" slots="17;27;20;7;29;30;35;37" teamGroups1="" teamGroups2="" teams1="19" teams2="10;7;0;12;14;13;2;4" type="SOFT"/>
            <CA2 max="1" min="0" mode1="HA" mode2="GLOBAL" penalty="5" slotGroups="" slots="29;6;22;8;9;1;4" teamGroups1="" teamGroups2="" teams1="17" teams2="19;7;3;12;18;6;13" type="SOFT"/>
            <CA2 max="1" min="0" mode1="HA" mode2="GLOBAL" penalty="5" slotGroups="" slots="5;25;23;33;10;9" teamGroups1="" teamGroups2="" teams1="13" teams2="10;1;12;15;18;2" type="SOFT"/>
            <CA2 max="2" min="0" mode1="H" mode2="GLOBAL" penalty="5" slotGroups="" slots="27;7;29;21;9;35;15" teamGroups1="" teamGroups2="" teams1="9" teams2="11;7;3;17;18;6;13" type="SOFT"/>
            <CA2 max="3" min="0" mode1="A" mode2="GLOBAL" penalty="5" slotGroups="" slots="17;34;5;20;33;31;9;35" teamGroups1="" teamGroups2="" teams1="5" teams2="11;0;3;8;12;15;9;2" type="SOFT"/>
            <CA2 max="2" min="0" mode1="A" mode2="GLOBAL" penalty="5" slotGroups="" slots="0;5;7;11;23;13;2" teamGroups1="" teamGroups2="" teams1="10" teams2="11;7;3;1;8;12;4" type="SOFT"/>
            <CA2 max="2" min="0" mode1="H" mode2="GLOBAL" penalty="5" slotGroups="" slots="0;13;31;30;15;1" teamGroups1="" teamGroups2="" teams1="13" teams2="7;3;1;12;6;5" type="SOFT"/>
            <CA2 max="3" min="0" mode1="A" mode2="GLOBAL" penalty="5" slotGroups="" slots="34;5;25;29;23;3;28;35" teamGroups1="" teamGroups2="" teams1="10" teams2="11;0;1;12;9;16;6;5" type="SOFT"/>
            <CA2 max="3" min="0" mode1="A" mode2="GLOBAL" penalty="5" slotGroups="" slots="27;20;10;19;2;30;36;26" teamGroups1="" teamGroups2="" teams1="10" teams2="19;8;12;15;16;6;13;5" type="SOFT"/>
            <CA2 max="3" min="0" mode1="A" mode2="GLOBAL" penalty="5" slotGroups="" slots="27;5;33;3;21;9;36;37" teamGroups1="" teamGroups2="" teams1="9" teams2="0;8;14;17;18;16;2;4" type="SOFT"/>
            <CA2 max="2" min="0" mode1="H" mode2="GLOBAL" penalty="5" slotGroups="" slots="34;14;23;19;9;26" teamGroups1="" teamGroups2="" teams1="2" teams2="10;19;0;3;9;4" type="SOFT"/>
            <CA2 max="2" min="0" mode1="A" mode2="GLOBAL" penalty="5" slotGroups="" slots="0;29;23;13;3;30" teamGroups1="" teamGroups2="" teams1="4" teams2="19;8;14;17;16;13" type="SOFT"/>
            <CA2 max="1" min="0" mode1="HA" mode2="GLOBAL" penalty="5" slotGroups="" slots="27;14;10;21;28;37" teamGroups1="" teamGroups2="" teams1="4" teams2="7;1;12;15;17;9" type="SOFT"/>
            <CA2 max="2" min="0" mode1="H" mode2="GLOBAL" penalty="5" slotGroups="" slots="27;11;14;33;2;36" teamGroups1="" teamGroups2="" teams1="16" teams2="11;10;7;3;5;4" type="SOFT"/>
            <CA2 max="3" min="0" mode1="A" mode2="GLOBAL" penalty="5" slotGroups="" slots="27;5;7;25;11;10;3;21" teamGroups1="" teamGroups2="" teams1="11" teams2="10;3;1;8;14;15;9;5" type="SOFT"/>
            <CA2 max="1" min="0" mode1="HA" mode2="GLOBAL" penalty="5" slotGroups="" slots="27;34;10;21;31;28;4" teamGroups1="" teamGroups2="" teams1="0" teams2="19;7;3;8;12;18;16" type="SOFT"/>
            <CA2 max="2" min="0" mode1="H" mode2="GLOBAL" penalty="5" slotGroups="" slots="0;20;24;29;13;16;35" teamGroups1="" teamGroups2="" teams1="19" teams2="11;1;8;12;18;16;6" type="SOFT"/>
            <CA2 max="1" min="0" mode1="HA" mode2="GLOBAL" penalty="5" slotGroups="" slots="14;32;21;18;15;37" teamGroups1="" teamGroups2="" teams1="11" teams2="12;15;18;9;16;5" type="SOFT"/>
            <CA2 max="2" min="0" mode1="H" mode2="GLOBAL" penalty="5" slotGroups="" slots="12;11;6;18;15;26" teamGroups1="" teamGroups2="" teams1="10" teams2="11;19;15;9;5;2" type="SOFT"/>
            <CA2 max="2" min="0" mode1="H" mode2="GLOBAL" penalty="5" slotGroups="" slots="27;7;25;23;33;21" teamGroups1="" teamGroups2="" teams1="4" teams2="10;3;12;14;15;9" type="SOFT"/>
            <CA2 max="1" min="0" mode1="HA" mode2="GLOBAL" penalty="5" slotGroups="" slots="12;17;14;32;21;31" teamGroups1="" teamGroups2="" teams1="19" teams2="11;0;1;14;15;13" type="SOFT"/>
            <CA2 max="2" min="0" mode1="A" mode2="GLOBAL" penalty="5" slotGroups="" slots="5;20;23;19;28;2;16" teamGroups1="" teamGroups2="" teams1="3" teams2="10;7;1;8;9;16;5" type="SOFT"/>
            <CA2 max="2" min="0" mode1="H" mode2="GLOBAL" penalty="5" slotGroups="" slots="10;3;19;31;9;16" teamGroups1="" teamGroups2="" teams1="19" teams2="10;7;8;14;16;2" type="SOFT"/>
            <CA2 max="1" min="0" mode1="HA" mode2="GLOBAL" penalty="5" slotGroups="" slots="20;32;18;9;35;4" teamGroups1="" teamGroups2="" teams1="12" teams2="11;1;18;6;5;4" type="SOFT"/>
            <CA2 max="3" min="0" mode1="H" mode2="GLOBAL" penalty="5" slotGroups="" slots="24;29;6;13;3;2;16;15" teamGroups1="" teamGroups2="" teams1="10" teams2="19;7;0;3;12;14;6;2" type="SOFT"/>
            <CA2 max="1" min="0" mode1="HA" mode2="GLOBAL" penalty="5" slotGroups="" slots="34;20;6;23;13;10;37" teamGroups1="" teamGroups2="" teams1="1" teams2="11;19;0;8;9;16;2" type="SOFT"/>
            <CA2 max="2" min="0" mode1="A" mode2="GLOBAL" penalty="5" slotGroups="" slots="34;25;31;2;15;36" teamGroups1="" teamGroups2="" teams1="1" teams2="10;19;0;12;17;2" type="SOFT"/>
            <CA2 max="1" min="0" mode1="HA" mode2="GLOBAL" penalty="5" slotGroups="" slots="17;5;22;21;19;28;16" teamGroups1="" teamGroups2="" teams1="13" teams2="11;19;7;8;6;5;2" type="SOFT"/>
            <CA2 max="2" min="0" mode1="H" mode2="GLOBAL" penalty="5" slotGroups="" slots="12;27;7;29;6;31;18" teamGroups1="" teamGroups2="" teams1="14" teams2="11;19;7;1;17;9;5" type="SOFT"/>
            <CA2 max="2" min="0" mode1="H" mode2="GLOBAL" penalty="5" slotGroups="" slots="0;11;22;23;31;2" teamGroups1="" teamGroups2="" teams1="15" teams2="19;7;0;3;8;14" type="SOFT"/>
            <CA2 max="2" min="0" mode1="A" mode2="GLOBAL" penalty="5" slotGroups="" slots="0;22;8;30;15;1;36" teamGroups1="" teamGroups2="" teams1="9" teams2="0;3;1;8;15;16;13" type="SOFT"/>
            <CA2 max="3" min="0" mode1="H" mode2="GLOBAL" penalty="5" slotGroups="" slots="24;14;29;31;9;30;16;1" teamGroups1="" teamGroups2="" teams1="15" teams2="7;14;17;18;9;13;5;4" type="SOFT"/>
            <CA2 max="1" min="0" mode1="HA" mode2="GLOBAL" penalty="5" slotGroups="" slots="27;5;20;24;32;2;37" teamGroups1="" teamGroups2="" teams1="16" teams2="1;8;14;15;17;6;4" type="SOFT"/>
            <CA2 max="2" min="0" mode1="H" mode2="GLOBAL" penalty="5" slotGroups="" slots="24;21;9;15;1;36;26" teamGroups1="" teamGroups2="" teams1="7" teams2="11;10;3;1;15;16;6" type="SOFT"/>
            <CA2 max="1" min="0" mode1="HA" mode2="GLOBAL" penalty="5" slotGroups="" slots="12;29;22;21;31;35" teamGroups1="" teamGroups2="" teams1="11" teams2="7;12;14;17;6;4" type="SOFT"/>
            <CA2 max="3" min="0" mode1="H" mode2="GLOBAL" penalty="5" slotGroups="" slots="12;11;23;32;28;16;1;4" teamGroups1="" teamGroups2="" teams1="3" teams2="0;1;8;15;17;9;13;5" type="SOFT"/>
            <CA2 max="3" min="0" mode1="A" mode2="GLOBAL" penalty="5" slotGroups="" slots="27;25;11;24;13;3;30;15" teamGroups1="" teamGroups2="" teams1="9" teams2="11;10;7;0;14;17;13;5" type="SOFT"/>
            <CA2 max="3" min="0" mode1="H" mode2="GLOBAL" penalty="5" slotGroups="" slots="12;5;29;8;19;28;1;26" teamGroups1="" teamGroups2="" teams1="16" teams2="7;3;12;15;9;6;13;5" type="SOFT"/>
            <CA2 max="2" min="0" mode1="A" mode2="GLOBAL" penalty="5" slotGroups="" slots="20;14;23;3;9;2;35" teamGroups1="" teamGroups2="" teams1="17" teams2="19;8;18;9;13;2;4" type="SOFT"/>
            <CA2 max="2" min="0" mode1="H" mode2="GLOBAL" penalty="5" slotGroups="" slots="11;24;23;3;8;31;4" teamGroups1="" teamGroups2="" teams1="12" teams2="11;10;1;9;13;5;4" type="SOFT"/>
            <CA3 intp="4" max="2" min="0" mode1="H" mode2="SLOTS" penalty="5" teamGroups1="" teamGroups2="" teams1="4" teams2="19;7;0;16;6;5;2" type="SOFT"/>
            <CA3 intp="4" max="2" min="0" mode1="HA" mode2="SLOTS" penalty="5" teamGroups1="" teamGroups2="" teams1="17" teams2="10;19;7;3;15" type="SOFT"/>
            <CA3 intp="4" max="2" min="0" mode1="H" mode2="SLOTS" penalty="5" teamGroups1="" teamGroups2="" teams1="3" teams2="10;7;14;2;4" type="SOFT"/>
            <CA3 intp="4" max="2" min="0" mode1="A" mode2="SLOTS" penalty="5" teamGroups1="" teamGroups2="" teams1="14" teams2="11;10;19;3;1;2;4" type="SOFT"/>
            <CA3 intp="4" max="2" min="0" mode1="H" mode2="SLOTS" penalty="5" teamGroups1="" teamGroups2="" teams1="10" teams2="11;0;12;14;9;13;4" type="SOFT"/>
            <CA3 intp="4" max="2" min="0" mode1="H" mode2="SLOTS" penalty="5" teamGroups1="" teamGroups2="" teams1="13" teams2="19;7;3;18;16" type="SOFT"/>
            <CA3 intp="4" max="2" min="0" mode1="HA" mode2="SLOTS" penalty="5" teamGroups1="" teamGroups2="" teams1="19" teams2="3;1;12;17;9;13;5" type="SOFT"/>
            <CA3 intp="4" max="2" min="0" mode1="H" mode2="SLOTS" penalty="5" teamGroups1="" teamGroups2="" teams1="0" teams2="10;19;3;14;15;17;4" type="SOFT"/>
            <CA3 intp="4" max="2" min="0" mode1="H" mode2="SLOTS" penalty="5" teamGroups1="" teamGroups2="" teams1="13" teams2="19;0;1;14;9;6;5" type="SOFT"/>
            <CA3 intp="4" max="2" min="0" mode1="H" mode2="SLOTS" penalty="5" teamGroups1="" teamGroups2="" teams1="0" teams2="10;7;8;15;6;13" type="SOFT"/>
            <CA3 intp="4" max="2" min="0" mode1="A" mode2="SLOTS" penalty="5" teamGroups1="" teamGroups2="" teams1="17" teams2="19;7;1;14;9;4" type="SOFT"/>
            <CA3 intp="4" max="2" min="0" mode1="A" mode2="SLOTS" penalty="5" teamGroups1="" teamGroups2="" teams1="1" teams2="11;10;8;12;14;6;13" type="SOFT"/>
            <CA3 intp="4" max="2" min="0" mode1="HA" mode2="SLOTS" penalty="5" teamGroups1="" teamGroups2="" teams1="15" teams2="7;0;12;17;4" type="SOFT"/>
            <CA3 intp="4" max="2" min="0" mode1="A" mode2="SLOTS" penalty="5" teamGroups1="" teamGroups2="" teams1="9" teams2="15;17;18;16;6;2;4" type="SOFT"/>
            <CA3 intp="4" max="2" min="0" mode1="HA" mode2="SLOTS" penalty="5" teamGroups1="" teamGroups2="" teams1="9" teams2="19;7;3;18;6" type="SOFT"/>
            <CA3 intp="4" max="2" min="0" mode1="A" mode2="SLOTS" penalty="5" teamGroups1="" teamGroups2="" teams1="9" teams2="11;8;15;16;2;4" type="SOFT"/>
            <CA3 intp="4" max="2" min="0" mode1="HA" mode2="SLOTS" penalty="5" teamGroups1="" teamGroups2="" teams1="5" teams2="1;15;9;6;13" type="SOFT"/>
            <CA3 intp="4" max="2" min="0" mode1="H" mode2="SLOTS" penalty="5" teamGroups1="" teamGroups2="" teams1="8" teams2="19;1;14;17;13;5;2" type="SOFT"/>
            <CA3 intp="4" max="2" min="0" mode1="H" mode2="SLOTS" penalty="5" teamGroups1="" teamGroups2="" teams1="4" teams2="19;8;15;13;2" type="SOFT"/>
            <CA3 intp="4" max="2" min="0" mode1="H" mode2="SLOTS" penalty="5" teamGroups1="" teamGroups2="" teams1="4" teams2="10;0;8;12;18;5" type="SOFT"/>
            <CA3 intp="4" max="2" min="0" mode1="HA" mode2="SLOTS" penalty="5" teamGroups1="" teamGroups2="" teams1="7" teams2="11;19;3;8;16;5;2" type="SOFT"/>
            <CA3 intp="4" max="2" min="0" mode1="A" mode2="SLOTS" penalty="5" teamGroups1="" teamGroups2="" teams1="16" teams2="10;3;1;14;6" type="SOFT"/>
            <CA3 intp="4" max="2" min="0" mode1="A" mode2="SLOTS" penalty="5" teamGroups1="" teamGroups2="" teams1="0" teams2="10;16;13;2;4" type="SOFT"/>
            <CA3 intp="4" max="2" min="0" mode1="H" mode2="SLOTS" penalty="5" teamGroups1="" teamGroups2="" teams1="14" teams2="15;17;16;6;4" type="SOFT"/>
            <CA3 intp="4" max="2" min="0" mode1="A" mode2="SLOTS" penalty="5" teamGroups1="" teamGroups2="" teams1="4" teams2="11;19;3;12;9;6;5" type="SOFT"/>
            <CA3 intp="4" max="2" min="0" mode1="H" mode2="SLOTS" penalty="5" teamGroups1="" teamGroups2="" teams1="10" teams2="11;0;12;15;9;6;13" type="SOFT"/>
            <CA3 intp="4" max="2" min="0" mode1="H" mode2="SLOTS" penalty="5" teamGroups1="" teamGroups2="" teams1="16" teams2="7;3;8;12;14;9" type="SOFT"/>
            <CA3 intp="4" max="2" min="0" mode1="A" mode2="SLOTS" penalty="5" teamGroups1="" teamGroups2="" teams1="7" teams2="1;8;12;17;6" type="SOFT"/>
            <CA3 intp="4" max="2" min="0" mode1="A" mode2="SLOTS" penalty="5" teamGroups1="" teamGroups2="" teams1="19" teams2="11;7;3;1;8;5" type="SOFT"/>
            <CA3 intp="4" max="2" min="0" mode1="H" mode2="SLOTS" penalty="5" teamGroups1="" teamGroups2="" teams1="5" teams2="0;3;12;18;2;4" type="SOFT"/>
            <CA3 intp="4" max="2" min="0" mode1="HA" mode2="SLOTS" penalty="5" teamGroups1="" teamGroups2="" teams1="16" teams2="3;8;14;18;13;2" type="SOFT"/>
            <CA3 intp="4" max="2" min="0" mode1="H" mode2="SLOTS" penalty="5" teamGroups1="" teamGroups2="" teams1="17" teams2="10;3;8;14;9;6" type="SOFT"/>
            <CA3 intp="4" max="2" min="0" mode1="HA" mode2="SLOTS" penalty="5" teamGroups1="" teamGroups2="" teams1="0" teams2="19;1;14;5;2;4" type="SOFT"/>
            <CA3 intp="4" max="2" min="0" mode1="HA" mode2="SLOTS" penalty="5" teamGroups1="" teamGroups2="" teams1="5" teams2="19;1;8;13;4" type="SOFT"/>
            <CA3 intp="4" max="2" min="0" mode1="A" mode2="SLOTS" penalty="5" teamGroups1="" teamGroups2="" teams1="3" teams2="10;1;15;18;16;6;13" type="SOFT"/>
            <CA3 intp="4" max="2" min="0" mode1="H" mode2="SLOTS" penalty="5" teamGroups1="" teamGroups2="" teams1="13" teams2="3;1;14;16;2" type="SOFT"/>
            <CA3 intp="4" max="2" min="0" mode1="H" mode2="SLOTS" penalty="5" teamGroups1="" teamGroups2="" teams1="15" teams2="11;0;3;1;9;13;5" type="SOFT"/>
            <CA3 intp="4" max="2" min="0" mode1="HA" mode2="SLOTS" penalty="5" teamGroups1="" teamGroups2="" teams1="13" teams2="11;7;12;16;5;2" type="SOFT"/>
            <CA3 intp="4" max="2" min="0" mode1="HA" mode2="SLOTS" penalty="5" teamGroups1="" teamGroups2="" teams1="18" teams2="10;7;3;1;17;9" type="SOFT"/>
            <CA3 intp="4" max="2" min="0" mode1="H" mode2="SLOTS" penalty="5" teamGroups1="" teamGroups2="" teams1="2" teams2="19;15;17;16;6" type="SOFT"/>
            <CA3 intp="4" max="2" min="0" mode1="H" mode2="SLOTS" penalty="5" teamGroups1="" teamGroups2="" teams1="13" teams2="11;1;12;15;17;16;4" type="SOFT"/>
            <CA3 intp="4" max="2" min="0" mode1="H" mode2="SLOTS" penalty="5" teamGroups1="" teamGroups2="" teams1="13" teams2="19;7;12;14;9;5;4" type="SOFT"/>
            <CA3 intp="4" max="2" min="0" mode1="A" mode2="SLOTS" penalty="5" teamGroups1="" teamGroups2="" teams1="0" teams2="11;19;1;8;12;15;2" type="SOFT"/>
            <CA3 intp="4" max="2" min="0" mode1="H" mode2="SLOTS" penalty="5" teamGroups1="" teamGroups2="" teams1="5" teams2="3;8;17;18;6;2" type="SOFT"/>
            <CA3 intp="4" max="2" min="0" mode1="HA" mode2="SLOTS" penalty="5" teamGroups1="" teamGroups2="" teams1="15" teams2="11;0;3;9;4" type="SOFT"/>
            <CA3 intp="4" max="2" min="0" mode1="H" mode2="SLOTS" penalty="5" teamGroups1="" teamGroups2="" teams1="15" teams2="10;7;8;9;2" type="SOFT"/>
            <CA3 intp="4" max="2" min="0" mode1="HA" mode2="SLOTS" penalty="5" teamGroups1="" teamGroups2="" teams1="8" teams2="10;17;18;5;2" type="SOFT"/>
            <CA3 intp="4" max="2" min="0" mode1="H" mode2="SLOTS" penalty="5" teamGroups1="" teamGroups2="" teams1="18" teams2="11;19;12;17;6;13;4" type="SOFT"/>
            <CA3 intp="4" max="2" min="0" mode1="H" mode2="SLOTS" penalty="5" teamGroups1="" teamGroups2="" teams1="16" teams2="19;7;0;12;9;13" type="SOFT"/>
            <CA3 intp="4" max="2" min="0" mode1="HA" mode2="SLOTS" penalty="5" teamGroups1="" teamGroups2="" teams1="7" teams2="1;15;17;6;5" type="SOFT"/>
            <CA3 intp="4" max="2" min="0" mode1="H" mode2="SLOTS" penalty="5" teamGroups1="" teamGroups2="" teams1="0" teams2="10;8;18;9;16;6;13" type="SOFT"/>
            <CA3 intp="4" max="2" min="0" mode1="H" mode2="SLOTS" penalty="5" teamGroups1="" teamGroups2="" teams1="0" teams2="10;19;1;12;14;17;6" type="SOFT"/>
            <CA3 intp="4" max="2" min="0" mode1="H" mode2="SLOTS" penalty="5" teamGroups1="" teamGroups2="" teams1="2" teams2="1;14;18;16;6" type="SOFT"/>
            <CA3 intp="4" max="2" min="0" mode1="A" mode2="SLOTS" penalty="5" teamGroups1="" teamGroups2="" teams1="7" teams2="0;14;17;6;2" type="SOFT"/>
            <CA3 intp="4" max="2" min="0" mode1="H" mode2="SLOTS" penalty="5" teamGroups1="" teamGroups2="" teams1="13" teams2="7;0;3;14;15;6;2" type="SOFT"/>
            <CA3 intp="4" max="2" min="0" mode1="HA" mode2="SLOTS" penalty="5" teamGroups1="" teamGroups2="" teams1="5" teams2="10;0;3;14;18;6;4" type="SOFT"/>
            <CA3 intp="4" max="2" min="0" mode1="A" mode2="SLOTS" penalty="5" teamGroups1="" teamGroups2="" teams1="6" teams2="10;0;3;15;13" type="SOFT"/>
            <CA3 intp="4" max="2" min="0" mode1="A" mode2="SLOTS" penalty="5" teamGroups1="" teamGroups2="" teams1="9" teams2="7;1;12;14;2;4" type="SOFT"/>
            <CA3 intp="4" max="2" min="0" mode1="A" mode2="SLOTS" penalty="5" teamGroups1="" teamGroups2="" teams1="0" teams2="1;8;12;17;13" type="SOFT"/>
            <CA3 intp="4" max="2" min="0" mode1="A" mode2="SLOTS" penalty="5" teamGroups1="" teamGroups2="" teams1="17" teams2="11;0;1;8;14;16;6" type="SOFT"/>
            <CA3 intp="4" max="2" min="0" mode1="H" mode2="SLOTS" penalty="5" teamGroups1="" teamGroups2="" teams1="3" teams2="10;19;12;15;16;5" type="SOFT"/>
            <CA3 intp="4" max="2" min="0" mode1="A" mode2="SLOTS" penalty="5" teamGroups1="" teamGroups2="" teams1="13" teams2="7;3;8;15;17;9" type="SOFT"/>
            <CA3 intp="4" max="2" min="0" mode1="H" mode2="SLOTS" penalty="5" teamGroups1="" teamGroups2="" teams1="6" teams2="10;19;12;15;2;4" type="SOFT"/>
            <CA3 intp="4" max="2" min="0" mode1="H" mode2="SLOTS" penalty="5" teamGroups1="" teamGroups2="" teams1="10" teams2="11;19;3;8;17;16;5" type="SOFT"/>
            <CA3 intp="4" max="2" min="0" mode1="A" mode2="SLOTS" penalty="5" teamGroups1="" teamGroups2="" teams1="1" teams2="7;17;18;16;13;4" type="SOFT"/>
            <CA3 intp="4" max="2" min="0" mode1="HA" mode2="SLOTS" penalty="5" teamGroups1="" teamGroups2="" teams1="15" teams2="10;1;12;18;6;13" type="SOFT"/>
            <CA3 intp="4" max="2" min="0" mode1="H" mode2="SLOTS" penalty="5" teamGroups1="" teamGroups2="" teams1="18" teams2="19;12;9;16;5" type="SOFT"/>
            <CA3 intp="4" max="2" min="0" mode1="A" mode2="SLOTS" penalty="5" teamGroups1="" teamGroups2="" teams1="2" teams2="0;3;1;12;17;9;16" type="SOFT"/>
            <CA3 intp="4" max="2" min="0" mode1="HA" mode2="SLOTS" penalty="5" teamGroups1="" teamGroups2="" teams1="14" teams2="7;0;3;12;2" type="SOFT"/>
            <CA3 intp="4" max="2" min="0" mode1="HA" mode2="SLOTS" penalty="5" teamGroups1="" teamGroups2="" teams1="3" teams2="10;19;7;1;15;17;16" type="SOFT"/>
            <CA3 intp="4" max="2" min="0" mode1="H" mode2="SLOTS" penalty="5" teamGroups1="" teamGroups2="" teams1="9" teams2="19;7;1;12;15;18;4" type="SOFT"/>
            <CA3 intp="4" max="2" min="0" mode1="H" mode2="SLOTS" penalty="5" teamGroups1="" teamGroups2="" teams1="7" teams2="10;12;14;9;16;13;5" type="SOFT"/>
            <CA3 intp="4" max="2" min="0" mode1="H" mode2="SLOTS" penalty="5" teamGroups1="" teamGroups2="" teams1="15" teams2="19;1;14;17;18;2;4" type="SOFT"/>
            <CA3 intp="4" max="2" min="0" mode1="A" mode2="SLOTS" penalty="5" teamGroups1="" teamGroups2="" teams1="14" teams2="11;19;8;17;18;2;4" type="SOFT"/>
            <CA3 intp="4" max="2" min="0" mode1="A" mode2="SLOTS" penalty="5" teamGroups1="" teamGroups2="" teams1="8" teams2="19;3;15;17;4" type="SOFT"/>
            <CA3 intp="4" max="2" min="0" mode1="A" mode2="SLOTS" penalty="5" teamGroups1="" teamGroups2="" teams1="9" teams2="3;15;16;2;4" type="SOFT"/>
            <CA3 intp="4" max="2" min="0" mode1="A" mode2="SLOTS" penalty="5" teamGroups1="" teamGroups2="" teams1="2" teams2="10;7;0;1;9;16;5" type="SOFT"/>
            <CA3 intp="4" max="2" min="0" mode1="HA" mode2="SLOTS" penalty="5" teamGroups1="" teamGroups2="" teams1="17" teams2="19;7;3;9;13;5;4" type="SOFT"/>
            <CA3 intp="4" max="2" min="0" mode1="H" mode2="SLOTS" penalty="5" teamGroups1="" teamGroups2="" teams1="6" teams2="0;3;17;18;16" type="SOFT"/>
            <CA3 intp="4" max="2" min="0" mode1="A" mode2="SLOTS" penalty="5" teamGroups1="" teamGroups2="" teams1="4" teams2="1;15;17;6;5" type="SOFT"/>
            <CA3 intp="4" max="2" min="0" mode1="A" mode2="SLOTS" penalty="5" teamGroups1="" teamGroups2="" teams1="14" teams2="8;15;17;13;5" type="SOFT"/>
            <CA3 intp="4" max="2" min="0" mode1="HA" mode2="SLOTS" penalty="5" teamGroups1="" teamGroups2="" teams1="11" teams2="19;8;12;18;9" type="SOFT"/>
            <CA3 intp="4" max="2" min="0" mode1="A" mode2="SLOTS" penalty="5" teamGroups1="" teamGroups2="" teams1="1" teams2="0;15;6;13;2;4" type="SOFT"/>
            <CA3 intp="4" max="2" min="0" mode1="A" mode2="SLOTS" penalty="5" teamGroups1="" teamGroups2="" teams1="9" teams2="11;7;15;6;5;2;4" type="SOFT"/>
            <CA3 intp="4" max="2" min="0" mode1="HA" mode2="SLOTS" penalty="5" teamGroups1="" teamGroups2="" teams1="13" teams2="10;19;14;15;9;16;4" type="SOFT"/>
            <CA3 intp="4" max="2" min="0" mode1="A" mode2="SLOTS" penalty="5" teamGroups1="" teamGroups2="" teams1="18" teams2="0;3;1;12;17;9" type="SOFT"/>
            <CA3 intp="4" max="2" min="0" mode1="H" mode2="SLOTS" penalty="5" teamGroups1="" teamGroups2="" teams1="16" teams2="11;10;0;14;15;17;18" type="SOFT"/>
            <CA3 intp="4" max="2" min="0" mode1="A" mode2="SLOTS" penalty="5" teamGroups1="" teamGroups2="" teams1="10" teams2="19;7;8;16;13" type="SOFT"/>
        </CapacityConstraints>
        <GameConstraints>
            <GA1 max="1" meetings="17,15;19,6;" min="0" penalty="1" slotGroups="" slots="0;1" type="HARD"/>
            <GA1 max="1" meetings="2,4;3,0;12,18;" min="0" penalty="1" slotGroups="" slots="11;19;1" type="HARD"/>
            <GA1 max="1" meetings="5,8;" min="1" penalty="1" slotGroups="" slots="20" type="HARD"/>
            <GA1 max="0" meetings="2,12;" min="0" penalty="1" slotGroups="" slots="16" type="HARD"/>
            <GA1 max="2" meetings="0,10;12,9;" min="1" penalty="1" slotGroups="" slots="5;32" type="HARD"/>
            <GA1 max="0" meetings="18,0;" min="0" penalty="1" slotGroups="" slots="17" type="HARD"/>
            <GA1 max="4" meetings="4,10;11,0;12,11;14,10;" min="2" penalty="1" slotGroups="" slots="32;8;9;2" type="HARD"/>
            <GA1 max="1" meetings="3,4;10,17;" min="0" penalty="1" slotGroups="" slots="24;6" type="HARD"/>
            <GA1 max="2" meetings="3,11;10,6;13,14;16,11;" min="0" penalty="1" slotGroups="" slots="25;14;6;9" type="HARD"/>
            <GA1 max="1" meetings="15,13;" min="1" penalty="1" slotGroups="" slots="17" type="HARD"/>
            <GA1 max="0" meetings="10,4;" min="0" penalty="1" slotGroups="" slots="19" type="HARD"/>
            <GA1 max="0" meetings="13,5;" min="0" penalty="1" slotGroups="" slots="21" type="HARD"/>
            <GA1 max="2" meetings="6,5;6,12;11,9;19,12;" min="0" penalty="1" slotGroups="" slots="20;32;19;28" type="HARD"/>
            <GA1 max="0" meetings="18,8;" min="0" penalty="1" slotGroups="" slots="25" type="HARD"/>
            <GA1 max="1" meetings="10,5;14,9;" min="0" penalty="1" slotGroups="" slots="10;30" type="HARD"/>
            <GA1 max="1" meetings="0,15;11,9;14,3;" min="0" penalty="1" slotGroups="" slots="24;31;28" type="HARD"/>
            <GA1 max="0" meetings="4,19;" min="0" penalty="1" slotGroups="" slots="30" type="HARD"/>
            <GA1 max="1" meetings="1,0;7,11;" min="0" penalty="1" slotGroups="" slots="3" type="SOFT"/>
            <GA1 max="1" meetings="2,12;12,13;16,8;" min="0" penalty="1" slotGroups="" slots="6" type="SOFT"/>
            <GA1 max="2" meetings="15,2;16,6;" min="1" penalty="1" slotGroups="" slots="34" type="SOFT"/>
        </GameConstraints>
        <BreakConstraints>
            <BR1 intp="2" mode1="LEQ" mode2="HA" penalty="1" slotGroups="" slots="20;25;32;9;28;16" teamGroups="" teams="19" type="HARD"/>
            <BR1 intp="0" mode1="LEQ" mode2="HA" penalty="1" slotGroups="" slots="21" teamGroups="" teams="12" type="HARD"/>
            <BR1 intp="0" mode1="LEQ" mode2="HA" penalty="1" slotGroups="" slots="37" teamGroups="" teams="5" type="HARD"/>
            <BR1 intp="2" mode1="LEQ" mode2="HA" penalty="1" slotGroups="" slots="34;7;29;3;9;1" teamGroups="" teams="10" type="HARD"/>
            <BR1 intp="2" mode1="LEQ" mode2="HA" penalty="1" slotGroups="" slots="20;7;14;31;2;1" teamGroups="" teams="15" type="HARD"/>
            <BR1 intp="2" mode1="LEQ" mode2="HA" penalty="1" slotGroups="" slots="12;0;10;28;2;1" teamGroups="" teams="16" type="HARD"/>
            <BR1 intp="2" mode1="LEQ" mode2="HA" penalty="1" slotGroups="" slots="12;20;11;14;33;37" teamGroups="" teams="19" type="HARD"/>
            <BR1 intp="0" mode1="LEQ" mode2="HA" penalty="1" slotGroups="" slots="27" teamGroups="" teams="5" type="HARD"/>
            <BR1 intp="1" mode1="LEQ" mode2="HA" penalty="1" slotGroups="" slots="10;18;1" teamGroups="" teams="6" type="HARD"/>
            <BR1 intp="0" mode1="LEQ" mode2="HA" penalty="1" slotGroups="" slots="24" teamGroups="" teams="3" type="HARD"/>
            <BR1 intp="0" mode1="LEQ" mode2="HA" penalty="1" slotGroups="" slots="25" teamGroups="" teams="7" type="HARD"/>
            <BR1 intp="1" mode1="LEQ" mode2="HA" penalty="1" slotGroups="" slots="34;9;35" teamGroups="" teams="17" type="HARD"/>
            <BR2 intp="100" homeMode="HA" mode2="LEQ" penalty="1" slotGroups="" slots="12;17;27;0;34;5;20;7;25;11;24;14;29;6;22;23;32;33;13;10;3;8;21;19;31;18;9;28;2;30;16;35;15;1;4;36;26;37" teamGroups="" teams="11;10;19;7;0;3;1;8;12;14;15;17;18;9;16;6;13;5;2;4" type="HARD"/>
        </BreakConstraints>
        <FairnessConstraints>
            <FA2 intp="2" mode="H" penalty="10" slotGroups="" slots="12;17;27;0;34;5;20;7;25;11;24;14;29;6;22;23;32;33;13;10;3;8;21;19;31;18;9;28;2;30;16;35;15;1;4;36;26;37" teamGroups="" teams="11;10;19;7;0;3;1;8;12;14;15;17;18;9;16;6;13;5;2;4" type="SOFT"/>
        </FairnessConstraints>
        <SeparationConstraints/>
    </Constraints>
</Instance>
