<?xml version="1.0" encoding="UTF-8"?>
<Instance>
    <MetaData>
        <InstanceName>Late 15</InstanceName>
        <DataType>A</DataType>
        <Contributor>ITC2021</Contributor>
	<Date year="2021" month="4"/>
    </MetaData>
    <Structure>
        <Format leagueIds="0">
            <numberRoundRobin>2</numberRoundRobin>
            <compactness>C</compactness>
            <gameMode>NULL</gameMode>
        </Format>
        <AdditionalGames/>
    </Structure>
    <ObjectiveFunction>
        <Objective>SC</Objective>
    </ObjectiveFunction>
    <Data>
        <Distances/>
        <COEWeights/>
        <Costs/>
    </Data>
    <Resources>
        <LeagueGroups/>
        <Leagues>
            <league id="0" leagueGroups="" name="League 0"/>
        </Leagues>
        <TeamGroups/>
        <Teams>
            <team id="0" league="0" name="Team 0" teamGroups=""/>
            <team id="1" league="0" name="Team 1" teamGroups=""/>
            <team id="2" league="0" name="Team 2" teamGroups=""/>
            <team id="3" league="0" name="Team 3" teamGroups=""/>
            <team id="4" league="0" name="Team 4" teamGroups=""/>
            <team id="5" league="0" name="Team 5" teamGroups=""/>
            <team id="6" league="0" name="Team 6" teamGroups=""/>
            <team id="7" league="0" name="Team 7" teamGroups=""/>
            <team id="8" league="0" name="Team 8" teamGroups=""/>
            <team id="9" league="0" name="Team 9" teamGroups=""/>
            <team id="10" league="0" name="Team 10" teamGroups=""/>
            <team id="11" league="0" name="Team 11" teamGroups=""/>
            <team id="12" league="0" name="Team 12" teamGroups=""/>
            <team id="13" league="0" name="Team 13" teamGroups=""/>
            <team id="14" league="0" name="Team 14" teamGroups=""/>
            <team id="15" league="0" name="Team 15" teamGroups=""/>
            <team id="16" league="0" name="Team 16" teamGroups=""/>
            <team id="17" league="0" name="Team 17" teamGroups=""/>
            <team id="18" league="0" name="Team 18" teamGroups=""/>
            <team id="19" league="0" name="Team 19" teamGroups=""/>
        </Teams>
        <SlotGroups/>
        <Slots>
            <slot id="0" name="Slot 0" slotGroup=""/>
            <slot id="1" name="Slot 1" slotGroup=""/>
            <slot id="2" name="Slot 2" slotGroup=""/>
            <slot id="3" name="Slot 3" slotGroup=""/>
            <slot id="4" name="Slot 4" slotGroup=""/>
            <slot id="5" name="Slot 5" slotGroup=""/>
            <slot id="6" name="Slot 6" slotGroup=""/>
            <slot id="7" name="Slot 7" slotGroup=""/>
            <slot id="8" name="Slot 8" slotGroup=""/>
            <slot id="9" name="Slot 9" slotGroup=""/>
            <slot id="10" name="Slot 10" slotGroup=""/>
            <slot id="11" name="Slot 11" slotGroup=""/>
            <slot id="12" name="Slot 12" slotGroup=""/>
            <slot id="13" name="Slot 13" slotGroup=""/>
            <slot id="14" name="Slot 14" slotGroup=""/>
            <slot id="15" name="Slot 15" slotGroup=""/>
            <slot id="16" name="Slot 16" slotGroup=""/>
            <slot id="17" name="Slot 17" slotGroup=""/>
            <slot id="18" name="Slot 18" slotGroup=""/>
            <slot id="19" name="Slot 19" slotGroup=""/>
            <slot id="20" name="Slot 20" slotGroup=""/>
            <slot id="21" name="Slot 21" slotGroup=""/>
            <slot id="22" name="Slot 22" slotGroup=""/>
            <slot id="23" name="Slot 23" slotGroup=""/>
            <slot id="24" name="Slot 24" slotGroup=""/>
            <slot id="25" name="Slot 25" slotGroup=""/>
            <slot id="26" name="Slot 26" slotGroup=""/>
            <slot id="27" name="Slot 27" slotGroup=""/>
            <slot id="28" name="Slot 28" slotGroup=""/>
            <slot id="29" name="Slot 29" slotGroup=""/>
            <slot id="30" name="Slot 30" slotGroup=""/>
            <slot id="31" name="Slot 31" slotGroup=""/>
            <slot id="32" name="Slot 32" slotGroup=""/>
            <slot id="33" name="Slot 33" slotGroup=""/>
            <slot id="34" name="Slot 34" slotGroup=""/>
            <slot id="35" name="Slot 35" slotGroup=""/>
            <slot id="36" name="Slot 36" slotGroup=""/>
            <slot id="37" name="Slot 37" slotGroup=""/>
        </Slots>
    </Resources>
    <Constraints>
        <BasicConstraints/>
        <CapacityConstraints>
            <CA1 max="0" min="0" mode="H" penalty="1" slotGroups="" slots="12" teamGroups="" teams="6" type="HARD"/>
            <CA1 max="0" min="0" mode="A" penalty="1" slotGroups="" slots="31" teamGroups="" teams="18" type="HARD"/>
            <CA1 max="0" min="0" mode="H" penalty="1" slotGroups="" slots="19" teamGroups="" teams="1" type="HARD"/>
            <CA1 max="0" min="0" mode="H" penalty="1" slotGroups="" slots="4" teamGroups="" teams="2" type="HARD"/>
            <CA1 max="1" min="0" mode="A" penalty="1" slotGroups="" slots="37;8" teamGroups="" teams="9" type="HARD"/>
            <CA3 intp="4" max="2" min="0" mode1="HA" mode2="SLOTS" penalty="5" teamGroups1="" teamGroups2="" teams1="0" teams2="15;16;1;6;2;4" type="SOFT"/>
            <CA3 intp="4" max="2" min="0" mode1="HA" mode2="SLOTS" penalty="5" teamGroups1="" teamGroups2="" teams1="10" teams2="18;17;9;13;7;0;4" type="SOFT"/>
            <CA3 intp="4" max="2" min="0" mode1="HA" mode2="SLOTS" penalty="5" teamGroups1="" teamGroups2="" teams1="8" teams2="12;11;19;15;7;6" type="SOFT"/>
            <CA3 intp="4" max="2" min="0" mode1="A" mode2="SLOTS" penalty="5" teamGroups1="" teamGroups2="" teams1="11" teams2="16;8;13;10;3" type="SOFT"/>
            <CA3 intp="4" max="2" min="0" mode1="A" mode2="SLOTS" penalty="5" teamGroups1="" teamGroups2="" teams1="7" teams2="19;14;15;16;4" type="SOFT"/>
            <CA3 intp="4" max="2" min="0" mode1="HA" mode2="SLOTS" penalty="5" teamGroups1="" teamGroups2="" teams1="12" teams2="11;18;19;14;17;13;7" type="SOFT"/>
            <CA3 intp="4" max="2" min="0" mode1="H" mode2="SLOTS" penalty="5" teamGroups1="" teamGroups2="" teams1="12" teams2="18;19;9;8;1;5;4" type="SOFT"/>
            <CA3 intp="4" max="2" min="0" mode1="HA" mode2="SLOTS" penalty="5" teamGroups1="" teamGroups2="" teams1="11" teams2="18;15;16;0;5" type="SOFT"/>
            <CA3 intp="4" max="2" min="0" mode1="HA" mode2="SLOTS" penalty="5" teamGroups1="" teamGroups2="" teams1="5" teams2="15;17;9;6;3" type="SOFT"/>
            <CA3 intp="4" max="2" min="0" mode1="A" mode2="SLOTS" penalty="5" teamGroups1="" teamGroups2="" teams1="18" teams2="11;14;15;10;7;6;2" type="SOFT"/>
            <CA3 intp="4" max="2" min="0" mode1="A" mode2="SLOTS" penalty="5" teamGroups1="" teamGroups2="" teams1="7" teams2="15;9;13;1;4" type="SOFT"/>
            <CA3 intp="4" max="2" min="0" mode1="A" mode2="SLOTS" penalty="5" teamGroups1="" teamGroups2="" teams1="1" teams2="18;14;13;10;0;3" type="SOFT"/>
            <CA3 intp="4" max="2" min="0" mode1="A" mode2="SLOTS" penalty="5" teamGroups1="" teamGroups2="" teams1="5" teams2="12;11;8;7;3;4" type="SOFT"/>
            <CA3 intp="4" max="2" min="0" mode1="H" mode2="SLOTS" penalty="5" teamGroups1="" teamGroups2="" teams1="5" teams2="12;19;17;9;8;1;10" type="SOFT"/>
            <CA3 intp="4" max="2" min="0" mode1="A" mode2="SLOTS" penalty="5" teamGroups1="" teamGroups2="" teams1="10" teams2="11;19;17;8;4" type="SOFT"/>
        </CapacityConstraints>
        <GameConstraints>
            <GA1 max="1" meetings="18,10;" min="1" penalty="1" slotGroups="" slots="23" type="HARD"/>
            <GA1 max="0" meetings="2,4;" min="0" penalty="1" slotGroups="" slots="4" type="HARD"/>
            <GA1 max="0" meetings="18,17;" min="0" penalty="1" slotGroups="" slots="16" type="HARD"/>
            <GA1 max="1" meetings="19,10;" min="1" penalty="1" slotGroups="" slots="1" type="HARD"/>
            <GA1 max="2" meetings="1,18;6,3;9,7;13,1;" min="0" penalty="1" slotGroups="" slots="4;16;29;1" type="HARD"/>
            <GA1 max="1" meetings="1,17;" min="1" penalty="1" slotGroups="" slots="13" type="HARD"/>
            <GA1 max="2" meetings="2,18;7,8;9,0;16,2;" min="0" penalty="1" slotGroups="" slots="17;13;9;34" type="HARD"/>
            <GA1 max="1" meetings="6,19;" min="1" penalty="1" slotGroups="" slots="17" type="HARD"/>
            <GA1 max="0" meetings="4,0;" min="0" penalty="1" slotGroups="" slots="2" type="HARD"/>
            <GA1 max="2" meetings="2,18;7,13;14,15;17,9;" min="0" penalty="1" slotGroups="" slots="12;16;30;21" type="HARD"/>
            <GA1 max="1" meetings="13,0;15,6;" min="0" penalty="1" slotGroups="" slots="4;23" type="HARD"/>
            <GA1 max="0" meetings="19,10;" min="0" penalty="1" slotGroups="" slots="21" type="HARD"/>
            <GA1 max="0" meetings="16,5;" min="0" penalty="1" slotGroups="" slots="6" type="HARD"/>
            <GA1 max="1" meetings="7,14;11,8;" min="0" penalty="1" slotGroups="" slots="27;35" type="HARD"/>
            <GA1 max="0" meetings="10,19;" min="0" penalty="1" slotGroups="" slots="7" type="HARD"/>
            <GA1 max="4" meetings="5,7;8,4;8,16;16,10;" min="2" penalty="1" slotGroups="" slots="16;22;23;9" type="HARD"/>
            <GA1 max="0" meetings="15,12;" min="0" penalty="1" slotGroups="" slots="24" type="HARD"/>
            <GA1 max="3" meetings="4,7;4,12;10,2;" min="2" penalty="1" slotGroups="" slots="17;9;36" type="HARD"/>
            <GA1 max="0" meetings="5,4;" min="0" penalty="1" slotGroups="" slots="28" type="HARD"/>
            <GA1 max="1" meetings="0,12;" min="1" penalty="1" slotGroups="" slots="27" type="HARD"/>
            <GA1 max="0" meetings="3,7;" min="0" penalty="1" slotGroups="" slots="6" type="HARD"/>
            <GA1 max="1" meetings="7,1;" min="1" penalty="1" slotGroups="" slots="27" type="HARD"/>
            <GA1 max="1" meetings="3,7;6,17;9,13;" min="0" penalty="1" slotGroups="" slots="30;2;36" type="HARD"/>
            <GA1 max="4" meetings="0,3;11,18;12,16;18,16;" min="2" penalty="1" slotGroups="" slots="29;9;35;1" type="HARD"/>
            <GA1 max="1" meetings="1,0;7,18;11,12;" min="0" penalty="1" slotGroups="" slots="10;6;32" type="HARD"/>
            <GA1 max="1" meetings="8,11;" min="1" penalty="1" slotGroups="" slots="6" type="HARD"/>
            <GA1 max="1" meetings="8,6;" min="1" penalty="1" slotGroups="" slots="21" type="HARD"/>
            <GA1 max="1" meetings="10,8;16,4;" min="0" penalty="1" slotGroups="" slots="21;15" type="HARD"/>
            <GA1 max="1" meetings="13,18;" min="1" penalty="1" slotGroups="" slots="12" type="HARD"/>
            <GA1 max="1" meetings="12,6;17,16;" min="0" penalty="1" slotGroups="" slots="21;6" type="HARD"/>
            <GA1 max="2" meetings="0,12;3,14;13,2;15,14;" min="0" penalty="1" slotGroups="" slots="4;17;11;33" type="HARD"/>
            <GA1 max="0" meetings="17,1;" min="0" penalty="1" slotGroups="" slots="12" type="HARD"/>
            <GA1 max="0" meetings="10,6;" min="0" penalty="1" slotGroups="" slots="15" type="HARD"/>
            <GA1 max="0" meetings="3,12;" min="0" penalty="1" slotGroups="" slots="6" type="HARD"/>
        </GameConstraints>
        <BreakConstraints>
            <BR1 intp="1" mode1="LEQ" mode2="HA" penalty="1" slotGroups="" slots="9;20;36" teamGroups="" teams="16" type="HARD"/>
            <BR1 intp="2" mode1="LEQ" mode2="HA" penalty="1" slotGroups="" slots="16;23;13;18;0;19" teamGroups="" teams="10" type="HARD"/>
            <BR1 intp="2" mode1="LEQ" mode2="HA" penalty="1" slotGroups="" slots="24;2;20;6;1;34" teamGroups="" teams="14" type="HARD"/>
            <BR1 intp="2" mode1="LEQ" mode2="HA" penalty="1" slotGroups="" slots="4;11;30;21;26;20" teamGroups="" teams="3" type="HARD"/>
            <BR1 intp="1" mode1="LEQ" mode2="HA" penalty="1" slotGroups="" slots="37;13;9" teamGroups="" teams="19" type="HARD"/>
            <BR1 intp="1" mode1="LEQ" mode2="HA" penalty="1" slotGroups="" slots="37;20;35" teamGroups="" teams="13" type="HARD"/>
            <BR1 intp="2" mode1="LEQ" mode2="HA" penalty="1" slotGroups="" slots="27;5;33;13;18;8" teamGroups="" teams="18" type="HARD"/>
            <BR1 intp="0" mode1="LEQ" mode2="HA" penalty="1" slotGroups="" slots="35" teamGroups="" teams="18" type="HARD"/>
            <BR1 intp="1" mode1="LEQ" mode2="HA" penalty="1" slotGroups="" slots="11;16;28" teamGroups="" teams="0" type="HARD"/>
            <BR1 intp="1" mode1="LEQ" mode2="HA" penalty="1" slotGroups="" slots="24;9;15" teamGroups="" teams="3" type="HARD"/>
            <BR1 intp="0" mode1="LEQ" mode2="HA" penalty="1" slotGroups="" slots="10" teamGroups="" teams="8" type="HARD"/>
            <BR1 intp="0" mode1="LEQ" mode2="HA" penalty="1" slotGroups="" slots="32" teamGroups="" teams="18" type="HARD"/>
            <BR1 intp="1" mode1="LEQ" mode2="HA" penalty="5" slotGroups="" slots="17;24;3" teamGroups="" teams="10" type="SOFT"/>
            <BR1 intp="0" mode1="LEQ" mode2="HA" penalty="5" slotGroups="" slots="2" teamGroups="" teams="17" type="SOFT"/>
            <BR1 intp="2" mode1="LEQ" mode2="HA" penalty="5" slotGroups="" slots="17;24;2;18;3;20" teamGroups="" teams="12" type="SOFT"/>
            <BR1 intp="0" mode1="LEQ" mode2="HA" penalty="5" slotGroups="" slots="32" teamGroups="" teams="14" type="SOFT"/>
            <BR1 intp="0" mode1="LEQ" mode2="HA" penalty="5" slotGroups="" slots="13" teamGroups="" teams="10" type="SOFT"/>
            <BR1 intp="1" mode1="LEQ" mode2="HA" penalty="5" slotGroups="" slots="5;20;6" teamGroups="" teams="7" type="SOFT"/>
            <BR1 intp="2" mode1="LEQ" mode2="HA" penalty="5" slotGroups="" slots="11;37;29;14;13;19" teamGroups="" teams="3" type="SOFT"/>
            <BR1 intp="1" mode1="LEQ" mode2="HA" penalty="5" slotGroups="" slots="7;25;10" teamGroups="" teams="19" type="SOFT"/>
            <BR1 intp="1" mode1="LEQ" mode2="HA" penalty="5" slotGroups="" slots="4;5;31" teamGroups="" teams="15" type="SOFT"/>
            <BR1 intp="0" mode1="LEQ" mode2="HA" penalty="5" slotGroups="" slots="30" teamGroups="" teams="4" type="SOFT"/>
            <BR1 intp="2" mode1="LEQ" mode2="HA" penalty="5" slotGroups="" slots="37;16;29;18;9;10" teamGroups="" teams="9" type="SOFT"/>
            <BR1 intp="0" mode1="LEQ" mode2="HA" penalty="5" slotGroups="" slots="28" teamGroups="" teams="1" type="SOFT"/>
            <BR1 intp="1" mode1="LEQ" mode2="HA" penalty="5" slotGroups="" slots="17;21;1" teamGroups="" teams="16" type="SOFT"/>
            <BR1 intp="0" mode1="LEQ" mode2="HA" penalty="5" slotGroups="" slots="26" teamGroups="" teams="11" type="SOFT"/>
            <BR1 intp="1" mode1="LEQ" mode2="HA" penalty="5" slotGroups="" slots="22;33;8" teamGroups="" teams="12" type="SOFT"/>
            <BR1 intp="2" mode1="LEQ" mode2="HA" penalty="5" slotGroups="" slots="27;11;31;20;28;36" teamGroups="" teams="2" type="SOFT"/>
            <BR1 intp="0" mode1="LEQ" mode2="HA" penalty="5" slotGroups="" slots="25" teamGroups="" teams="9" type="SOFT"/>
            <BR1 intp="2" mode1="LEQ" mode2="HA" penalty="5" slotGroups="" slots="22;14;30;0;31;32" teamGroups="" teams="8" type="SOFT"/>
            <BR1 intp="1" mode1="LEQ" mode2="HA" penalty="5" slotGroups="" slots="4;37;16" teamGroups="" teams="3" type="SOFT"/>
            <BR1 intp="1" mode1="LEQ" mode2="HA" penalty="5" slotGroups="" slots="9;10;32" teamGroups="" teams="19" type="SOFT"/>
            <BR1 intp="2" mode1="LEQ" mode2="HA" penalty="5" slotGroups="" slots="27;12;2;21;31;35" teamGroups="" teams="1" type="SOFT"/>
            <BR1 intp="2" mode1="LEQ" mode2="HA" penalty="5" slotGroups="" slots="29;23;33;2;28;36" teamGroups="" teams="14" type="SOFT"/>
            <BR1 intp="2" mode1="LEQ" mode2="HA" penalty="5" slotGroups="" slots="11;23;0;31;8;32" teamGroups="" teams="16" type="SOFT"/>
            <BR1 intp="1" mode1="LEQ" mode2="HA" penalty="5" slotGroups="" slots="29;0;8" teamGroups="" teams="16" type="SOFT"/>
            <BR2 intp="18" homeMode="HA" mode2="LEQ" penalty="10" slotGroups="" slots="4;17;27;5;12;7;25;11;37;16;22;29;14;30;23;24;33;13;2;18;3;0;21;19;31;26;9;20;10;6;8;35;15;1;28;34;32;36" teamGroups="" teams="12;11;18;19;14;15;17;16;9;8;13;1;10;7;6;2;0;3;5;4" type="SOFT"/>
        </BreakConstraints>
        <FairnessConstraints>
            <FA2 intp="2" mode="H" penalty="10" slotGroups="" slots="4;17;27;5;12;7;25;11;37;16;22;29;14;30;23;24;33;13;2;18;3;0;21;19;31;26;9;20;10;6;8;35;15;1;28;34;32;36" teamGroups="" teams="12;11;18;19;14;15;17;16;9;8;13;1;10;7;6;2;0;3;5;4" type="SOFT"/>
        </FairnessConstraints>
        <SeparationConstraints/>
    </Constraints>
</Instance>
