<?xml version="1.0" encoding="UTF-8"?>
<Instance>
    <MetaData>
        <InstanceName>Late 4</InstanceName>
        <DataType>A</DataType>
        <Contributor>ITC2021</Contributor>
	<Date year="2021" month="4"/>
    </MetaData>
    <Structure>
        <Format leagueIds="0">
            <numberRoundRobin>2</numberRoundRobin>
            <compactness>C</compactness>
            <gameMode>P</gameMode>
        </Format>
        <AdditionalGames/>
    </Structure>
    <ObjectiveFunction>
        <Objective>SC</Objective>
    </ObjectiveFunction>
    <Data>
        <Distances/>
        <COEWeights/>
        <Costs/>
    </Data>
    <Resources>
        <LeagueGroups/>
        <Leagues>
            <league id="0" leagueGroups="" name="League 0"/>
        </Leagues>
        <TeamGroups/>
        <Teams>
            <team id="0" league="0" name="Team 0" teamGroups=""/>
            <team id="1" league="0" name="Team 1" teamGroups=""/>
            <team id="2" league="0" name="Team 2" teamGroups=""/>
            <team id="3" league="0" name="Team 3" teamGroups=""/>
            <team id="4" league="0" name="Team 4" teamGroups=""/>
            <team id="5" league="0" name="Team 5" teamGroups=""/>
            <team id="6" league="0" name="Team 6" teamGroups=""/>
            <team id="7" league="0" name="Team 7" teamGroups=""/>
            <team id="8" league="0" name="Team 8" teamGroups=""/>
            <team id="9" league="0" name="Team 9" teamGroups=""/>
            <team id="10" league="0" name="Team 10" teamGroups=""/>
            <team id="11" league="0" name="Team 11" teamGroups=""/>
            <team id="12" league="0" name="Team 12" teamGroups=""/>
            <team id="13" league="0" name="Team 13" teamGroups=""/>
            <team id="14" league="0" name="Team 14" teamGroups=""/>
            <team id="15" league="0" name="Team 15" teamGroups=""/>
            <team id="16" league="0" name="Team 16" teamGroups=""/>
            <team id="17" league="0" name="Team 17" teamGroups=""/>
        </Teams>
        <SlotGroups/>
        <Slots>
            <slot id="0" name="Slot 0" slotGroup=""/>
            <slot id="1" name="Slot 1" slotGroup=""/>
            <slot id="2" name="Slot 2" slotGroup=""/>
            <slot id="3" name="Slot 3" slotGroup=""/>
            <slot id="4" name="Slot 4" slotGroup=""/>
            <slot id="5" name="Slot 5" slotGroup=""/>
            <slot id="6" name="Slot 6" slotGroup=""/>
            <slot id="7" name="Slot 7" slotGroup=""/>
            <slot id="8" name="Slot 8" slotGroup=""/>
            <slot id="9" name="Slot 9" slotGroup=""/>
            <slot id="10" name="Slot 10" slotGroup=""/>
            <slot id="11" name="Slot 11" slotGroup=""/>
            <slot id="12" name="Slot 12" slotGroup=""/>
            <slot id="13" name="Slot 13" slotGroup=""/>
            <slot id="14" name="Slot 14" slotGroup=""/>
            <slot id="15" name="Slot 15" slotGroup=""/>
            <slot id="16" name="Slot 16" slotGroup=""/>
            <slot id="17" name="Slot 17" slotGroup=""/>
            <slot id="18" name="Slot 18" slotGroup=""/>
            <slot id="19" name="Slot 19" slotGroup=""/>
            <slot id="20" name="Slot 20" slotGroup=""/>
            <slot id="21" name="Slot 21" slotGroup=""/>
            <slot id="22" name="Slot 22" slotGroup=""/>
            <slot id="23" name="Slot 23" slotGroup=""/>
            <slot id="24" name="Slot 24" slotGroup=""/>
            <slot id="25" name="Slot 25" slotGroup=""/>
            <slot id="26" name="Slot 26" slotGroup=""/>
            <slot id="27" name="Slot 27" slotGroup=""/>
            <slot id="28" name="Slot 28" slotGroup=""/>
            <slot id="29" name="Slot 29" slotGroup=""/>
            <slot id="30" name="Slot 30" slotGroup=""/>
            <slot id="31" name="Slot 31" slotGroup=""/>
            <slot id="32" name="Slot 32" slotGroup=""/>
            <slot id="33" name="Slot 33" slotGroup=""/>
        </Slots>
    </Resources>
    <Constraints>
        <BasicConstraints/>
        <CapacityConstraints>
            <CA1 max="1" min="0" mode="A" penalty="1" slotGroups="" slots="6;16;33" teamGroups="" teams="16" type="SOFT"/>
            <CA1 max="0" min="0" mode="H" penalty="1" slotGroups="" slots="26" teamGroups="" teams="16" type="SOFT"/>
            <CA1 max="0" min="0" mode="H" penalty="1" slotGroups="" slots="17" teamGroups="" teams="3" type="SOFT"/>
            <CA1 max="2" min="0" mode="A" penalty="1" slotGroups="" slots="26;20;3;4;31;22" teamGroups="" teams="5" type="SOFT"/>
            <CA1 max="1" min="0" mode="A" penalty="1" slotGroups="" slots="14;19;10;16;22" teamGroups="" teams="2" type="SOFT"/>
            <CA1 max="0" min="0" mode="H" penalty="1" slotGroups="" slots="32" teamGroups="" teams="16" type="SOFT"/>
            <CA1 max="2" min="0" mode="A" penalty="1" slotGroups="" slots="27;21;12;3;4;29" teamGroups="" teams="17" type="SOFT"/>
            <CA1 max="0" min="0" mode="H" penalty="1" slotGroups="" slots="32" teamGroups="" teams="10" type="SOFT"/>
            <CA1 max="1" min="0" mode="A" penalty="1" slotGroups="" slots="27;13;3;33;30" teamGroups="" teams="8" type="SOFT"/>
            <CA1 max="0" min="0" mode="H" penalty="1" slotGroups="" slots="10" teamGroups="" teams="3" type="SOFT"/>
            <CA1 max="1" min="0" mode="H" penalty="1" slotGroups="" slots="27;14;20;17" teamGroups="" teams="12" type="SOFT"/>
            <CA1 max="0" min="0" mode="H" penalty="1" slotGroups="" slots="33" teamGroups="" teams="3" type="SOFT"/>
            <CA1 max="2" min="0" mode="H" penalty="1" slotGroups="" slots="27;21;23;6;10;2" teamGroups="" teams="7" type="SOFT"/>
            <CA1 max="0" min="0" mode="H" penalty="1" slotGroups="" slots="13" teamGroups="" teams="5" type="SOFT"/>
            <CA1 max="1" min="0" mode="H" penalty="1" slotGroups="" slots="20;5;1;32" teamGroups="" teams="4" type="SOFT"/>
            <CA1 max="2" min="0" mode="H" penalty="1" slotGroups="" slots="25;19;6;15;5;0" teamGroups="" teams="17" type="SOFT"/>
            <CA1 max="1" min="0" mode="H" penalty="1" slotGroups="" slots="21;14;4;29;22" teamGroups="" teams="15" type="SOFT"/>
            <CA1 max="1" min="0" mode="H" penalty="1" slotGroups="" slots="12;9;30" teamGroups="" teams="15" type="SOFT"/>
            <CA1 max="0" min="0" mode="A" penalty="1" slotGroups="" slots="2" teamGroups="" teams="15" type="SOFT"/>
            <CA1 max="1" min="0" mode="A" penalty="1" slotGroups="" slots="25;19;5;8;32" teamGroups="" teams="17" type="SOFT"/>
            <CA1 max="2" min="0" mode="A" penalty="1" slotGroups="" slots="14;25;20;15;12;16" teamGroups="" teams="15" type="SOFT"/>
            <CA1 max="1" min="0" mode="H" penalty="1" slotGroups="" slots="18;13;16;3" teamGroups="" teams="8" type="SOFT"/>
            <CA1 max="0" min="0" mode="A" penalty="1" slotGroups="" slots="16" teamGroups="" teams="0" type="SOFT"/>
            <CA1 max="0" min="0" mode="H" penalty="1" slotGroups="" slots="20" teamGroups="" teams="16" type="SOFT"/>
            <CA1 max="1" min="0" mode="A" penalty="1" slotGroups="" slots="26;10;5;16;1" teamGroups="" teams="7" type="SOFT"/>
            <CA1 max="1" min="0" mode="H" penalty="1" slotGroups="" slots="25;12;2" teamGroups="" teams="9" type="SOFT"/>
            <CA1 max="1" min="0" mode="H" penalty="1" slotGroups="" slots="21;15;24;29" teamGroups="" teams="13" type="SOFT"/>
            <CA1 max="0" min="0" mode="H" penalty="1" slotGroups="" slots="16" teamGroups="" teams="5" type="SOFT"/>
            <CA1 max="2" min="0" mode="A" penalty="1" slotGroups="" slots="25;17;11;1;31;30" teamGroups="" teams="11" type="SOFT"/>
            <CA1 max="0" min="0" mode="A" penalty="1" slotGroups="" slots="29" teamGroups="" teams="13" type="SOFT"/>
            <CA1 max="1" min="0" mode="A" penalty="1" slotGroups="" slots="21;13;3" teamGroups="" teams="11" type="SOFT"/>
            <CA1 max="0" min="0" mode="H" penalty="1" slotGroups="" slots="22" teamGroups="" teams="9" type="SOFT"/>
            <CA4 max="2" min="0" mode1="H" mode2="GLOBAL" penalty="1" slotGroups="" slots="2;3;4;0" teamGroups1="" teamGroups2="" teams1="15;14;7;3" teams2="15;14;7;3" type="HARD"/>
            <CA4 max="2" min="0" mode1="H" mode2="GLOBAL" penalty="1" slotGroups="" slots="2;4;1;0" teamGroups1="" teamGroups2="" teams1="16;15;11;4" teams2="16;15;11;4" type="HARD"/>
            <CA4 max="1" min="0" mode1="H" mode2="EVERY" penalty="1" slotGroups="" slots="29" teamGroups1="" teamGroups2="" teams1="15;1" teams2="16;15;8;17;12;13;14;7;9;11;2;6;3;5;1;4;10;0" type="HARD"/>
            <CA4 max="2" min="0" mode1="H" mode2="GLOBAL" penalty="1" slotGroups="" slots="21;14;13;6;17;3" teamGroups1="" teamGroups2="" teams1="15;8;12;2;1;10" teams2="15;8;12;2;1;10" type="HARD"/>
            <CA4 max="2" min="0" mode1="H" mode2="GLOBAL" penalty="1" slotGroups="" slots="7;2;3;0" teamGroups1="" teamGroups2="" teams1="13;11;3;4" teams2="13;11;3;4" type="HARD"/>
            <CA4 max="1" min="0" mode1="H" mode2="EVERY" penalty="1" slotGroups="" slots="24" teamGroups1="" teamGroups2="" teams1="8;9" teams2="16;15;8;17;12;13;14;7;9;11;2;6;3;5;1;4;10;0" type="HARD"/>
            <CA4 max="2" min="0" mode1="H" mode2="GLOBAL" penalty="1" slotGroups="" slots="5;9;2;3;4" teamGroups1="" teamGroups2="" teams1="15;11;6;1;10" teams2="15;11;6;1;10" type="HARD"/>
            <CA4 max="2" min="0" mode1="H" mode2="GLOBAL" penalty="1" slotGroups="" slots="21;23;6;9;3;4" teamGroups1="" teamGroups2="" teams1="16;13;9;3;10;0" teams2="16;13;9;3;10;0" type="HARD"/>
            <CA4 max="2" min="0" mode1="H" mode2="GLOBAL" penalty="1" slotGroups="" slots="11;5;7;1;0" teamGroups1="" teamGroups2="" teams1="16;17;12;14;1" teams2="16;17;12;14;1" type="HARD"/>
            <CA4 max="2" min="0" mode1="H" mode2="GLOBAL" penalty="1" slotGroups="" slots="5;3;4;0" teamGroups1="" teamGroups2="" teams1="16;15;12;6" teams2="16;15;12;6" type="HARD"/>
            <CA4 max="2" min="0" mode1="H" mode2="GLOBAL" penalty="1" slotGroups="" slots="6;2;4;0" teamGroups1="" teamGroups2="" teams1="16;7;2;4" teams2="16;7;2;4" type="HARD"/>
            <CA4 max="2" min="0" mode1="H" mode2="GLOBAL" penalty="1" slotGroups="" slots="2;3;1;0" teamGroups1="" teamGroups2="" teams1="11;3;4;10" teams2="11;3;4;10" type="HARD"/>
            <CA4 max="2" min="0" mode1="H" mode2="GLOBAL" penalty="1" slotGroups="" slots="14;13;5;7;2;0" teamGroups1="" teamGroups2="" teams1="16;12;7;2;6;1" teams2="16;12;7;2;6;1" type="HARD"/>
            <CA4 max="1" min="0" mode1="H" mode2="EVERY" penalty="1" slotGroups="" slots="5" teamGroups1="" teamGroups2="" teams1="8;4" teams2="16;15;8;17;12;13;14;7;9;11;2;6;3;5;1;4;10;0" type="HARD"/>
            <CA4 max="1" min="0" mode1="H" mode2="EVERY" penalty="1" slotGroups="" slots="10" teamGroups1="" teamGroups2="" teams1="9;6" teams2="16;15;8;17;12;13;14;7;9;11;2;6;3;5;1;4;10;0" type="HARD"/>
            <CA4 max="2" min="0" mode1="H" mode2="GLOBAL" penalty="1" slotGroups="" slots="6;5;3;4;0" teamGroups1="" teamGroups2="" teams1="16;15;13;14;3" teams2="16;15;13;14;3" type="HARD"/>
            <CA4 max="1" min="0" mode1="H" mode2="EVERY" penalty="1" slotGroups="" slots="0" teamGroups1="" teamGroups2="" teams1="7;6" teams2="16;15;8;17;12;13;14;7;9;11;2;6;3;5;1;4;10;0" type="HARD"/>
            <CA4 max="2" min="0" mode1="H" mode2="GLOBAL" penalty="1" slotGroups="" slots="2;3;1;0" teamGroups1="" teamGroups2="" teams1="16;6;10;0" teams2="16;6;10;0" type="HARD"/>
        </CapacityConstraints>
        <GameConstraints>
            <GA1 max="1" meetings="12,17;" min="1" penalty="1" slotGroups="" slots="22" type="HARD"/>
            <GA1 max="3" meetings="1,4;2,16;3,5;" min="2" penalty="1" slotGroups="" slots="25;3;30" type="HARD"/>
            <GA1 max="3" meetings="5,13;17,4;17,9;" min="2" penalty="1" slotGroups="" slots="23;15;8" type="HARD"/>
            <GA1 max="0" meetings="10,11;" min="0" penalty="1" slotGroups="" slots="18" type="HARD"/>
            <GA1 max="0" meetings="16,14;" min="0" penalty="1" slotGroups="" slots="21" type="HARD"/>
            <GA1 max="0" meetings="6,11;" min="0" penalty="1" slotGroups="" slots="11" type="HARD"/>
            <GA1 max="0" meetings="3,10;" min="0" penalty="1" slotGroups="" slots="3" type="HARD"/>
            <GA1 max="1" meetings="6,2;17,7;" min="0" penalty="1" slotGroups="" slots="5;4" type="HARD"/>
            <GA1 max="0" meetings="4,2;" min="0" penalty="1" slotGroups="" slots="29" type="HARD"/>
            <GA1 max="1" meetings="0,5;" min="1" penalty="1" slotGroups="" slots="1" type="HARD"/>
            <GA1 max="0" meetings="3,17;" min="0" penalty="1" slotGroups="" slots="4" type="HARD"/>
            <GA1 max="1" meetings="5,8;7,15;13,9;" min="0" penalty="1" slotGroups="" slots="20;6;11" type="HARD"/>
            <GA1 max="0" meetings="16,2;" min="0" penalty="1" slotGroups="" slots="0" type="HARD"/>
            <GA1 max="0" meetings="17,16;" min="0" penalty="1" slotGroups="" slots="22" type="HARD"/>
            <GA1 max="1" meetings="11,8;" min="1" penalty="1" slotGroups="" slots="1" type="HARD"/>
            <GA1 max="1" meetings="5,15;11,4;17,2;" min="0" penalty="1" slotGroups="" slots="28;18;1" type="HARD"/>
            <GA1 max="1" meetings="8,16;" min="1" penalty="1" slotGroups="" slots="29" type="HARD"/>
            <GA1 max="2" meetings="5,3;7,8;11,12;12,3;" min="0" penalty="1" slotGroups="" slots="28;25;6;15" type="HARD"/>
            <GA1 max="0" meetings="3,10;" min="0" penalty="1" slotGroups="" slots="11" type="HARD"/>
            <GA1 max="4" meetings="11,0;11,10;13,12;15,9;" min="2" penalty="1" slotGroups="" slots="21;23;29;30" type="HARD"/>
            <GA1 max="4" meetings="3,0;3,13;9,13;13,10;" min="2" penalty="1" slotGroups="" slots="13;17;1;33" type="HARD"/>
            <GA1 max="1" meetings="4,8;" min="1" penalty="1" slotGroups="" slots="26" type="HARD"/>
            <GA1 max="4" meetings="0,14;3,5;6,7;12,11;" min="2" penalty="1" slotGroups="" slots="25;9;0" type="HARD"/>
            <GA1 max="0" meetings="8,10;" min="0" penalty="1" slotGroups="" slots="10" type="HARD"/>
            <GA1 max="0" meetings="11,1;" min="0" penalty="1" slotGroups="" slots="31" type="HARD"/>
            <GA1 max="1" meetings="4,6;6,10;8,16;" min="0" penalty="1" slotGroups="" slots="12;7;30" type="HARD"/>
            <GA1 max="1" meetings="5,14;" min="1" penalty="1" slotGroups="" slots="22" type="HARD"/>
            <GA1 max="3" meetings="4,16;9,1;17,16;" min="2" penalty="1" slotGroups="" slots="13;31" type="HARD"/>
            <GA1 max="0" meetings="5,11;" min="0" penalty="1" slotGroups="" slots="24" type="HARD"/>
            <GA1 max="0" meetings="16,7;" min="0" penalty="1" slotGroups="" slots="20" type="HARD"/>
            <GA1 max="0" meetings="9,15;" min="0" penalty="1" slotGroups="" slots="21" type="HARD"/>
            <GA1 max="0" meetings="1,16;" min="0" penalty="1" slotGroups="" slots="33" type="HARD"/>
            <GA1 max="3" meetings="3,9;16,10;17,1;" min="2" penalty="1" slotGroups="" slots="11;7;31" type="HARD"/>
            <GA1 max="1" meetings="6,7;9,6;" min="0" penalty="1" slotGroups="" slots="6;29" type="HARD"/>
            <GA1 max="0" meetings="6,13;" min="0" penalty="1" slotGroups="" slots="26;20;17;11" type="SOFT"/>
        </GameConstraints>
        <BreakConstraints>
            <BR1 intp="1" mode1="LEQ" mode2="HA" penalty="1" slotGroups="" slots="23;17;22" teamGroups="" teams="16" type="HARD"/>
            <BR1 intp="2" mode1="LEQ" mode2="HA" penalty="1" slotGroups="" slots="12;5;16;4;1;29" teamGroups="" teams="11" type="HARD"/>
            <BR1 intp="2" mode1="LEQ" mode2="HA" penalty="1" slotGroups="" slots="28;23;18;20;24;7" teamGroups="" teams="14" type="HARD"/>
            <BR1 intp="2" mode1="LEQ" mode2="HA" penalty="1" slotGroups="" slots="19;13;17;7;3;22" teamGroups="" teams="11" type="HARD"/>
            <BR1 intp="1" mode1="LEQ" mode2="HA" penalty="1" slotGroups="" slots="27;23;29" teamGroups="" teams="4" type="HARD"/>
            <BR1 intp="2" mode1="LEQ" mode2="HA" penalty="1" slotGroups="" slots="26;14;20;17;12;8" teamGroups="" teams="16" type="HARD"/>
            <BR1 intp="0" mode1="LEQ" mode2="HA" penalty="1" slotGroups="" slots="17" teamGroups="" teams="17" type="HARD"/>
            <BR1 intp="1" mode1="LEQ" mode2="HA" penalty="1" slotGroups="" slots="18;17;12" teamGroups="" teams="16" type="HARD"/>
            <BR1 intp="1" mode1="LEQ" mode2="HA" penalty="1" slotGroups="" slots="7;32;22" teamGroups="" teams="5" type="HARD"/>
            <BR1 intp="0" mode1="LEQ" mode2="HA" penalty="1" slotGroups="" slots="33" teamGroups="" teams="13" type="HARD"/>
            <BR1 intp="0" mode1="LEQ" mode2="HA" penalty="1" slotGroups="" slots="1" teamGroups="" teams="12" type="HARD"/>
            <BR1 intp="1" mode1="LEQ" mode2="HA" penalty="1" slotGroups="" slots="21;19;30" teamGroups="" teams="8" type="HARD"/>
            <BR1 intp="0" mode1="LEQ" mode2="HA" penalty="1" slotGroups="" slots="17" teamGroups="" teams="10" type="HARD"/>
            <BR1 intp="2" mode1="LEQ" mode2="HA" penalty="1" slotGroups="" slots="14;17;2;0;32;29" teamGroups="" teams="9" type="HARD"/>
            <BR1 intp="0" mode1="LEQ" mode2="HA" penalty="1" slotGroups="" slots="23" teamGroups="" teams="6" type="HARD"/>
            <BR1 intp="2" mode1="LEQ" mode2="HA" penalty="1" slotGroups="" slots="18;19;11;2;33;30" teamGroups="" teams="0" type="HARD"/>
            <BR1 intp="0" mode1="LEQ" mode2="HA" penalty="1" slotGroups="" slots="11" teamGroups="" teams="6" type="HARD"/>
            <BR1 intp="2" mode1="LEQ" mode2="HA" penalty="1" slotGroups="" slots="27;18;15;16;9;3" teamGroups="" teams="16" type="HARD"/>
            <BR1 intp="1" mode1="LEQ" mode2="HA" penalty="1" slotGroups="" slots="13;9;0" teamGroups="" teams="7" type="HARD"/>
            <BR1 intp="1" mode1="LEQ" mode2="HA" penalty="1" slotGroups="" slots="26;28;33" teamGroups="" teams="10" type="HARD"/>
            <BR1 intp="2" mode1="LEQ" mode2="HA" penalty="1" slotGroups="" slots="25;19;17;11;7;22" teamGroups="" teams="13" type="HARD"/>
            <BR1 intp="1" mode1="LEQ" mode2="HA" penalty="1" slotGroups="" slots="19;13;24" teamGroups="" teams="2" type="HARD"/>
            <BR1 intp="1" mode1="LEQ" mode2="HA" penalty="1" slotGroups="" slots="3;0;30" teamGroups="" teams="16" type="HARD"/>
            <BR1 intp="0" mode1="LEQ" mode2="HA" penalty="1" slotGroups="" slots="30" teamGroups="" teams="9" type="HARD"/>
            <BR1 intp="2" mode1="LEQ" mode2="HA" penalty="1" slotGroups="" slots="27;15;5;9;8;1" teamGroups="" teams="5" type="HARD"/>
            <BR1 intp="0" mode1="LEQ" mode2="HA" penalty="1" slotGroups="" slots="11" teamGroups="" teams="17" type="HARD"/>
            <BR1 intp="1" mode1="LEQ" mode2="HA" penalty="1" slotGroups="" slots="23;5;29" teamGroups="" teams="7" type="HARD"/>
            <BR1 intp="2" mode1="LEQ" mode2="HA" penalty="1" slotGroups="" slots="28;11;5;9;29;30" teamGroups="" teams="1" type="HARD"/>
            <BR1 intp="1" mode1="LEQ" mode2="HA" penalty="1" slotGroups="" slots="27;18;16" teamGroups="" teams="1" type="HARD"/>
            <BR1 intp="0" mode1="LEQ" mode2="HA" penalty="1" slotGroups="" slots="22" teamGroups="" teams="6" type="HARD"/>
            <BR1 intp="2" mode1="LEQ" mode2="HA" penalty="1" slotGroups="" slots="18;20;13;24;11;1" teamGroups="" teams="14" type="HARD"/>
            <BR1 intp="0" mode1="LEQ" mode2="HA" penalty="1" slotGroups="" slots="21" teamGroups="" teams="14" type="HARD"/>
            <BR1 intp="1" mode1="LEQ" mode2="HA" penalty="1" slotGroups="" slots="13;24;29" teamGroups="" teams="9" type="HARD"/>
            <BR1 intp="1" mode1="LEQ" mode2="HA" penalty="1" slotGroups="" slots="26;6;2" teamGroups="" teams="4" type="HARD"/>
            <BR1 intp="2" mode1="LEQ" mode2="HA" penalty="1" slotGroups="" slots="28;21;17;1;33;29" teamGroups="" teams="14" type="HARD"/>
            <BR1 intp="0" mode1="LEQ" mode2="HA" penalty="1" slotGroups="" slots="24" teamGroups="" teams="7" type="HARD"/>
            <BR1 intp="1" mode1="LEQ" mode2="HA" penalty="1" slotGroups="" slots="21;11;5" teamGroups="" teams="17" type="HARD"/>
            <BR1 intp="1" mode1="LEQ" mode2="HA" penalty="1" slotGroups="" slots="28;23;11" teamGroups="" teams="5" type="HARD"/>
            <BR1 intp="0" mode1="LEQ" mode2="HA" penalty="1" slotGroups="" slots="25" teamGroups="" teams="2" type="HARD"/>
            <BR1 intp="2" mode1="LEQ" mode2="HA" penalty="1" slotGroups="" slots="23;25;12;3;31;32" teamGroups="" teams="14" type="HARD"/>
            <BR1 intp="2" mode1="LEQ" mode2="HA" penalty="1" slotGroups="" slots="21;19;6;5;3;4" teamGroups="" teams="1" type="HARD"/>
            <BR1 intp="1" mode1="LEQ" mode2="HA" penalty="1" slotGroups="" slots="26;14;22" teamGroups="" teams="3" type="HARD"/>
            <BR1 intp="0" mode1="LEQ" mode2="HA" penalty="1" slotGroups="" slots="24" teamGroups="" teams="8" type="HARD"/>
            <BR1 intp="2" mode1="LEQ" mode2="HA" penalty="1" slotGroups="" slots="27;21;23;25;19;12" teamGroups="" teams="1" type="HARD"/>
        </BreakConstraints>
        <FairnessConstraints/>
        <SeparationConstraints>
            <SE1 mode1="SLOTS" min="10" penalty="10" teamGroups="" teams="16;15;8;17;12;13;14;7;9;11;2;6;3;5;1;4;10;0" type="SOFT"/>
        </SeparationConstraints>
    </Constraints>
</Instance>
