<?xml version="1.0" encoding="UTF-8"?>
<Instance>
    <MetaData>
        <InstanceName>Late 6</InstanceName>
        <DataType>A</DataType>
        <Contributor>ITC2021</Contributor>
	<Date year="2021" month="4"/>
    </MetaData>
    <Structure>
        <Format leagueIds="0">
            <numberRoundRobin>2</numberRoundRobin>
            <compactness>C</compactness>
            <gameMode>P</gameMode>
        </Format>
        <AdditionalGames/>
    </Structure>
    <ObjectiveFunction>
        <Objective>SC</Objective>
    </ObjectiveFunction>
    <Data>
        <Distances/>
        <COEWeights/>
        <Costs/>
    </Data>
    <Resources>
        <LeagueGroups/>
        <Leagues>
            <league id="0" leagueGroups="" name="League 0"/>
        </Leagues>
        <TeamGroups/>
        <Teams>
            <team id="0" league="0" name="Team 0" teamGroups=""/>
            <team id="1" league="0" name="Team 1" teamGroups=""/>
            <team id="2" league="0" name="Team 2" teamGroups=""/>
            <team id="3" league="0" name="Team 3" teamGroups=""/>
            <team id="4" league="0" name="Team 4" teamGroups=""/>
            <team id="5" league="0" name="Team 5" teamGroups=""/>
            <team id="6" league="0" name="Team 6" teamGroups=""/>
            <team id="7" league="0" name="Team 7" teamGroups=""/>
            <team id="8" league="0" name="Team 8" teamGroups=""/>
            <team id="9" league="0" name="Team 9" teamGroups=""/>
            <team id="10" league="0" name="Team 10" teamGroups=""/>
            <team id="11" league="0" name="Team 11" teamGroups=""/>
            <team id="12" league="0" name="Team 12" teamGroups=""/>
            <team id="13" league="0" name="Team 13" teamGroups=""/>
            <team id="14" league="0" name="Team 14" teamGroups=""/>
            <team id="15" league="0" name="Team 15" teamGroups=""/>
            <team id="16" league="0" name="Team 16" teamGroups=""/>
            <team id="17" league="0" name="Team 17" teamGroups=""/>
        </Teams>
        <SlotGroups/>
        <Slots>
            <slot id="0" name="Slot 0" slotGroup=""/>
            <slot id="1" name="Slot 1" slotGroup=""/>
            <slot id="2" name="Slot 2" slotGroup=""/>
            <slot id="3" name="Slot 3" slotGroup=""/>
            <slot id="4" name="Slot 4" slotGroup=""/>
            <slot id="5" name="Slot 5" slotGroup=""/>
            <slot id="6" name="Slot 6" slotGroup=""/>
            <slot id="7" name="Slot 7" slotGroup=""/>
            <slot id="8" name="Slot 8" slotGroup=""/>
            <slot id="9" name="Slot 9" slotGroup=""/>
            <slot id="10" name="Slot 10" slotGroup=""/>
            <slot id="11" name="Slot 11" slotGroup=""/>
            <slot id="12" name="Slot 12" slotGroup=""/>
            <slot id="13" name="Slot 13" slotGroup=""/>
            <slot id="14" name="Slot 14" slotGroup=""/>
            <slot id="15" name="Slot 15" slotGroup=""/>
            <slot id="16" name="Slot 16" slotGroup=""/>
            <slot id="17" name="Slot 17" slotGroup=""/>
            <slot id="18" name="Slot 18" slotGroup=""/>
            <slot id="19" name="Slot 19" slotGroup=""/>
            <slot id="20" name="Slot 20" slotGroup=""/>
            <slot id="21" name="Slot 21" slotGroup=""/>
            <slot id="22" name="Slot 22" slotGroup=""/>
            <slot id="23" name="Slot 23" slotGroup=""/>
            <slot id="24" name="Slot 24" slotGroup=""/>
            <slot id="25" name="Slot 25" slotGroup=""/>
            <slot id="26" name="Slot 26" slotGroup=""/>
            <slot id="27" name="Slot 27" slotGroup=""/>
            <slot id="28" name="Slot 28" slotGroup=""/>
            <slot id="29" name="Slot 29" slotGroup=""/>
            <slot id="30" name="Slot 30" slotGroup=""/>
            <slot id="31" name="Slot 31" slotGroup=""/>
            <slot id="32" name="Slot 32" slotGroup=""/>
            <slot id="33" name="Slot 33" slotGroup=""/>
        </Slots>
    </Resources>
    <Constraints>
        <BasicConstraints/>
        <CapacityConstraints>
            <CA1 max="1" min="0" mode="A" penalty="1" slotGroups="" slots="28;6;5;14;32" teamGroups="" teams="13" type="SOFT"/>
            <CA1 max="1" min="0" mode="A" penalty="1" slotGroups="" slots="28;22;33" teamGroups="" teams="8" type="SOFT"/>
            <CA1 max="1" min="0" mode="H" penalty="1" slotGroups="" slots="28;8;5;0;15" teamGroups="" teams="6" type="SOFT"/>
            <CA1 max="0" min="0" mode="H" penalty="1" slotGroups="" slots="2" teamGroups="" teams="0" type="SOFT"/>
            <CA1 max="1" min="0" mode="A" penalty="1" slotGroups="" slots="33;16" teamGroups="" teams="2" type="SOFT"/>
            <CA1 max="1" min="0" mode="A" penalty="1" slotGroups="" slots="3;22;1" teamGroups="" teams="0" type="SOFT"/>
            <CA1 max="0" min="0" mode="H" penalty="1" slotGroups="" slots="9" teamGroups="" teams="2" type="SOFT"/>
            <CA1 max="0" min="0" mode="A" penalty="1" slotGroups="" slots="0" teamGroups="" teams="5" type="SOFT"/>
            <CA1 max="0" min="0" mode="A" penalty="1" slotGroups="" slots="31" teamGroups="" teams="17" type="SOFT"/>
            <CA1 max="0" min="0" mode="A" penalty="1" slotGroups="" slots="1" teamGroups="" teams="7" type="SOFT"/>
            <CA1 max="2" min="0" mode="A" penalty="1" slotGroups="" slots="7;13;12;3;27;25" teamGroups="" teams="12" type="SOFT"/>
            <CA1 max="1" min="0" mode="A" penalty="1" slotGroups="" slots="20;14;22;4" teamGroups="" teams="13" type="SOFT"/>
            <CA1 max="1" min="0" mode="A" penalty="1" slotGroups="" slots="28;24;18;0;15" teamGroups="" teams="13" type="SOFT"/>
            <CA1 max="1" min="0" mode="A" penalty="1" slotGroups="" slots="10;31;17;32" teamGroups="" teams="11" type="SOFT"/>
            <CA1 max="1" min="0" mode="H" penalty="1" slotGroups="" slots="24;7;31;30;2" teamGroups="" teams="11" type="SOFT"/>
            <CA1 max="1" min="0" mode="H" penalty="1" slotGroups="" slots="3;17;4;21;33" teamGroups="" teams="9" type="SOFT"/>
            <CA1 max="0" min="0" mode="H" penalty="1" slotGroups="" slots="32" teamGroups="" teams="10" type="SOFT"/>
            <CA1 max="0" min="0" mode="A" penalty="1" slotGroups="" slots="10" teamGroups="" teams="10" type="SOFT"/>
            <CA1 max="2" min="0" mode="A" penalty="1" slotGroups="" slots="18;29;27;17;1;21" teamGroups="" teams="17" type="SOFT"/>
            <CA1 max="1" min="0" mode="H" penalty="1" slotGroups="" slots="18;2;4" teamGroups="" teams="2" type="SOFT"/>
            <CA1 max="1" min="0" mode="A" penalty="1" slotGroups="" slots="0;27;30" teamGroups="" teams="10" type="SOFT"/>
            <CA1 max="1" min="0" mode="A" penalty="1" slotGroups="" slots="9;14;17;15" teamGroups="" teams="5" type="SOFT"/>
            <CA1 max="1" min="0" mode="H" penalty="1" slotGroups="" slots="18;27;15" teamGroups="" teams="8" type="SOFT"/>
            <CA1 max="1" min="0" mode="A" penalty="1" slotGroups="" slots="28;7;33" teamGroups="" teams="10" type="SOFT"/>
            <CA1 max="1" min="0" mode="A" penalty="1" slotGroups="" slots="24;3;19;0;27" teamGroups="" teams="0" type="SOFT"/>
            <CA1 max="0" min="0" mode="H" penalty="1" slotGroups="" slots="23" teamGroups="" teams="0" type="SOFT"/>
            <CA1 max="1" min="0" mode="H" penalty="1" slotGroups="" slots="12;27;17;22;23" teamGroups="" teams="16" type="SOFT"/>
            <CA1 max="2" min="0" mode="A" penalty="1" slotGroups="" slots="8;11;19;30;15;16" teamGroups="" teams="15" type="SOFT"/>
            <CA1 max="0" min="0" mode="A" penalty="1" slotGroups="" slots="1" teamGroups="" teams="9" type="SOFT"/>
            <CA1 max="0" min="0" mode="H" penalty="1" slotGroups="" slots="10" teamGroups="" teams="1" type="SOFT"/>
            <CA1 max="1" min="0" mode="H" penalty="1" slotGroups="" slots="28;24" teamGroups="" teams="14" type="SOFT"/>
            <CA1 max="0" min="0" mode="A" penalty="1" slotGroups="" slots="33" teamGroups="" teams="2" type="SOFT"/>
            <CA2 max="2" min="0" mode1="H" mode2="GLOBAL" penalty="5" slotGroups="" slots="28;24;12;17;21;33;16" teamGroups1="" teamGroups2="" teams1="0" teams2="15;17;5;9;12;16;11" type="SOFT"/>
            <CA2 max="2" min="0" mode1="H" mode2="GLOBAL" penalty="5" slotGroups="" slots="28;9;6;29;30;32" teamGroups1="" teamGroups2="" teams1="12" teams2="15;0;3;1;7;10" type="SOFT"/>
            <CA2 max="1" min="0" mode1="HA" mode2="GLOBAL" penalty="5" slotGroups="" slots="10;31;30;22;2;25;21" teamGroups1="" teamGroups2="" teams1="6" teams2="15;4;2;3;1;16;8" type="SOFT"/>
            <CA2 max="1" min="0" mode1="HA" mode2="GLOBAL" penalty="5" slotGroups="" slots="9;6;26;29;15;22" teamGroups1="" teamGroups2="" teams1="14" teams2="2;0;3;9;12;13" type="SOFT"/>
            <CA2 max="2" min="0" mode1="HA" mode2="GLOBAL" penalty="5" slotGroups="" slots="18;7;8;10;22;2;32;21" teamGroups1="" teamGroups2="" teams1="10" teams2="15;4;2;5;0;3;16;11" type="SOFT"/>
            <CA2 max="2" min="0" mode1="A" mode2="GLOBAL" penalty="5" slotGroups="" slots="26;29;0;30;23;25;33" teamGroups1="" teamGroups2="" teams1="8" teams2="17;14;3;1;16;11;13" type="SOFT"/>
            <CA2 max="2" min="0" mode1="A" mode2="GLOBAL" penalty="5" slotGroups="" slots="28;18;7;6;27;30;1" teamGroups1="" teamGroups2="" teams1="10" teams2="15;17;4;16;11;13;7" type="SOFT"/>
            <CA2 max="1" min="0" mode1="HA" mode2="GLOBAL" penalty="5" slotGroups="" slots="24;13;10;17;22;1;25" teamGroups1="" teamGroups2="" teams1="7" teams2="2;5;14;3;12;16;11" type="SOFT"/>
            <CA2 max="2" min="0" mode1="A" mode2="GLOBAL" penalty="5" slotGroups="" slots="7;8;3;14;27;25" teamGroups1="" teamGroups2="" teams1="15" teams2="17;3;9;11;13;8" type="SOFT"/>
            <CA2 max="3" min="0" mode1="A" mode2="GLOBAL" penalty="5" slotGroups="" slots="28;9;20;13;3;19;23;32" teamGroups1="" teamGroups2="" teams1="11" teams2="17;6;5;0;1;9;16;13" type="SOFT"/>
            <CA2 max="2" min="0" mode1="HA" mode2="GLOBAL" penalty="5" slotGroups="" slots="24;13;10;3;0;2;23;25" teamGroups1="" teamGroups2="" teams1="17" teams2="2;5;14;11;13;8;7;10" type="SOFT"/>
            <CA2 max="1" min="0" mode1="HA" mode2="GLOBAL" penalty="5" slotGroups="" slots="8;12;31;3;30;23;16" teamGroups1="" teamGroups2="" teams1="14" teams2="17;6;5;0;13;7;10" type="SOFT"/>
            <CA2 max="3" min="0" mode1="A" mode2="GLOBAL" penalty="5" slotGroups="" slots="18;9;13;5;3;26;17;1" teamGroups1="" teamGroups2="" teams1="10" teams2="15;17;14;0;3;13;8;7" type="SOFT"/>
            <CA2 max="1" min="0" mode1="HA" mode2="GLOBAL" penalty="5" slotGroups="" slots="18;13;17;22;4;25;21" teamGroups1="" teamGroups2="" teams1="4" teams2="2;5;14;3;16;8;7" type="SOFT"/>
            <CA2 max="3" min="0" mode1="H" mode2="GLOBAL" penalty="5" slotGroups="" slots="6;8;5;14;26;19;4;23" teamGroups1="" teamGroups2="" teams1="11" teams2="15;5;14;0;9;16;8;7" type="SOFT"/>
            <CA2 max="3" min="0" mode1="H" mode2="GLOBAL" penalty="5" slotGroups="" slots="18;9;20;17;30;15;2;33" teamGroups1="" teamGroups2="" teams1="12" teams2="4;14;3;1;16;11;13;10" type="SOFT"/>
            <CA2 max="1" min="0" mode1="HA" mode2="GLOBAL" penalty="5" slotGroups="" slots="24;6;11;3;27;22;21" teamGroups1="" teamGroups2="" teams1="16" teams2="4;2;12;13;8;7;10" type="SOFT"/>
            <CA2 max="1" min="0" mode1="HA" mode2="GLOBAL" penalty="5" slotGroups="" slots="28;11;31;14;29;0" teamGroups1="" teamGroups2="" teams1="12" teams2="15;2;16;11;7;10" type="SOFT"/>
            <CA2 max="1" min="0" mode1="HA" mode2="GLOBAL" penalty="5" slotGroups="" slots="24;9;11;10;19;4;25" teamGroups1="" teamGroups2="" teams1="15" teams2="17;4;6;0;9;16;11" type="SOFT"/>
            <CA2 max="1" min="0" mode1="HA" mode2="GLOBAL" penalty="5" slotGroups="" slots="10;14;26;19;17;30;15" teamGroups1="" teamGroups2="" teams1="12" teams2="15;17;4;3;9;16;8" type="SOFT"/>
            <CA2 max="1" min="0" mode1="HA" mode2="GLOBAL" penalty="5" slotGroups="" slots="24;11;14;26;22;25" teamGroups1="" teamGroups2="" teams1="12" teams2="17;2;3;16;11;7" type="SOFT"/>
            <CA2 max="2" min="0" mode1="H" mode2="GLOBAL" penalty="5" slotGroups="" slots="18;5;15;22;32;16" teamGroups1="" teamGroups2="" teams1="10" teams2="4;6;0;9;16;7" type="SOFT"/>
            <CA2 max="3" min="0" mode1="H" mode2="GLOBAL" penalty="5" slotGroups="" slots="9;12;14;30;2;25;21;33" teamGroups1="" teamGroups2="" teams1="3" teams2="15;4;6;5;1;16;11;8" type="SOFT"/>
            <CA2 max="1" min="0" mode1="HA" mode2="GLOBAL" penalty="5" slotGroups="" slots="28;7;13;14;27;2;16" teamGroups1="" teamGroups2="" teams1="0" teams2="17;4;14;9;12;16;8" type="SOFT"/>
            <CA2 max="3" min="0" mode1="A" mode2="GLOBAL" penalty="5" slotGroups="" slots="18;20;11;27;30;15;4;16" teamGroups1="" teamGroups2="" teams1="12" teams2="15;4;6;14;3;1;13;8" type="SOFT"/>
            <CA2 max="1" min="0" mode1="HA" mode2="GLOBAL" penalty="5" slotGroups="" slots="7;26;0;15;21;33;16" teamGroups1="" teamGroups2="" teams1="4" teams2="17;2;0;3;11;7;10" type="SOFT"/>
            <CA2 max="3" min="0" mode1="H" mode2="GLOBAL" penalty="5" slotGroups="" slots="28;18;6;5;0;27;25;33" teamGroups1="" teamGroups2="" teams1="8" teams2="17;2;6;5;14;0;12;11" type="SOFT"/>
            <CA2 max="1" min="0" mode1="HA" mode2="GLOBAL" penalty="5" slotGroups="" slots="6;8;12;26;25;33;16" teamGroups1="" teamGroups2="" teams1="15" teams2="4;6;0;9;12;16;11" type="SOFT"/>
            <CA2 max="1" min="0" mode1="HA" mode2="GLOBAL" penalty="5" slotGroups="" slots="28;18;19;0;27;25" teamGroups1="" teamGroups2="" teams1="4" teams2="2;6;14;12;16;7" type="SOFT"/>
            <CA2 max="2" min="0" mode1="H" mode2="GLOBAL" penalty="5" slotGroups="" slots="24;9;19;15;25;33" teamGroups1="" teamGroups2="" teams1="14" teams2="0;11;13;8;7;10" type="SOFT"/>
            <CA2 max="2" min="0" mode1="H" mode2="GLOBAL" penalty="5" slotGroups="" slots="28;7;10;3;14;26;30" teamGroups1="" teamGroups2="" teams1="0" teams2="4;6;5;12;16;11;13" type="SOFT"/>
            <CA2 max="2" min="0" mode1="H" mode2="GLOBAL" penalty="5" slotGroups="" slots="18;20;13;10;26;17;22" teamGroups1="" teamGroups2="" teams1="0" teams2="17;4;9;16;13;8;10" type="SOFT"/>
            <CA2 max="1" min="0" mode1="HA" mode2="GLOBAL" penalty="5" slotGroups="" slots="13;31;29;17;2;16" teamGroups1="" teamGroups2="" teams1="8" teams2="5;0;3;16;11;10" type="SOFT"/>
            <CA2 max="2" min="0" mode1="A" mode2="GLOBAL" penalty="5" slotGroups="" slots="18;7;10;4;32;16" teamGroups1="" teamGroups2="" teams1="13" teams2="0;3;1;12;11;7" type="SOFT"/>
            <CA2 max="2" min="0" mode1="A" mode2="GLOBAL" penalty="5" slotGroups="" slots="18;7;9;8;5;23" teamGroups1="" teamGroups2="" teams1="6" teams2="14;3;1;12;16;11" type="SOFT"/>
            <CA2 max="2" min="0" mode1="H" mode2="GLOBAL" penalty="5" slotGroups="" slots="20;29;27;4;1;21;33" teamGroups1="" teamGroups2="" teams1="11" teams2="6;0;1;12;16;8;10" type="SOFT"/>
            <CA2 max="2" min="0" mode1="A" mode2="GLOBAL" penalty="5" slotGroups="" slots="12;31;0;27;30;32;25" teamGroups1="" teamGroups2="" teams1="1" teams2="17;4;2;6;14;12;16" type="SOFT"/>
            <CA2 max="2" min="0" mode1="HA" mode2="GLOBAL" penalty="5" slotGroups="" slots="28;8;14;26;0;27;22;4" teamGroups1="" teamGroups2="" teams1="9" teams2="15;4;5;14;0;3;12;16" type="SOFT"/>
            <CA2 max="2" min="0" mode1="H" mode2="GLOBAL" penalty="5" slotGroups="" slots="24;8;11;5;29;27;22" teamGroups1="" teamGroups2="" teams1="4" teams2="6;5;0;3;1;11;13" type="SOFT"/>
            <CA2 max="3" min="0" mode1="A" mode2="GLOBAL" penalty="5" slotGroups="" slots="28;18;9;11;3;26;27;2" teamGroups1="" teamGroups2="" teams1="6" teams2="15;17;9;12;16;11;8;10" type="SOFT"/>
            <CA2 max="2" min="0" mode1="H" mode2="GLOBAL" penalty="5" slotGroups="" slots="28;24;11;12;15;23" teamGroups1="" teamGroups2="" teams1="12" teams2="15;6;5;0;11;13" type="SOFT"/>
            <CA2 max="1" min="0" mode1="HA" mode2="GLOBAL" penalty="5" slotGroups="" slots="6;13;11;19;30;25" teamGroups1="" teamGroups2="" teams1="2" teams2="6;14;0;12;8;10" type="SOFT"/>
            <CA2 max="1" min="0" mode1="HA" mode2="GLOBAL" penalty="5" slotGroups="" slots="13;12;5;0;4;21" teamGroups1="" teamGroups2="" teams1="8" teams2="17;2;9;13;7;10" type="SOFT"/>
            <CA2 max="2" min="0" mode1="H" mode2="GLOBAL" penalty="5" slotGroups="" slots="18;27;17;22;2;25;21" teamGroups1="" teamGroups2="" teams1="2" teams2="15;5;0;3;16;13;8" type="SOFT"/>
            <CA2 max="1" min="0" mode1="HA" mode2="GLOBAL" penalty="5" slotGroups="" slots="9;20;31;29;0;32" teamGroups1="" teamGroups2="" teams1="3" teams2="15;6;14;0;16;11" type="SOFT"/>
            <CA2 max="2" min="0" mode1="A" mode2="GLOBAL" penalty="5" slotGroups="" slots="8;13;3;19;27;23;21" teamGroups1="" teamGroups2="" teams1="15" teams2="17;5;14;0;1;12;8" type="SOFT"/>
            <CA2 max="2" min="0" mode1="H" mode2="GLOBAL" penalty="5" slotGroups="" slots="7;13;11;10;3;23;33" teamGroups1="" teamGroups2="" teams1="11" teams2="4;6;5;0;1;8;10" type="SOFT"/>
            <CA2 max="2" min="0" mode1="H" mode2="GLOBAL" penalty="5" slotGroups="" slots="8;3;29;27;17;23" teamGroups1="" teamGroups2="" teams1="8" teams2="15;0;1;13;7;10" type="SOFT"/>
            <CA2 max="2" min="0" mode1="A" mode2="GLOBAL" penalty="5" slotGroups="" slots="13;12;3;19;27;23" teamGroups1="" teamGroups2="" teams1="14" teams2="4;0;12;16;11;8" type="SOFT"/>
            <CA2 max="2" min="0" mode1="HA" mode2="GLOBAL" penalty="5" slotGroups="" slots="28;24;9;3;1;32;25;33" teamGroups1="" teamGroups2="" teams1="15" teams2="17;4;5;14;0;16;11;8" type="SOFT"/>
            <CA2 max="2" min="0" mode1="H" mode2="GLOBAL" penalty="5" slotGroups="" slots="8;26;19;0;32;25" teamGroups1="" teamGroups2="" teams1="4" teams2="2;5;1;11;7;10" type="SOFT"/>
            <CA2 max="3" min="0" mode1="A" mode2="GLOBAL" penalty="5" slotGroups="" slots="24;7;6;11;12;14;1;25" teamGroups1="" teamGroups2="" teams1="8" teams2="17;14;0;3;9;12;13;7" type="SOFT"/>
            <CA2 max="1" min="0" mode1="HA" mode2="GLOBAL" penalty="5" slotGroups="" slots="28;18;8;11;27;1" teamGroups1="" teamGroups2="" teams1="5" teams2="17;14;1;13;8;7" type="SOFT"/>
            <CA2 max="2" min="0" mode1="A" mode2="GLOBAL" penalty="5" slotGroups="" slots="7;14;26;17;15;2;25" teamGroups1="" teamGroups2="" teams1="7" teams2="17;2;6;5;3;8;10" type="SOFT"/>
            <CA2 max="3" min="0" mode1="A" mode2="GLOBAL" penalty="5" slotGroups="" slots="28;20;5;10;27;22;32;33" teamGroups1="" teamGroups2="" teams1="9" teams2="2;5;14;3;12;16;11;10" type="SOFT"/>
            <CA2 max="1" min="0" mode1="HA" mode2="GLOBAL" penalty="5" slotGroups="" slots="28;18;7;12;31;0;33" teamGroups1="" teamGroups2="" teams1="12" teams2="17;4;6;14;0;3;9" type="SOFT"/>
            <CA2 max="1" min="0" mode1="HA" mode2="GLOBAL" penalty="5" slotGroups="" slots="28;20;11;19;23;33" teamGroups1="" teamGroups2="" teams1="8" teams2="15;2;3;11;13;10" type="SOFT"/>
            <CA2 max="3" min="0" mode1="A" mode2="GLOBAL" penalty="5" slotGroups="" slots="20;6;8;10;2;23;32;25" teamGroups1="" teamGroups2="" teams1="17" teams2="15;2;14;12;16;11;8;10" type="SOFT"/>
            <CA2 max="2" min="0" mode1="A" mode2="GLOBAL" penalty="5" slotGroups="" slots="28;18;9;20;13;27;30" teamGroups1="" teamGroups2="" teams1="2" teams2="4;5;0;1;11;13;7" type="SOFT"/>
            <CA2 max="2" min="0" mode1="H" mode2="GLOBAL" penalty="5" slotGroups="" slots="28;18;13;26;17;4" teamGroups1="" teamGroups2="" teams1="3" teams2="15;17;2;1;9;12" type="SOFT"/>
            <CA2 max="2" min="0" mode1="H" mode2="GLOBAL" penalty="5" slotGroups="" slots="20;8;31;26;0;25;33" teamGroups1="" teamGroups2="" teams1="17" teams2="4;6;5;14;11;8;10" type="SOFT"/>
            <CA2 max="3" min="0" mode1="H" mode2="GLOBAL" penalty="5" slotGroups="" slots="24;18;6;5;27;22;2;21" teamGroups1="" teamGroups2="" teams1="13" teams2="15;17;4;1;12;16;11;8" type="SOFT"/>
            <CA2 max="2" min="0" mode1="A" mode2="GLOBAL" penalty="5" slotGroups="" slots="24;13;27;30;15;1" teamGroups1="" teamGroups2="" teams1="4" teams2="2;3;12;13;8;10" type="SOFT"/>
            <CA2 max="2" min="0" mode1="A" mode2="GLOBAL" penalty="5" slotGroups="" slots="3;26;29;27;32;16" teamGroups1="" teamGroups2="" teams1="12" teams2="17;4;14;0;3;16" type="SOFT"/>
            <CA2 max="2" min="0" mode1="A" mode2="GLOBAL" penalty="5" slotGroups="" slots="10;26;17;15;21;16" teamGroups1="" teamGroups2="" teams1="9" teams2="15;4;6;5;11;8" type="SOFT"/>
            <CA2 max="1" min="0" mode1="HA" mode2="GLOBAL" penalty="5" slotGroups="" slots="7;6;13;10;27;16" teamGroups1="" teamGroups2="" teams1="4" teams2="2;6;3;12;7;10" type="SOFT"/>
            <CA2 max="2" min="0" mode1="HA" mode2="GLOBAL" penalty="5" slotGroups="" slots="8;31;0;22;2;1;23;33" teamGroups1="" teamGroups2="" teams1="13" teams2="15;4;6;14;1;9;16;11" type="SOFT"/>
            <CA2 max="1" min="0" mode1="HA" mode2="GLOBAL" penalty="5" slotGroups="" slots="28;18;8;12;14;19;32" teamGroups1="" teamGroups2="" teams1="7" teams2="2;3;1;12;11;13;8" type="SOFT"/>
            <CA2 max="2" min="0" mode1="A" mode2="GLOBAL" penalty="5" slotGroups="" slots="6;5;3;14;27;4" teamGroups1="" teamGroups2="" teams1="6" teams2="15;14;3;12;11;13" type="SOFT"/>
            <CA2 max="2" min="0" mode1="HA" mode2="GLOBAL" penalty="5" slotGroups="" slots="18;6;14;19;30;4;21;16" teamGroups1="" teamGroups2="" teams1="3" teams2="17;4;2;6;14;9;12;11" type="SOFT"/>
            <CA2 max="3" min="0" mode1="A" mode2="GLOBAL" penalty="5" slotGroups="" slots="28;20;3;14;29;1;32;16" teamGroups1="" teamGroups2="" teams1="12" teams2="4;6;5;14;1;16;11;8" type="SOFT"/>
            <CA2 max="2" min="0" mode1="H" mode2="GLOBAL" penalty="5" slotGroups="" slots="24;18;6;10;14;26;30" teamGroups1="" teamGroups2="" teams1="11" teams2="15;17;5;14;0;3;8" type="SOFT"/>
            <CA2 max="3" min="0" mode1="A" mode2="GLOBAL" penalty="5" slotGroups="" slots="18;6;8;10;14;23;25;33" teamGroups1="" teamGroups2="" teams1="3" teams2="15;4;6;14;12;13;8;10" type="SOFT"/>
            <CA2 max="2" min="0" mode1="H" mode2="GLOBAL" penalty="5" slotGroups="" slots="18;8;13;12;5;3;32" teamGroups1="" teamGroups2="" teams1="10" teams2="17;5;0;9;16;13;7" type="SOFT"/>
            <CA2 max="3" min="0" mode1="A" mode2="GLOBAL" penalty="5" slotGroups="" slots="9;8;17;15;4;25;21;33" teamGroups1="" teamGroups2="" teams1="13" teams2="15;17;2;6;5;14;3;12" type="SOFT"/>
            <CA2 max="3" min="0" mode1="A" mode2="GLOBAL" penalty="5" slotGroups="" slots="28;6;11;12;5;14;19;21" teamGroups1="" teamGroups2="" teams1="14" teams2="15;17;6;1;9;12;8;7" type="SOFT"/>
            <CA2 max="2" min="0" mode1="H" mode2="GLOBAL" penalty="5" slotGroups="" slots="18;29;27;30;4;1" teamGroups1="" teamGroups2="" teams1="17" teams2="15;14;0;1;11;8" type="SOFT"/>
            <CA2 max="2" min="0" mode1="HA" mode2="GLOBAL" penalty="5" slotGroups="" slots="24;18;3;26;27;2;23;25" teamGroups1="" teamGroups2="" teams1="17" teams2="4;2;14;3;9;16;13;10" type="SOFT"/>
            <CA2 max="2" min="0" mode1="H" mode2="GLOBAL" penalty="5" slotGroups="" slots="18;12;3;0;4;21" teamGroups1="" teamGroups2="" teams1="14" teams2="15;17;3;9;12;8" type="SOFT"/>
            <CA2 max="2" min="0" mode1="HA" mode2="GLOBAL" penalty="5" slotGroups="" slots="12;10;19;0;22;1;23;21" teamGroups1="" teamGroups2="" teams1="10" teams2="4;0;3;1;9;12;11;7" type="SOFT"/>
            <CA2 max="2" min="0" mode1="A" mode2="GLOBAL" penalty="5" slotGroups="" slots="18;7;9;6;4;21" teamGroups1="" teamGroups2="" teams1="3" teams2="2;6;5;8;7;10" type="SOFT"/>
            <CA2 max="2" min="0" mode1="A" mode2="GLOBAL" penalty="5" slotGroups="" slots="24;8;5;19;27;15" teamGroups1="" teamGroups2="" teams1="7" teams2="6;5;14;13;8;10" type="SOFT"/>
            <CA2 max="2" min="0" mode1="A" mode2="GLOBAL" penalty="5" slotGroups="" slots="28;18;9;13;19;32" teamGroups1="" teamGroups2="" teams1="10" teams2="15;14;1;12;16;7" type="SOFT"/>
            <CA2 max="2" min="0" mode1="H" mode2="GLOBAL" penalty="5" slotGroups="" slots="7;31;14;26;2;21" teamGroups1="" teamGroups2="" teams1="7" teams2="15;17;2;14;3;9" type="SOFT"/>
            <CA2 max="2" min="0" mode1="A" mode2="GLOBAL" penalty="5" slotGroups="" slots="28;11;14;19;2;1" teamGroups1="" teamGroups2="" teams1="14" teams2="15;6;0;12;13;10" type="SOFT"/>
            <CA2 max="3" min="0" mode1="A" mode2="GLOBAL" penalty="5" slotGroups="" slots="28;26;0;27;17;2;4;23" teamGroups1="" teamGroups2="" teams1="6" teams2="15;2;5;3;9;11;13;8" type="SOFT"/>
            <CA2 max="2" min="0" mode1="H" mode2="GLOBAL" penalty="5" slotGroups="" slots="18;27;17;30;1;25;33" teamGroups1="" teamGroups2="" teams1="16" teams2="15;14;0;3;1;9;11" type="SOFT"/>
            <CA2 max="2" min="0" mode1="H" mode2="GLOBAL" penalty="5" slotGroups="" slots="8;5;31;26;22;1;32" teamGroups1="" teamGroups2="" teams1="6" teams2="15;4;0;3;9;8;10" type="SOFT"/>
            <CA2 max="2" min="0" mode1="A" mode2="GLOBAL" penalty="5" slotGroups="" slots="6;12;3;19;32;21" teamGroups1="" teamGroups2="" teams1="5" teams2="6;0;9;12;16;7" type="SOFT"/>
            <CA2 max="2" min="0" mode1="H" mode2="GLOBAL" penalty="5" slotGroups="" slots="20;12;31;19;27;17;15" teamGroups1="" teamGroups2="" teams1="16" teams2="4;2;14;3;9;8;7" type="SOFT"/>
            <CA2 max="2" min="0" mode1="A" mode2="GLOBAL" penalty="5" slotGroups="" slots="5;31;3;14;0;2" teamGroups1="" teamGroups2="" teams1="3" teams2="17;6;14;1;12;13" type="SOFT"/>
            <CA2 max="3" min="0" mode1="A" mode2="GLOBAL" penalty="5" slotGroups="" slots="7;6;8;10;27;2;1;33" teamGroups1="" teamGroups2="" teams1="8" teams2="15;4;6;5;14;12;16;7" type="SOFT"/>
            <CA2 max="1" min="0" mode1="HA" mode2="GLOBAL" penalty="5" slotGroups="" slots="18;6;8;5;19;2;33" teamGroups1="" teamGroups2="" teams1="7" teams2="15;4;5;14;0;12;10" type="SOFT"/>
            <CA2 max="1" min="0" mode1="HA" mode2="GLOBAL" penalty="5" slotGroups="" slots="18;10;15;22;2;16" teamGroups1="" teamGroups2="" teams1="6" teams2="15;5;14;0;11;10" type="SOFT"/>
            <CA2 max="2" min="0" mode1="H" mode2="GLOBAL" penalty="5" slotGroups="" slots="24;18;20;6;10;14;1" teamGroups1="" teamGroups2="" teams1="17" teams2="15;2;6;14;9;16;7" type="SOFT"/>
            <CA2 max="2" min="0" mode1="H" mode2="GLOBAL" penalty="5" slotGroups="" slots="28;20;11;14;17;30" teamGroups1="" teamGroups2="" teams1="13" teams2="17;6;5;14;9;10" type="SOFT"/>
            <CA2 max="3" min="0" mode1="H" mode2="GLOBAL" penalty="5" slotGroups="" slots="28;20;13;31;30;15;22;1" teamGroups1="" teamGroups2="" teams1="11" teams2="17;6;9;12;16;13;8;7" type="SOFT"/>
            <CA2 max="2" min="0" mode1="H" mode2="GLOBAL" penalty="5" slotGroups="" slots="13;12;3;27;17;15;25" teamGroups1="" teamGroups2="" teams1="0" teams2="4;2;5;3;1;9;11" type="SOFT"/>
            <CA2 max="1" min="0" mode1="HA" mode2="GLOBAL" penalty="5" slotGroups="" slots="13;11;10;15;2;23;33" teamGroups1="" teamGroups2="" teams1="17" teams2="15;4;6;0;12;8;7" type="SOFT"/>
            <CA2 max="2" min="0" mode1="A" mode2="GLOBAL" penalty="5" slotGroups="" slots="28;3;14;19;27;17" teamGroups1="" teamGroups2="" teams1="8" teams2="15;6;1;11;13;7" type="SOFT"/>
            <CA2 max="2" min="0" mode1="H" mode2="GLOBAL" penalty="5" slotGroups="" slots="6;11;12;2;23;16" teamGroups1="" teamGroups2="" teams1="17" teams2="5;14;1;16;7;10" type="SOFT"/>
            <CA2 max="1" min="0" mode1="HA" mode2="GLOBAL" penalty="5" slotGroups="" slots="28;24;7;20;31;2;16" teamGroups1="" teamGroups2="" teams1="9" teams2="15;6;0;3;13;8;7" type="SOFT"/>
            <CA2 max="2" min="0" mode1="H" mode2="GLOBAL" penalty="5" slotGroups="" slots="18;13;14;29;30;23" teamGroups1="" teamGroups2="" teams1="17" teams2="4;5;1;12;16;13" type="SOFT"/>
            <CA2 max="2" min="0" mode1="H" mode2="GLOBAL" penalty="5" slotGroups="" slots="6;11;17;32;25;16" teamGroups1="" teamGroups2="" teams1="15" teams2="2;6;5;0;16;13" type="SOFT"/>
            <CA2 max="2" min="0" mode1="H" mode2="GLOBAL" penalty="5" slotGroups="" slots="24;7;20;3;32;16" teamGroups1="" teamGroups2="" teams1="15" teams2="17;14;0;1;16;8" type="SOFT"/>
            <CA2 max="2" min="0" mode1="A" mode2="GLOBAL" penalty="5" slotGroups="" slots="24;7;14;30;22;25;16" teamGroups1="" teamGroups2="" teams1="15" teams2="17;6;14;3;1;16;10" type="SOFT"/>
            <CA2 max="2" min="0" mode1="H" mode2="GLOBAL" penalty="5" slotGroups="" slots="24;6;3;14;29;25;33" teamGroups1="" teamGroups2="" teams1="7" teams2="6;0;9;16;11;8;10" type="SOFT"/>
            <CA2 max="2" min="0" mode1="HA" mode2="GLOBAL" penalty="5" slotGroups="" slots="18;20;11;12;31;30;22;16" teamGroups1="" teamGroups2="" teams1="16" teams2="4;2;6;5;1;12;8;10" type="SOFT"/>
            <CA2 max="3" min="0" mode1="H" mode2="GLOBAL" penalty="5" slotGroups="" slots="28;18;13;12;14;17;15;25" teamGroups1="" teamGroups2="" teams1="14" teams2="15;2;6;5;3;1;9;13" type="SOFT"/>
            <CA2 max="2" min="0" mode1="A" mode2="GLOBAL" penalty="5" slotGroups="" slots="8;5;19;4;25;16" teamGroups1="" teamGroups2="" teams1="9" teams2="17;0;3;12;16;10" type="SOFT"/>
            <CA2 max="1" min="0" mode1="HA" mode2="GLOBAL" penalty="5" slotGroups="" slots="7;9;14;26;19;15;21" teamGroups1="" teamGroups2="" teams1="16" teams2="15;2;0;3;1;8;10" type="SOFT"/>
            <CA2 max="3" min="0" mode1="H" mode2="GLOBAL" penalty="5" slotGroups="" slots="24;6;11;3;14;29;1;32" teamGroups1="" teamGroups2="" teams1="15" teams2="5;14;0;9;12;13;8;7" type="SOFT"/>
            <CA2 max="3" min="0" mode1="A" mode2="GLOBAL" penalty="5" slotGroups="" slots="18;9;13;31;14;15;22;33" teamGroups1="" teamGroups2="" teams1="7" teams2="17;5;14;0;1;11;13;8" type="SOFT"/>
            <CA2 max="3" min="0" mode1="H" mode2="GLOBAL" penalty="5" slotGroups="" slots="11;10;14;26;27;17;32;16" teamGroups1="" teamGroups2="" teams1="15" teams2="17;4;5;14;3;12;16;10" type="SOFT"/>
            <CA2 max="1" min="0" mode1="HA" mode2="GLOBAL" penalty="5" slotGroups="" slots="7;9;31;29;19;21;33" teamGroups1="" teamGroups2="" teams1="7" teams2="15;0;3;9;12;13;8" type="SOFT"/>
            <CA2 max="2" min="0" mode1="HA" mode2="GLOBAL" penalty="5" slotGroups="" slots="24;7;12;31;29;30;15;25" teamGroups1="" teamGroups2="" teams1="3" teams2="17;2;6;5;0;1;13;7" type="SOFT"/>
            <CA2 max="2" min="0" mode1="H" mode2="GLOBAL" penalty="5" slotGroups="" slots="18;31;26;15;2;16" teamGroups1="" teamGroups2="" teams1="7" teams2="2;6;5;0;3;12" type="SOFT"/>
            <CA2 max="1" min="0" mode1="HA" mode2="GLOBAL" penalty="5" slotGroups="" slots="24;11;27;22;2;16" teamGroups1="" teamGroups2="" teams1="2" teams2="17;6;5;3;16;11" type="SOFT"/>
            <CA2 max="3" min="0" mode1="A" mode2="GLOBAL" penalty="5" slotGroups="" slots="18;9;6;19;27;15;32;16" teamGroups1="" teamGroups2="" teams1="9" teams2="17;2;5;14;12;16;13;7" type="SOFT"/>
            <CA2 max="3" min="0" mode1="H" mode2="GLOBAL" penalty="5" slotGroups="" slots="28;18;12;5;10;14;0;33" teamGroups1="" teamGroups2="" teams1="14" teams2="17;4;0;3;9;12;11;10" type="SOFT"/>
            <CA2 max="3" min="0" mode1="H" mode2="GLOBAL" penalty="5" slotGroups="" slots="9;11;5;31;3;1;21;33" teamGroups1="" teamGroups2="" teams1="10" teams2="15;4;6;14;9;12;13;7" type="SOFT"/>
            <CA2 max="1" min="0" mode1="HA" mode2="GLOBAL" penalty="5" slotGroups="" slots="30;1;23;25;21;33" teamGroups1="" teamGroups2="" teams1="12" teams2="15;17;4;14;0;16" type="SOFT"/>
            <CA2 max="1" min="0" mode1="HA" mode2="GLOBAL" penalty="5" slotGroups="" slots="20;13;31;3;14;25;16" teamGroups1="" teamGroups2="" teams1="5" teams2="17;2;14;9;11;13;10" type="SOFT"/>
            <CA2 max="3" min="0" mode1="A" mode2="GLOBAL" penalty="5" slotGroups="" slots="7;8;14;26;0;17;21;16" teamGroups1="" teamGroups2="" teams1="9" teams2="17;4;2;5;1;16;11;13" type="SOFT"/>
            <CA2 max="1" min="0" mode1="HA" mode2="GLOBAL" penalty="5" slotGroups="" slots="18;7;6;8;11;16" teamGroups1="" teamGroups2="" teams1="8" teams2="4;6;14;3;1;10" type="SOFT"/>
            <CA4 max="2" min="0" mode1="H" mode2="GLOBAL" penalty="1" slotGroups="" slots="7;6;3;0" teamGroups1="" teamGroups2="" teams1="15;6;9;8" teams2="15;6;9;8" type="HARD"/>
            <CA4 max="2" min="0" mode1="H" mode2="GLOBAL" penalty="1" slotGroups="" slots="3;0;4;1" teamGroups1="" teamGroups2="" teams1="4;6;9;11" teams2="4;6;9;11" type="HARD"/>
            <CA4 max="2" min="0" mode1="H" mode2="GLOBAL" penalty="1" slotGroups="" slots="7;6;14;2;1;16" teamGroups1="" teamGroups2="" teams1="17;2;6;5;1;10" teams2="17;2;6;5;1;10" type="HARD"/>
            <CA4 max="1" min="0" mode1="H" mode2="EVERY" penalty="1" slotGroups="" slots="8" teamGroups1="" teamGroups2="" teams1="17;3" teams2="15;17;4;2;6;5;14;0;3;1;9;12;16;11;13;8;7;10" type="HARD"/>
            <CA4 max="2" min="0" mode1="H" mode2="GLOBAL" penalty="1" slotGroups="" slots="7;6;3;4;1" teamGroups1="" teamGroups2="" teams1="4;0;3;13;7" teams2="4;0;3;13;7" type="HARD"/>
            <CA4 max="2" min="0" mode1="H" mode2="GLOBAL" penalty="1" slotGroups="" slots="5;3;2;1" teamGroups1="" teamGroups2="" teams1="3;12;8;10" teams2="3;12;8;10" type="HARD"/>
            <CA4 max="1" min="0" mode1="H" mode2="EVERY" penalty="1" slotGroups="" slots="6" teamGroups1="" teamGroups2="" teams1="0;16" teams2="15;17;4;2;6;5;14;0;3;1;9;12;16;11;13;8;7;10" type="HARD"/>
            <CA4 max="2" min="0" mode1="H" mode2="GLOBAL" penalty="1" slotGroups="" slots="9;6;3;0;22;2" teamGroups1="" teamGroups2="" teams1="6;3;16;13;8;10" teams2="6;3;16;13;8;10" type="HARD"/>
            <CA4 max="2" min="0" mode1="H" mode2="GLOBAL" penalty="1" slotGroups="" slots="6;5;3;1" teamGroups1="" teamGroups2="" teams1="0;1;16;13" teams2="0;1;16;13" type="HARD"/>
            <CA4 max="2" min="0" mode1="H" mode2="GLOBAL" penalty="1" slotGroups="" slots="7;9;6;0;4" teamGroups1="" teamGroups2="" teams1="15;5;3;16;8" teams2="15;5;3;16;8" type="HARD"/>
            <CA4 max="2" min="0" mode1="H" mode2="GLOBAL" penalty="1" slotGroups="" slots="7;5;0;2;1" teamGroups1="" teamGroups2="" teams1="4;6;0;3;1" teams2="4;6;0;3;1" type="HARD"/>
            <CA4 max="2" min="0" mode1="H" mode2="GLOBAL" penalty="1" slotGroups="" slots="0;2;4;1" teamGroups1="" teamGroups2="" teams1="0;12;16;7" teams2="0;12;16;7" type="HARD"/>
            <CA4 max="2" min="0" mode1="H" mode2="GLOBAL" penalty="1" slotGroups="" slots="7;6;5;2;1" teamGroups1="" teamGroups2="" teams1="15;4;14;16;11" teams2="15;4;14;16;11" type="HARD"/>
            <CA4 max="2" min="0" mode1="H" mode2="GLOBAL" penalty="1" slotGroups="" slots="5;3;0;1" teamGroups1="" teamGroups2="" teams1="4;2;0;11" teams2="4;2;0;11" type="HARD"/>
            <CA4 max="2" min="0" mode1="H" mode2="GLOBAL" penalty="1" slotGroups="" slots="9;13;0;2;4;16" teamGroups1="" teamGroups2="" teams1="15;5;1;9;13;10" teams2="15;5;1;9;13;10" type="HARD"/>
            <CA4 max="1" min="0" mode1="H" mode2="EVERY" penalty="1" slotGroups="" slots="11" teamGroups1="" teamGroups2="" teams1="5;12" teams2="15;17;4;2;6;5;14;0;3;1;9;12;16;11;13;8;7;10" type="HARD"/>
            <CA4 max="2" min="0" mode1="H" mode2="GLOBAL" penalty="1" slotGroups="" slots="6;12;3;17;2;4" teamGroups1="" teamGroups2="" teams1="15;2;14;1;9;11" teams2="15;2;14;1;9;11" type="HARD"/>
            <CA4 max="1" min="0" mode1="H" mode2="EVERY" penalty="1" slotGroups="" slots="22" teamGroups1="" teamGroups2="" teams1="0;9" teams2="15;17;4;2;6;5;14;0;3;1;9;12;16;11;13;8;7;10" type="HARD"/>
            <CA4 max="2" min="0" mode1="H" mode2="GLOBAL" penalty="1" slotGroups="" slots="9;12;5;0;1" teamGroups1="" teamGroups2="" teams1="17;9;12;11;7" teams2="17;9;12;11;7" type="HARD"/>
            <CA4 max="2" min="0" mode1="H" mode2="GLOBAL" penalty="1" slotGroups="" slots="7;9;8;0;2" teamGroups1="" teamGroups2="" teams1="17;6;0;1;8" teams2="17;6;0;1;8" type="HARD"/>
            <CA4 max="2" min="0" mode1="H" mode2="GLOBAL" penalty="1" slotGroups="" slots="7;6;10;3;4" teamGroups1="" teamGroups2="" teams1="17;2;0;16;10" teams2="17;2;0;16;10" type="HARD"/>
            <CA4 max="2" min="0" mode1="H" mode2="GLOBAL" penalty="1" slotGroups="" slots="6;8;5;14;2;1" teamGroups1="" teamGroups2="" teams1="14;0;3;9;13;7" teams2="14;0;3;9;13;7" type="HARD"/>
            <CA4 max="2" min="0" mode1="H" mode2="GLOBAL" penalty="1" slotGroups="" slots="9;11;10;3;4;1" teamGroups1="" teamGroups2="" teams1="2;5;0;12;11;13" teams2="2;5;0;12;11;13" type="HARD"/>
            <CA4 max="2" min="0" mode1="H" mode2="GLOBAL" penalty="1" slotGroups="" slots="7;6;5;2;1" teamGroups1="" teamGroups2="" teams1="2;5;3;9;10" teams2="2;5;3;9;10" type="HARD"/>
            <CA4 max="2" min="0" mode1="H" mode2="GLOBAL" penalty="1" slotGroups="" slots="6;5;4;1" teamGroups1="" teamGroups2="" teams1="5;11;8;10" teams2="5;11;8;10" type="HARD"/>
            <CA4 max="1" min="0" mode1="H" mode2="EVERY" penalty="1" slotGroups="" slots="20" teamGroups1="" teamGroups2="" teams1="4;2" teams2="15;17;4;2;6;5;14;0;3;1;9;12;16;11;13;8;7;10" type="HARD"/>
            <CA4 max="2" min="0" mode1="H" mode2="GLOBAL" penalty="1" slotGroups="" slots="7;5;3;0;1" teamGroups1="" teamGroups2="" teams1="6;9;12;11;8" teams2="6;9;12;11;8" type="HARD"/>
            <CA4 max="2" min="0" mode1="H" mode2="GLOBAL" penalty="1" slotGroups="" slots="8;11;12;10;4" teamGroups1="" teamGroups2="" teams1="15;2;3;1;9" teams2="15;2;3;1;9" type="HARD"/>
            <CA4 max="2" min="0" mode1="H" mode2="GLOBAL" penalty="1" slotGroups="" slots="6;5;2;1" teamGroups1="" teamGroups2="" teams1="4;5;16;11" teams2="4;5;16;11" type="HARD"/>
            <CA4 max="2" min="0" mode1="H" mode2="GLOBAL" penalty="1" slotGroups="" slots="8;12;10;0;4" teamGroups1="" teamGroups2="" teams1="17;4;11;13;10" teams2="17;4;11;13;10" type="HARD"/>
            <CA4 max="2" min="0" mode1="H" mode2="GLOBAL" penalty="1" slotGroups="" slots="24;9;8;15;4;21" teamGroups1="" teamGroups2="" teams1="17;2;6;1;9;13" teams2="17;2;6;1;9;13" type="HARD"/>
            <CA4 max="2" min="0" mode1="H" mode2="GLOBAL" penalty="1" slotGroups="" slots="7;3;2;4;1" teamGroups1="" teamGroups2="" teams1="2;6;11;13;7" teams2="2;6;11;13;7" type="HARD"/>
            <CA4 max="2" min="0" mode1="H" mode2="GLOBAL" penalty="1" slotGroups="" slots="5;0;2;1" teamGroups1="" teamGroups2="" teams1="6;0;1;11" teams2="6;0;1;11" type="HARD"/>
            <CA4 max="2" min="0" mode1="H" mode2="GLOBAL" penalty="1" slotGroups="" slots="13;12;14;0;17;15" teamGroups1="" teamGroups2="" teams1="17;4;6;9;12;8" teams2="17;4;6;9;12;8" type="HARD"/>
            <CA4 max="2" min="0" mode1="H" mode2="GLOBAL" penalty="1" slotGroups="" slots="3;0;2;1" teamGroups1="" teamGroups2="" teams1="3;16;13;7" teams2="3;16;13;7" type="HARD"/>
            <CA4 max="1" min="0" mode1="H" mode2="EVERY" penalty="1" slotGroups="" slots="9" teamGroups1="" teamGroups2="" teams1="17;1" teams2="15;17;4;2;6;5;14;0;3;1;9;12;16;11;13;8;7;10" type="HARD"/>
            <CA4 max="2" min="0" mode1="H" mode2="GLOBAL" penalty="1" slotGroups="" slots="7;12;3;14;15;2" teamGroups1="" teamGroups2="" teams1="17;4;6;5;11;7" teams2="17;4;6;5;11;7" type="HARD"/>
            <CA4 max="2" min="0" mode1="H" mode2="GLOBAL" penalty="1" slotGroups="" slots="6;13;19;15;4;21" teamGroups1="" teamGroups2="" teams1="2;14;0;3;11;8" teams2="2;14;0;3;11;8" type="HARD"/>
            <CA4 max="1" min="0" mode1="H" mode2="EVERY" penalty="1" slotGroups="" slots="23" teamGroups1="" teamGroups2="" teams1="4;10" teams2="15;17;4;2;6;5;14;0;3;1;9;12;16;11;13;8;7;10" type="HARD"/>
            <CA4 max="2" min="0" mode1="H" mode2="GLOBAL" penalty="1" slotGroups="" slots="6;13;0;17;4;16" teamGroups1="" teamGroups2="" teams1="2;0;3;12;16;7" teams2="2;0;3;12;16;7" type="HARD"/>
            <CA4 max="2" min="0" mode1="H" mode2="GLOBAL" penalty="1" slotGroups="" slots="6;5;0;4;1" teamGroups1="" teamGroups2="" teams1="4;6;1;16;13" teams2="4;6;1;16;13" type="HARD"/>
            <CA4 max="1" min="0" mode1="H" mode2="EVERY" penalty="1" slotGroups="" slots="19" teamGroups1="" teamGroups2="" teams1="15;17" teams2="15;17;4;2;6;5;14;0;3;1;9;12;16;11;13;8;7;10" type="HARD"/>
            <CA4 max="2" min="0" mode1="H" mode2="GLOBAL" penalty="1" slotGroups="" slots="7;6;8;2;4" teamGroups1="" teamGroups2="" teams1="0;9;12;13;10" teams2="0;9;12;13;10" type="HARD"/>
            <CA4 max="2" min="0" mode1="H" mode2="GLOBAL" penalty="1" slotGroups="" slots="5;2;4;1" teamGroups1="" teamGroups2="" teams1="2;3;9;13" teams2="2;3;9;13" type="HARD"/>
            <CA4 max="2" min="0" mode1="H" mode2="GLOBAL" penalty="1" slotGroups="" slots="7;8;11;3;0" teamGroups1="" teamGroups2="" teams1="15;2;6;0;8" teams2="15;2;6;0;8" type="HARD"/>
            <CA4 max="2" min="0" mode1="H" mode2="GLOBAL" penalty="1" slotGroups="" slots="7;6;8;12;3;2" teamGroups1="" teamGroups2="" teams1="17;5;0;3;12;10" teams2="17;5;0;3;12;10" type="HARD"/>
            <CA4 max="2" min="0" mode1="H" mode2="GLOBAL" penalty="1" slotGroups="" slots="9;11;12;3;4" teamGroups1="" teamGroups2="" teams1="15;3;1;9;11" teams2="15;3;1;9;11" type="HARD"/>
            <CA4 max="2" min="0" mode1="H" mode2="GLOBAL" penalty="1" slotGroups="" slots="12;5;0;15;4;1" teamGroups1="" teamGroups2="" teams1="15;17;1;11;7;10" teams2="15;17;1;11;7;10" type="HARD"/>
            <CA4 max="1" min="0" mode1="H" mode2="EVERY" penalty="1" slotGroups="" slots="31" teamGroups1="" teamGroups2="" teams1="15;3" teams2="15;17;4;2;6;5;14;0;3;1;9;12;16;11;13;8;7;10" type="HARD"/>
            <CA4 max="1" min="0" mode1="H" mode2="EVERY" penalty="1" slotGroups="" slots="21" teamGroups1="" teamGroups2="" teams1="16;13" teams2="15;17;4;2;6;5;14;0;3;1;9;12;16;11;13;8;7;10" type="HARD"/>
            <CA4 max="1" min="0" mode1="H" mode2="EVERY" penalty="1" slotGroups="" slots="33" teamGroups1="" teamGroups2="" teams1="3;12" teams2="15;17;4;2;6;5;14;0;3;1;9;12;16;11;13;8;7;10" type="HARD"/>
            <CA4 max="2" min="0" mode1="H" mode2="GLOBAL" penalty="1" slotGroups="" slots="5;0;2;1" teamGroups1="" teamGroups2="" teams1="2;6;3;10" teams2="2;6;3;10" type="HARD"/>
            <CA4 max="2" min="0" mode1="H" mode2="GLOBAL" penalty="1" slotGroups="" slots="5;2;4;1" teamGroups1="" teamGroups2="" teams1="2;6;1;13" teams2="2;6;1;13" type="HARD"/>
            <CA4 max="2" min="0" mode1="H" mode2="GLOBAL" penalty="1" slotGroups="" slots="6;3;2;1" teamGroups1="" teamGroups2="" teams1="4;3;9;7" teams2="4;3;9;7" type="HARD"/>
            <CA4 max="2" min="0" mode1="H" mode2="GLOBAL" penalty="1" slotGroups="" slots="6;3;4;1" teamGroups1="" teamGroups2="" teams1="14;1;16;8" teams2="14;1;16;8" type="HARD"/>
            <CA4 max="2" min="0" mode1="H" mode2="GLOBAL" penalty="1" slotGroups="" slots="3;2;4;1" teamGroups1="" teamGroups2="" teams1="4;3;9;8" teams2="4;3;9;8" type="HARD"/>
            <CA4 max="2" min="0" mode1="H" mode2="GLOBAL" penalty="1" slotGroups="" slots="3;14;19;15;2;1" teamGroups1="" teamGroups2="" teams1="15;0;1;11;13;7" teams2="15;0;1;11;13;7" type="HARD"/>
            <CA4 max="2" min="0" mode1="H" mode2="GLOBAL" penalty="1" slotGroups="" slots="8;11;12;0;17;23" teamGroups1="" teamGroups2="" teams1="2;12;16;11;13;7" teams2="2;12;16;11;13;7" type="HARD"/>
            <CA4 max="2" min="0" mode1="H" mode2="GLOBAL" penalty="1" slotGroups="" slots="7;6;8;0;2" teamGroups1="" teamGroups2="" teams1="14;0;1;9;7" teams2="14;0;1;9;7" type="HARD"/>
            <CA4 max="1" min="0" mode1="H" mode2="EVERY" penalty="1" slotGroups="" slots="0" teamGroups1="" teamGroups2="" teams1="6;0" teams2="15;17;4;2;6;5;14;0;3;1;9;12;16;11;13;8;7;10" type="HARD"/>
            <CA4 max="1" min="0" mode1="H" mode2="EVERY" penalty="1" slotGroups="" slots="13" teamGroups1="" teamGroups2="" teams1="5;1" teams2="15;17;4;2;6;5;14;0;3;1;9;12;16;11;13;8;7;10" type="HARD"/>
            <CA4 max="2" min="0" mode1="H" mode2="GLOBAL" penalty="1" slotGroups="" slots="9;8;10;0;4" teamGroups1="" teamGroups2="" teams1="5;12;16;8;7" teams2="5;12;16;8;7" type="HARD"/>
            <CA4 max="1" min="0" mode1="H" mode2="EVERY" penalty="1" slotGroups="" slots="29" teamGroups1="" teamGroups2="" teams1="9;12" teams2="15;17;4;2;6;5;14;0;3;1;9;12;16;11;13;8;7;10" type="HARD"/>
            <CA4 max="2" min="0" mode1="H" mode2="GLOBAL" penalty="1" slotGroups="" slots="0;2;4;1" teamGroups1="" teamGroups2="" teams1="12;16;8;7" teams2="12;16;8;7" type="HARD"/>
            <CA4 max="2" min="0" mode1="H" mode2="GLOBAL" penalty="1" slotGroups="" slots="9;6;5;0;4" teamGroups1="" teamGroups2="" teams1="15;5;1;13;8" teams2="15;5;1;13;8" type="HARD"/>
            <CA4 max="1" min="0" mode1="H" mode2="EVERY" penalty="1" slotGroups="" slots="15" teamGroups1="" teamGroups2="" teams1="15;14" teams2="15;17;4;2;6;5;14;0;3;1;9;12;16;11;13;8;7;10" type="HARD"/>
            <CA4 max="2" min="0" mode1="H" mode2="GLOBAL" penalty="1" slotGroups="" slots="20;13;5;14;1;25" teamGroups1="" teamGroups2="" teams1="15;2;6;3;12;10" teams2="15;2;6;3;12;10" type="HARD"/>
            <CA4 max="2" min="0" mode1="H" mode2="GLOBAL" penalty="1" slotGroups="" slots="3;0;2;1" teamGroups1="" teamGroups2="" teams1="17;6;12;13" teams2="17;6;12;13" type="HARD"/>
            <CA4 max="2" min="0" mode1="H" mode2="GLOBAL" penalty="1" slotGroups="" slots="6;8;13;10;4" teamGroups1="" teamGroups2="" teams1="17;2;14;3;16" teams2="17;2;14;3;16" type="HARD"/>
            <CA4 max="2" min="0" mode1="H" mode2="GLOBAL" penalty="1" slotGroups="" slots="6;11;3;0;1" teamGroups1="" teamGroups2="" teams1="14;3;16;7;10" teams2="14;3;16;7;10" type="HARD"/>
            <CA4 max="2" min="0" mode1="H" mode2="GLOBAL" penalty="1" slotGroups="" slots="18;6;13;14;15;21" teamGroups1="" teamGroups2="" teams1="15;4;5;9;8;7" teams2="15;4;5;9;8;7" type="HARD"/>
            <CA4 max="2" min="0" mode1="H" mode2="GLOBAL" penalty="1" slotGroups="" slots="7;3;2;4;1" teamGroups1="" teamGroups2="" teams1="15;4;6;11;7" teams2="15;4;6;11;7" type="HARD"/>
            <CA4 max="2" min="0" mode1="H" mode2="GLOBAL" penalty="1" slotGroups="" slots="8;11;5;14;2;1" teamGroups1="" teamGroups2="" teams1="14;0;12;13;8;7" teams2="14;0;12;13;8;7" type="HARD"/>
            <CA4 max="1" min="0" mode1="H" mode2="EVERY" penalty="1" slotGroups="" slots="30" teamGroups1="" teamGroups2="" teams1="14;0" teams2="15;17;4;2;6;5;14;0;3;1;9;12;16;11;13;8;7;10" type="HARD"/>
            <CA4 max="2" min="0" mode1="H" mode2="GLOBAL" penalty="1" slotGroups="" slots="3;0;4;1" teamGroups1="" teamGroups2="" teams1="15;17;7;10" teams2="15;17;7;10" type="HARD"/>
            <CA4 max="1" min="0" mode1="H" mode2="EVERY" penalty="1" slotGroups="" slots="5" teamGroups1="" teamGroups2="" teams1="2;5" teams2="15;17;4;2;6;5;14;0;3;1;9;12;16;11;13;8;7;10" type="HARD"/>
            <CA4 max="2" min="0" mode1="H" mode2="GLOBAL" penalty="1" slotGroups="" slots="3;0;2;4" teamGroups1="" teamGroups2="" teams1="4;1;9;10" teams2="4;1;9;10" type="HARD"/>
            <CA4 max="1" min="0" mode1="H" mode2="EVERY" penalty="1" slotGroups="" slots="26" teamGroups1="" teamGroups2="" teams1="17;0" teams2="15;17;4;2;6;5;14;0;3;1;9;12;16;11;13;8;7;10" type="HARD"/>
            <CA4 max="2" min="0" mode1="H" mode2="GLOBAL" penalty="1" slotGroups="" slots="5;3;0;4" teamGroups1="" teamGroups2="" teams1="1;13;7;10" teams2="1;13;7;10" type="HARD"/>
            <CA4 max="2" min="0" mode1="H" mode2="GLOBAL" penalty="1" slotGroups="" slots="5;3;2;4" teamGroups1="" teamGroups2="" teams1="15;17;4;0" teams2="15;17;4;0" type="HARD"/>
            <CA4 max="2" min="0" mode1="H" mode2="GLOBAL" penalty="1" slotGroups="" slots="6;8;5;3;1" teamGroups1="" teamGroups2="" teams1="6;16;8;7;10" teams2="6;16;8;7;10" type="HARD"/>
            <CA4 max="2" min="0" mode1="H" mode2="GLOBAL" penalty="1" slotGroups="" slots="7;9;8;11;10" teamGroups1="" teamGroups2="" teams1="17;6;14;0;13" teams2="17;6;14;0;13" type="HARD"/>
            <CA4 max="2" min="0" mode1="H" mode2="GLOBAL" penalty="1" slotGroups="" slots="6;5;0;2;1" teamGroups1="" teamGroups2="" teams1="2;14;9;12;7" teams2="2;14;9;12;7" type="HARD"/>
            <CA4 max="2" min="0" mode1="H" mode2="GLOBAL" penalty="1" slotGroups="" slots="9;6;13;3;17;15" teamGroups1="" teamGroups2="" teams1="2;0;1;16;11;8" teams2="2;0;1;16;11;8" type="HARD"/>
            <CA4 max="2" min="0" mode1="H" mode2="GLOBAL" penalty="1" slotGroups="" slots="8;10;14;19;15;2" teamGroups1="" teamGroups2="" teams1="17;6;5;0;11;10" teams2="17;6;5;0;11;10" type="HARD"/>
        </CapacityConstraints>
        <GameConstraints>
            <GA1 max="4" meetings="1,11;6,11;8,12;11,14;" min="2" penalty="1" slotGroups="" slots="8;13;14;21" type="HARD"/>
            <GA1 max="0" meetings="3,6;" min="0" penalty="1" slotGroups="" slots="14" type="HARD"/>
            <GA1 max="1" meetings="7,15;11,1;" min="0" penalty="1" slotGroups="" slots="28;31" type="HARD"/>
            <GA1 max="1" meetings="4,2;" min="1" penalty="1" slotGroups="" slots="33" type="HARD"/>
            <GA1 max="1" meetings="3,14;15,7;" min="0" penalty="1" slotGroups="" slots="24;29" type="HARD"/>
            <GA1 max="2" meetings="2,16;3,12;7,0;10,2;" min="0" penalty="1" slotGroups="" slots="31;15;4;1" type="HARD"/>
            <GA1 max="0" meetings="7,14;" min="0" penalty="1" slotGroups="" slots="5" type="HARD"/>
            <GA1 max="0" meetings="1,3;" min="0" penalty="1" slotGroups="" slots="0" type="HARD"/>
            <GA1 max="2" meetings="6,8;8,16;9,4;12,0;" min="0" penalty="1" slotGroups="" slots="20;13;12;0" type="HARD"/>
            <GA1 max="1" meetings="11,1;12,16;15,8;" min="0" penalty="1" slotGroups="" slots="29;0;30" type="HARD"/>
            <GA1 max="0" meetings="9,10;" min="0" penalty="1" slotGroups="" slots="26" type="HARD"/>
            <GA1 max="1" meetings="9,2;" min="1" penalty="1" slotGroups="" slots="25" type="HARD"/>
            <GA1 max="1" meetings="8,9;11,0;17,14;" min="0" penalty="1" slotGroups="" slots="12;3;2" type="HARD"/>
            <GA1 max="2" meetings="0,8;8,3;13,15;17,11;" min="0" penalty="1" slotGroups="" slots="20;19;25;33" type="HARD"/>
            <GA1 max="0" meetings="1,17;" min="0" penalty="1" slotGroups="" slots="30" type="HARD"/>
            <GA1 max="2" meetings="1,9;7,11;14,12;16,11;" min="0" penalty="1" slotGroups="" slots="8;27;30;25" type="HARD"/>
            <GA1 max="1" meetings="9,15;14,3;14,12;" min="0" penalty="1" slotGroups="" slots="9;31;26" type="HARD"/>
            <GA1 max="3" meetings="5,17;11,13;13,14;" min="2" penalty="1" slotGroups="" slots="5;4;33" type="HARD"/>
            <GA1 max="1" meetings="3,9;7,3;15,9;" min="0" penalty="1" slotGroups="" slots="20;29;32" type="HARD"/>
            <GA1 max="0" meetings="12,2;" min="0" penalty="1" slotGroups="" slots="24" type="HARD"/>
            <GA1 max="1" meetings="13,4;" min="1" penalty="1" slotGroups="" slots="2" type="HARD"/>
            <GA1 max="1" meetings="12,14;15,7;17,15;" min="0" penalty="1" slotGroups="" slots="7;26;27" type="HARD"/>
            <GA1 max="2" meetings="5,14;10,9;10,15;16,12;" min="0" penalty="1" slotGroups="" slots="20;11;27;1" type="HARD"/>
            <GA1 max="0" meetings="9,6;" min="0" penalty="1" slotGroups="" slots="23" type="HARD"/>
            <GA1 max="0" meetings="9,6;" min="0" penalty="1" slotGroups="" slots="23" type="HARD"/>
            <GA1 max="0" meetings="16,3;" min="0" penalty="1" slotGroups="" slots="11" type="HARD"/>
            <GA1 max="1" meetings="14,2;" min="1" penalty="1" slotGroups="" slots="11" type="HARD"/>
            <GA1 max="1" meetings="4,15;" min="1" penalty="1" slotGroups="" slots="31" type="HARD"/>
            <GA1 max="0" meetings="0,9;" min="0" penalty="1" slotGroups="" slots="15" type="HARD"/>
            <GA1 max="0" meetings="2,9;" min="0" penalty="1" slotGroups="" slots="29" type="HARD"/>
            <GA1 max="0" meetings="5,9;" min="0" penalty="1" slotGroups="" slots="27" type="HARD"/>
            <GA1 max="1" meetings="9,11;" min="1" penalty="1" slotGroups="" slots="15" type="HARD"/>
            <GA1 max="0" meetings="3,7;" min="0" penalty="1" slotGroups="" slots="30" type="HARD"/>
            <GA1 max="0" meetings="7,12;" min="0" penalty="1" slotGroups="" slots="1" type="HARD"/>
        </GameConstraints>
        <BreakConstraints>
            <BR1 intp="0" mode1="LEQ" mode2="HA" penalty="1" slotGroups="" slots="14" teamGroups="" teams="7" type="HARD"/>
            <BR1 intp="1" mode1="LEQ" mode2="HA" penalty="1" slotGroups="" slots="15;25;21" teamGroups="" teams="12" type="HARD"/>
            <BR1 intp="2" mode1="LEQ" mode2="HA" penalty="1" slotGroups="" slots="11;5;3;0;4;25" teamGroups="" teams="1" type="HARD"/>
            <BR1 intp="1" mode1="LEQ" mode2="HA" penalty="1" slotGroups="" slots="17;1;21" teamGroups="" teams="4" type="HARD"/>
            <BR1 intp="2" mode1="LEQ" mode2="HA" penalty="1" slotGroups="" slots="9;12;29;19;1;21" teamGroups="" teams="15" type="HARD"/>
            <BR1 intp="0" mode1="LEQ" mode2="HA" penalty="1" slotGroups="" slots="27" teamGroups="" teams="14" type="HARD"/>
            <BR1 intp="1" mode1="LEQ" mode2="HA" penalty="1" slotGroups="" slots="19;4;16" teamGroups="" teams="1" type="HARD"/>
            <BR1 intp="1" mode1="LEQ" mode2="HA" penalty="1" slotGroups="" slots="24;13;4" teamGroups="" teams="12" type="HARD"/>
            <BR1 intp="2" mode1="LEQ" mode2="HA" penalty="1" slotGroups="" slots="20;26;29;27;15;21" teamGroups="" teams="8" type="HARD"/>
            <BR1 intp="0" mode1="LEQ" mode2="HA" penalty="1" slotGroups="" slots="17" teamGroups="" teams="3" type="HARD"/>
            <BR1 intp="2" mode1="LEQ" mode2="HA" penalty="1" slotGroups="" slots="7;20;14;19;30;15" teamGroups="" teams="3" type="HARD"/>
            <BR1 intp="0" mode1="LEQ" mode2="HA" penalty="1" slotGroups="" slots="3" teamGroups="" teams="14" type="HARD"/>
            <BR1 intp="0" mode1="LEQ" mode2="HA" penalty="1" slotGroups="" slots="23" teamGroups="" teams="13" type="HARD"/>
            <BR1 intp="2" mode1="LEQ" mode2="HA" penalty="1" slotGroups="" slots="7;5;10;19;15;25" teamGroups="" teams="15" type="HARD"/>
            <BR1 intp="1" mode1="LEQ" mode2="HA" penalty="1" slotGroups="" slots="13;3;16" teamGroups="" teams="0" type="HARD"/>
            <BR1 intp="1" mode1="LEQ" mode2="HA" penalty="1" slotGroups="" slots="13;30;15" teamGroups="" teams="8" type="HARD"/>
            <BR1 intp="1" mode1="LEQ" mode2="HA" penalty="1" slotGroups="" slots="6;0;16" teamGroups="" teams="5" type="HARD"/>
            <BR1 intp="1" mode1="LEQ" mode2="HA" penalty="1" slotGroups="" slots="6;12;25" teamGroups="" teams="17" type="HARD"/>
            <BR1 intp="2" mode1="LEQ" mode2="HA" penalty="1" slotGroups="" slots="11;10;26;27;30;2" teamGroups="" teams="11" type="HARD"/>
            <BR1 intp="0" mode1="LEQ" mode2="HA" penalty="1" slotGroups="" slots="0" teamGroups="" teams="6" type="HARD"/>
            <BR1 intp="2" mode1="LEQ" mode2="HA" penalty="1" slotGroups="" slots="8;11;5;4;23;33" teamGroups="" teams="13" type="HARD"/>
            <BR1 intp="0" mode1="LEQ" mode2="HA" penalty="1" slotGroups="" slots="0" teamGroups="" teams="13" type="HARD"/>
            <BR1 intp="1" mode1="LEQ" mode2="HA" penalty="1" slotGroups="" slots="11;5;2" teamGroups="" teams="9" type="HARD"/>
            <BR1 intp="1" mode1="LEQ" mode2="HA" penalty="1" slotGroups="" slots="7;27;4" teamGroups="" teams="6" type="HARD"/>
            <BR1 intp="2" mode1="LEQ" mode2="HA" penalty="1" slotGroups="" slots="18;5;31;3;17;23" teamGroups="" teams="2" type="HARD"/>
            <BR1 intp="1" mode1="LEQ" mode2="HA" penalty="1" slotGroups="" slots="9;3;22" teamGroups="" teams="17" type="HARD"/>
            <BR1 intp="0" mode1="LEQ" mode2="HA" penalty="1" slotGroups="" slots="26" teamGroups="" teams="12" type="HARD"/>
            <BR1 intp="2" mode1="LEQ" mode2="HA" penalty="1" slotGroups="" slots="18;31;14;30;2;25" teamGroups="" teams="16" type="HARD"/>
            <BR1 intp="2" mode1="LEQ" mode2="HA" penalty="1" slotGroups="" slots="28;6;31;14;30;2" teamGroups="" teams="14" type="HARD"/>
            <BR1 intp="0" mode1="LEQ" mode2="HA" penalty="1" slotGroups="" slots="13" teamGroups="" teams="6" type="HARD"/>
            <BR1 intp="1" mode1="LEQ" mode2="HA" penalty="1" slotGroups="" slots="10;26;23" teamGroups="" teams="9" type="HARD"/>
            <BR1 intp="2" mode1="LEQ" mode2="HA" penalty="1" slotGroups="" slots="6;8;14;26;23;32" teamGroups="" teams="9" type="HARD"/>
            <BR1 intp="0" mode1="LEQ" mode2="HA" penalty="1" slotGroups="" slots="29" teamGroups="" teams="10" type="HARD"/>
            <BR1 intp="0" mode1="LEQ" mode2="HA" penalty="1" slotGroups="" slots="5" teamGroups="" teams="15" type="HARD"/>
            <BR1 intp="0" mode1="LEQ" mode2="HA" penalty="1" slotGroups="" slots="18" teamGroups="" teams="16" type="HARD"/>
            <BR1 intp="0" mode1="LEQ" mode2="HA" penalty="1" slotGroups="" slots="33" teamGroups="" teams="14" type="HARD"/>
            <BR1 intp="0" mode1="LEQ" mode2="HA" penalty="1" slotGroups="" slots="1" teamGroups="" teams="15" type="HARD"/>
            <BR1 intp="2" mode1="LEQ" mode2="HA" penalty="1" slotGroups="" slots="7;6;11;3;27;17" teamGroups="" teams="7" type="HARD"/>
            <BR1 intp="1" mode1="LEQ" mode2="HA" penalty="1" slotGroups="" slots="12;19;22" teamGroups="" teams="6" type="HARD"/>
            <BR1 intp="0" mode1="LEQ" mode2="HA" penalty="1" slotGroups="" slots="28" teamGroups="" teams="3" type="HARD"/>
            <BR1 intp="1" mode1="LEQ" mode2="HA" penalty="1" slotGroups="" slots="7;14;27" teamGroups="" teams="8" type="HARD"/>
            <BR1 intp="2" mode1="LEQ" mode2="HA" penalty="1" slotGroups="" slots="24;7;20;8;30;16" teamGroups="" teams="10" type="HARD"/>
            <BR1 intp="2" mode1="LEQ" mode2="HA" penalty="1" slotGroups="" slots="24;12;14;15;1;21" teamGroups="" teams="9" type="HARD"/>
            <BR1 intp="0" mode1="LEQ" mode2="HA" penalty="1" slotGroups="" slots="9" teamGroups="" teams="17" type="HARD"/>
            <BR2 intp="16" homeMode="HA" mode2="LEQ" penalty="10" slotGroups="" slots="28;24;18;7;9;20;6;8;13;11;12;5;10;31;3;14;26;29;19;0;27;17;30;15;22;2;4;1;23;32;25;21;33;16" teamGroups="" teams="15;17;4;2;6;5;14;0;3;1;9;12;16;11;13;8;7;10" type="SOFT"/>
        </BreakConstraints>
        <FairnessConstraints/>
        <SeparationConstraints>
            <SE1 mode1="SLOTS" min="10" penalty="10" teamGroups="" teams="15;17;4;2;6;5;14;0;3;1;9;12;16;11;13;8;7;10" type="SOFT"/>
        </SeparationConstraints>
    </Constraints>
</Instance>
