<?xml version="1.0" encoding="UTF-8"?>
<Instance>
    <MetaData>
        <InstanceName>Late 8</InstanceName>
        <DataType>A</DataType>
        <Contributor>ITC2021</Contributor>
	<Date year="2021" month="4"/>
    </MetaData>
    <Structure>
        <Format leagueIds="0">
            <numberRoundRobin>2</numberRoundRobin>
            <compactness>C</compactness>
            <gameMode>P</gameMode>
        </Format>
        <AdditionalGames/>
    </Structure>
    <ObjectiveFunction>
        <Objective>SC</Objective>
    </ObjectiveFunction>
    <Data>
        <Distances/>
        <COEWeights/>
        <Costs/>
    </Data>
    <Resources>
        <LeagueGroups/>
        <Leagues>
            <league id="0" leagueGroups="" name="League 0"/>
        </Leagues>
        <TeamGroups/>
        <Teams>
            <team id="0" league="0" name="Team 0" teamGroups=""/>
            <team id="1" league="0" name="Team 1" teamGroups=""/>
            <team id="2" league="0" name="Team 2" teamGroups=""/>
            <team id="3" league="0" name="Team 3" teamGroups=""/>
            <team id="4" league="0" name="Team 4" teamGroups=""/>
            <team id="5" league="0" name="Team 5" teamGroups=""/>
            <team id="6" league="0" name="Team 6" teamGroups=""/>
            <team id="7" league="0" name="Team 7" teamGroups=""/>
            <team id="8" league="0" name="Team 8" teamGroups=""/>
            <team id="9" league="0" name="Team 9" teamGroups=""/>
            <team id="10" league="0" name="Team 10" teamGroups=""/>
            <team id="11" league="0" name="Team 11" teamGroups=""/>
            <team id="12" league="0" name="Team 12" teamGroups=""/>
            <team id="13" league="0" name="Team 13" teamGroups=""/>
            <team id="14" league="0" name="Team 14" teamGroups=""/>
            <team id="15" league="0" name="Team 15" teamGroups=""/>
            <team id="16" league="0" name="Team 16" teamGroups=""/>
            <team id="17" league="0" name="Team 17" teamGroups=""/>
        </Teams>
        <SlotGroups/>
        <Slots>
            <slot id="0" name="Slot 0" slotGroup=""/>
            <slot id="1" name="Slot 1" slotGroup=""/>
            <slot id="2" name="Slot 2" slotGroup=""/>
            <slot id="3" name="Slot 3" slotGroup=""/>
            <slot id="4" name="Slot 4" slotGroup=""/>
            <slot id="5" name="Slot 5" slotGroup=""/>
            <slot id="6" name="Slot 6" slotGroup=""/>
            <slot id="7" name="Slot 7" slotGroup=""/>
            <slot id="8" name="Slot 8" slotGroup=""/>
            <slot id="9" name="Slot 9" slotGroup=""/>
            <slot id="10" name="Slot 10" slotGroup=""/>
            <slot id="11" name="Slot 11" slotGroup=""/>
            <slot id="12" name="Slot 12" slotGroup=""/>
            <slot id="13" name="Slot 13" slotGroup=""/>
            <slot id="14" name="Slot 14" slotGroup=""/>
            <slot id="15" name="Slot 15" slotGroup=""/>
            <slot id="16" name="Slot 16" slotGroup=""/>
            <slot id="17" name="Slot 17" slotGroup=""/>
            <slot id="18" name="Slot 18" slotGroup=""/>
            <slot id="19" name="Slot 19" slotGroup=""/>
            <slot id="20" name="Slot 20" slotGroup=""/>
            <slot id="21" name="Slot 21" slotGroup=""/>
            <slot id="22" name="Slot 22" slotGroup=""/>
            <slot id="23" name="Slot 23" slotGroup=""/>
            <slot id="24" name="Slot 24" slotGroup=""/>
            <slot id="25" name="Slot 25" slotGroup=""/>
            <slot id="26" name="Slot 26" slotGroup=""/>
            <slot id="27" name="Slot 27" slotGroup=""/>
            <slot id="28" name="Slot 28" slotGroup=""/>
            <slot id="29" name="Slot 29" slotGroup=""/>
            <slot id="30" name="Slot 30" slotGroup=""/>
            <slot id="31" name="Slot 31" slotGroup=""/>
            <slot id="32" name="Slot 32" slotGroup=""/>
            <slot id="33" name="Slot 33" slotGroup=""/>
        </Slots>
    </Resources>
    <Constraints>
        <BasicConstraints/>
        <CapacityConstraints>
            <CA1 max="1" min="0" mode="A" penalty="1" slotGroups="" slots="5;3" teamGroups="" teams="3" type="HARD"/>
            <CA1 max="1" min="0" mode="A" penalty="1" slotGroups="" slots="16;15;21" teamGroups="" teams="17" type="HARD"/>
            <CA1 max="0" min="0" mode="H" penalty="1" slotGroups="" slots="33" teamGroups="" teams="10" type="HARD"/>
            <CA1 max="1" min="0" mode="A" penalty="1" slotGroups="" slots="27;5;31;3" teamGroups="" teams="1" type="HARD"/>
            <CA1 max="2" min="0" mode="A" penalty="1" slotGroups="" slots="19;28;22;24" teamGroups="" teams="3" type="HARD"/>
            <CA1 max="0" min="0" mode="A" penalty="1" slotGroups="" slots="12" teamGroups="" teams="9" type="HARD"/>
            <CA1 max="1" min="0" mode="A" penalty="1" slotGroups="" slots="13;32" teamGroups="" teams="11" type="HARD"/>
            <CA1 max="1" min="0" mode="A" penalty="1" slotGroups="" slots="17;31;12;4" teamGroups="" teams="7" type="HARD"/>
            <CA1 max="1" min="0" mode="A" penalty="1" slotGroups="" slots="16;7;8;30" teamGroups="" teams="3" type="HARD"/>
            <CA1 max="1" min="0" mode="H" penalty="1" slotGroups="" slots="26;23;3;14" teamGroups="" teams="5" type="HARD"/>
            <CA1 max="0" min="0" mode="H" penalty="1" slotGroups="" slots="8" teamGroups="" teams="2" type="HARD"/>
            <CA1 max="0" min="0" mode="H" penalty="1" slotGroups="" slots="28" teamGroups="" teams="5" type="HARD"/>
            <CA1 max="0" min="0" mode="H" penalty="1" slotGroups="" slots="23" teamGroups="" teams="11" type="HARD"/>
            <CA1 max="1" min="0" mode="A" penalty="1" slotGroups="" slots="13;20;26;19" teamGroups="" teams="14" type="HARD"/>
            <CA1 max="1" min="0" mode="H" penalty="1" slotGroups="" slots="17;5;4" teamGroups="" teams="14" type="HARD"/>
            <CA1 max="1" min="0" mode="A" penalty="1" slotGroups="" slots="19;22;32" teamGroups="" teams="16" type="HARD"/>
            <CA1 max="1" min="0" mode="A" penalty="1" slotGroups="" slots="6;23" teamGroups="" teams="0" type="HARD"/>
            <CA1 max="1" min="0" mode="H" penalty="1" slotGroups="" slots="8;2;22" teamGroups="" teams="15" type="HARD"/>
            <CA1 max="0" min="0" mode="H" penalty="1" slotGroups="" slots="0" teamGroups="" teams="7" type="HARD"/>
            <CA1 max="1" min="0" mode="A" penalty="1" slotGroups="" slots="27;15;3" teamGroups="" teams="11" type="HARD"/>
            <CA1 max="1" min="0" mode="A" penalty="1" slotGroups="" slots="7;12" teamGroups="" teams="10" type="HARD"/>
            <CA1 max="2" min="0" mode="A" penalty="1" slotGroups="" slots="13;10;30;3" teamGroups="" teams="4" type="HARD"/>
            <CA1 max="1" min="0" mode="A" penalty="1" slotGroups="" slots="28;24;32" teamGroups="" teams="8" type="HARD"/>
            <CA1 max="0" min="0" mode="A" penalty="1" slotGroups="" slots="14" teamGroups="" teams="3" type="HARD"/>
            <CA1 max="1" min="0" mode="A" penalty="1" slotGroups="" slots="21;14" teamGroups="" teams="16" type="HARD"/>
            <CA1 max="1" min="0" mode="H" penalty="1" slotGroups="" slots="6;12;29" teamGroups="" teams="15" type="HARD"/>
            <CA1 max="1" min="0" mode="H" penalty="1" slotGroups="" slots="1;4;32" teamGroups="" teams="9" type="HARD"/>
            <CA1 max="0" min="0" mode="A" penalty="1" slotGroups="" slots="32" teamGroups="" teams="16" type="HARD"/>
            <CA1 max="1" min="0" mode="A" penalty="1" slotGroups="" slots="20;9" teamGroups="" teams="6" type="HARD"/>
            <CA1 max="1" min="0" mode="A" penalty="1" slotGroups="" slots="6;11;2" teamGroups="" teams="14" type="HARD"/>
            <CA1 max="1" min="0" mode="H" penalty="1" slotGroups="" slots="23;21" teamGroups="" teams="8" type="HARD"/>
            <CA1 max="1" min="0" mode="A" penalty="1" slotGroups="" slots="27;17;31;22" teamGroups="" teams="9" type="HARD"/>
            <CA1 max="0" min="0" mode="H" penalty="1" slotGroups="" slots="19" teamGroups="" teams="6" type="HARD"/>
            <CA1 max="1" min="0" mode="A" penalty="1" slotGroups="" slots="5;4;3;33" teamGroups="" teams="17" type="HARD"/>
            <CA1 max="0" min="0" mode="A" penalty="1" slotGroups="" slots="25" teamGroups="" teams="17" type="HARD"/>
            <CA1 max="0" min="0" mode="A" penalty="1" slotGroups="" slots="31" teamGroups="" teams="6" type="HARD"/>
            <CA1 max="0" min="0" mode="A" penalty="1" slotGroups="" slots="21" teamGroups="" teams="7" type="HARD"/>
            <CA1 max="1" min="0" mode="H" penalty="1" slotGroups="" slots="26;8;33" teamGroups="" teams="4" type="SOFT"/>
            <CA1 max="1" min="0" mode="H" penalty="1" slotGroups="" slots="1;3;29" teamGroups="" teams="13" type="SOFT"/>
            <CA1 max="0" min="0" mode="A" penalty="1" slotGroups="" slots="32" teamGroups="" teams="17" type="SOFT"/>
            <CA1 max="1" min="0" mode="A" penalty="1" slotGroups="" slots="13;23;4;3;33" teamGroups="" teams="0" type="SOFT"/>
            <CA1 max="1" min="0" mode="H" penalty="1" slotGroups="" slots="19;2;0" teamGroups="" teams="7" type="SOFT"/>
            <CA1 max="2" min="0" mode="A" penalty="1" slotGroups="" slots="19;8;12;22;0;18" teamGroups="" teams="14" type="SOFT"/>
            <CA1 max="1" min="0" mode="H" penalty="1" slotGroups="" slots="22;4;33" teamGroups="" teams="0" type="SOFT"/>
            <CA1 max="1" min="0" mode="H" penalty="1" slotGroups="" slots="31;1;25;14" teamGroups="" teams="5" type="SOFT"/>
            <CA1 max="0" min="0" mode="H" penalty="1" slotGroups="" slots="19" teamGroups="" teams="15" type="SOFT"/>
            <CA1 max="0" min="0" mode="A" penalty="1" slotGroups="" slots="25" teamGroups="" teams="17" type="SOFT"/>
            <CA1 max="1" min="0" mode="H" penalty="1" slotGroups="" slots="13;11;21;0;33" teamGroups="" teams="4" type="SOFT"/>
            <CA1 max="0" min="0" mode="H" penalty="1" slotGroups="" slots="18" teamGroups="" teams="5" type="SOFT"/>
            <CA1 max="0" min="0" mode="A" penalty="1" slotGroups="" slots="9" teamGroups="" teams="11" type="SOFT"/>
            <CA1 max="1" min="0" mode="H" penalty="1" slotGroups="" slots="16;13" teamGroups="" teams="9" type="SOFT"/>
            <CA1 max="1" min="0" mode="H" penalty="1" slotGroups="" slots="7;6;19;10;22" teamGroups="" teams="1" type="SOFT"/>
            <CA2 max="2" min="0" mode1="H" mode2="GLOBAL" penalty="5" slotGroups="" slots="16;2;15;22;3;24;14" teamGroups1="" teamGroups2="" teams1="7" teams2="6;10;16;2;5;3;4" type="SOFT"/>
            <CA2 max="1" min="0" mode1="HA" mode2="GLOBAL" penalty="5" slotGroups="" slots="27;26;19;11;23;28;25" teamGroups1="" teamGroups2="" teams1="9" teams2="11;7;6;10;2;1;0" type="SOFT"/>
            <CA2 max="3" min="0" mode1="H" mode2="GLOBAL" penalty="5" slotGroups="" slots="13;7;27;23;9;15;0;29" teamGroups1="" teamGroups2="" teams1="8" teams2="14;12;7;15;9;5;1;4" type="SOFT"/>
            <CA2 max="2" min="0" mode1="H" mode2="GLOBAL" penalty="5" slotGroups="" slots="16;10;25;18;33;32;14" teamGroups1="" teamGroups2="" teams1="2" teams2="14;7;15;9;16;5;8" type="SOFT"/>
            <CA2 max="3" min="0" mode1="H" mode2="GLOBAL" penalty="5" slotGroups="" slots="11;23;9;28;30;25;15;32" teamGroups1="" teamGroups2="" teams1="11" teams2="7;15;9;1;0;3;17;8" type="SOFT"/>
            <CA2 max="3" min="0" mode1="A" mode2="GLOBAL" penalty="5" slotGroups="" slots="16;20;26;11;30;0;32;14" teamGroups1="" teamGroups2="" teams1="16" teams2="11;7;6;15;9;1;3;8" type="SOFT"/>
            <CA2 max="3" min="0" mode1="A" mode2="GLOBAL" penalty="5" slotGroups="" slots="13;7;27;8;9;12;25;24" teamGroups1="" teamGroups2="" teams1="8" teams2="12;13;15;16;2;3;4;17" type="SOFT"/>
            <CA2 max="2" min="0" mode1="HA" mode2="GLOBAL" penalty="5" slotGroups="" slots="17;8;11;28;30;29;33;14" teamGroups1="" teamGroups2="" teams1="10" teams2="11;12;9;16;2;0;4;8" type="SOFT"/>
            <CA2 max="3" min="0" mode1="A" mode2="GLOBAL" penalty="5" slotGroups="" slots="7;27;11;23;10;22;29;24" teamGroups1="" teamGroups2="" teams1="11" teams2="7;10;9;16;2;1;17;8" type="SOFT"/>
            <CA2 max="2" min="0" mode1="A" mode2="GLOBAL" penalty="5" slotGroups="" slots="13;2;10;1;25;15;24" teamGroups1="" teamGroups2="" teams1="9" teams2="12;13;15;10;5;0;4" type="SOFT"/>
            <CA2 max="2" min="0" mode1="A" mode2="GLOBAL" penalty="5" slotGroups="" slots="13;19;10;31;25;32" teamGroups1="" teamGroups2="" teams1="10" teams2="14;6;16;1;0;4" type="SOFT"/>
            <CA2 max="2" min="0" mode1="H" mode2="GLOBAL" penalty="5" slotGroups="" slots="13;20;6;19;23;9;0" teamGroups1="" teamGroups2="" teams1="6" teams2="14;11;13;9;1;4;8" type="SOFT"/>
            <CA2 max="2" min="0" mode1="H" mode2="GLOBAL" penalty="5" slotGroups="" slots="13;7;27;2;31;18" teamGroups1="" teamGroups2="" teams1="9" teams2="12;13;6;5;3;8" type="SOFT"/>
            <CA2 max="2" min="0" mode1="HA" mode2="GLOBAL" penalty="5" slotGroups="" slots="7;20;27;17;10;9;31;14" teamGroups1="" teamGroups2="" teams1="10" teams2="14;11;12;6;15;5;17;8" type="SOFT"/>
            <CA3 intp="4" max="2" min="0" mode1="H" mode2="SLOTS" penalty="5" teamGroups1="" teamGroups2="" teams1="0" teams2="12;13;10;9;2;17" type="SOFT"/>
            <CA3 intp="4" max="2" min="0" mode1="HA" mode2="SLOTS" penalty="5" teamGroups1="" teamGroups2="" teams1="3" teams2="14;12;9;1;4" type="SOFT"/>
            <CA3 intp="4" max="2" min="0" mode1="A" mode2="SLOTS" penalty="5" teamGroups1="" teamGroups2="" teams1="0" teams2="12;7;9;5;1;3;8" type="SOFT"/>
            <CA3 intp="4" max="2" min="0" mode1="H" mode2="SLOTS" penalty="5" teamGroups1="" teamGroups2="" teams1="0" teams2="6;10;9;16;5;1;4" type="SOFT"/>
            <CA3 intp="4" max="2" min="0" mode1="A" mode2="SLOTS" penalty="5" teamGroups1="" teamGroups2="" teams1="2" teams2="6;15;9;1;8" type="SOFT"/>
            <CA3 intp="4" max="2" min="0" mode1="HA" mode2="SLOTS" penalty="5" teamGroups1="" teamGroups2="" teams1="6" teams2="14;12;13;2;1;4;17" type="SOFT"/>
            <CA3 intp="4" max="2" min="0" mode1="H" mode2="SLOTS" penalty="5" teamGroups1="" teamGroups2="" teams1="17" teams2="14;10;16;5;0;4" type="SOFT"/>
            <CA3 intp="4" max="2" min="0" mode1="H" mode2="SLOTS" penalty="5" teamGroups1="" teamGroups2="" teams1="15" teams2="12;7;13;6;16;2;3" type="SOFT"/>
            <CA3 intp="4" max="2" min="0" mode1="A" mode2="SLOTS" penalty="5" teamGroups1="" teamGroups2="" teams1="8" teams2="7;13;6;15;5;1;0" type="SOFT"/>
            <CA3 intp="4" max="2" min="0" mode1="A" mode2="SLOTS" penalty="5" teamGroups1="" teamGroups2="" teams1="14" teams2="11;12;7;5;1" type="SOFT"/>
            <CA3 intp="4" max="2" min="0" mode1="A" mode2="SLOTS" penalty="5" teamGroups1="" teamGroups2="" teams1="10" teams2="12;6;9;0;17" type="SOFT"/>
            <CA3 intp="4" max="2" min="0" mode1="A" mode2="SLOTS" penalty="5" teamGroups1="" teamGroups2="" teams1="11" teams2="14;13;1;0;3;4;8" type="SOFT"/>
            <CA3 intp="4" max="2" min="0" mode1="H" mode2="SLOTS" penalty="5" teamGroups1="" teamGroups2="" teams1="14" teams2="11;12;13;6;5;8" type="SOFT"/>
            <CA3 intp="4" max="2" min="0" mode1="HA" mode2="SLOTS" penalty="5" teamGroups1="" teamGroups2="" teams1="16" teams2="14;11;12;13;6;3;4" type="SOFT"/>
            <CA3 intp="4" max="2" min="0" mode1="HA" mode2="SLOTS" penalty="5" teamGroups1="" teamGroups2="" teams1="13" teams2="14;11;10;16;2;5" type="SOFT"/>
            <CA3 intp="4" max="2" min="0" mode1="HA" mode2="SLOTS" penalty="5" teamGroups1="" teamGroups2="" teams1="12" teams2="11;10;16;2;0;17;8" type="SOFT"/>
            <CA3 intp="4" max="2" min="0" mode1="A" mode2="SLOTS" penalty="5" teamGroups1="" teamGroups2="" teams1="8" teams2="14;6;10;9;1" type="SOFT"/>
            <CA3 intp="4" max="2" min="0" mode1="H" mode2="SLOTS" penalty="5" teamGroups1="" teamGroups2="" teams1="13" teams2="14;7;6;16;17" type="SOFT"/>
            <CA3 intp="4" max="2" min="0" mode1="HA" mode2="SLOTS" penalty="5" teamGroups1="" teamGroups2="" teams1="16" teams2="10;2;1;0;3;17;8" type="SOFT"/>
            <CA3 intp="4" max="2" min="0" mode1="HA" mode2="SLOTS" penalty="5" teamGroups1="" teamGroups2="" teams1="7" teams2="14;13;6;16;0" type="SOFT"/>
            <CA3 intp="4" max="2" min="0" mode1="HA" mode2="SLOTS" penalty="5" teamGroups1="" teamGroups2="" teams1="13" teams2="7;9;5;0;17" type="SOFT"/>
            <CA3 intp="4" max="2" min="0" mode1="H" mode2="SLOTS" penalty="5" teamGroups1="" teamGroups2="" teams1="2" teams2="15;16;5;17;8" type="SOFT"/>
            <CA3 intp="4" max="2" min="0" mode1="H" mode2="SLOTS" penalty="5" teamGroups1="" teamGroups2="" teams1="11" teams2="12;13;16;5;1;4;8" type="SOFT"/>
            <CA3 intp="4" max="2" min="0" mode1="H" mode2="SLOTS" penalty="5" teamGroups1="" teamGroups2="" teams1="17" teams2="11;6;5;1;0" type="SOFT"/>
            <CA3 intp="4" max="2" min="0" mode1="HA" mode2="SLOTS" penalty="5" teamGroups1="" teamGroups2="" teams1="8" teams2="11;7;6;10;17" type="SOFT"/>
            <CA3 intp="4" max="2" min="0" mode1="A" mode2="SLOTS" penalty="5" teamGroups1="" teamGroups2="" teams1="12" teams2="14;6;2;3;4" type="SOFT"/>
            <CA3 intp="4" max="2" min="0" mode1="HA" mode2="SLOTS" penalty="5" teamGroups1="" teamGroups2="" teams1="7" teams2="11;6;16;5;8" type="SOFT"/>
            <CA3 intp="4" max="2" min="0" mode1="A" mode2="SLOTS" penalty="5" teamGroups1="" teamGroups2="" teams1="5" teams2="14;11;13;15;10;9;8" type="SOFT"/>
            <CA3 intp="4" max="2" min="0" mode1="H" mode2="SLOTS" penalty="5" teamGroups1="" teamGroups2="" teams1="9" teams2="6;10;5;0;17;8" type="SOFT"/>
            <CA3 intp="4" max="2" min="0" mode1="H" mode2="SLOTS" penalty="5" teamGroups1="" teamGroups2="" teams1="13" teams2="11;16;1;3;4;17;8" type="SOFT"/>
            <CA3 intp="4" max="2" min="0" mode1="HA" mode2="SLOTS" penalty="5" teamGroups1="" teamGroups2="" teams1="14" teams2="13;15;10;2;1;8" type="SOFT"/>
            <CA3 intp="4" max="2" min="0" mode1="H" mode2="SLOTS" penalty="5" teamGroups1="" teamGroups2="" teams1="4" teams2="14;7;10;2;0;3" type="SOFT"/>
            <CA3 intp="4" max="2" min="0" mode1="H" mode2="SLOTS" penalty="5" teamGroups1="" teamGroups2="" teams1="14" teams2="13;15;2;5;1;0;8" type="SOFT"/>
            <CA3 intp="4" max="2" min="0" mode1="H" mode2="SLOTS" penalty="5" teamGroups1="" teamGroups2="" teams1="13" teams2="7;6;15;16;2;4;17" type="SOFT"/>
            <CA3 intp="4" max="2" min="0" mode1="A" mode2="SLOTS" penalty="5" teamGroups1="" teamGroups2="" teams1="6" teams2="12;7;13;9;16;2;8" type="SOFT"/>
            <CA3 intp="4" max="2" min="0" mode1="HA" mode2="SLOTS" penalty="5" teamGroups1="" teamGroups2="" teams1="16" teams2="14;11;13;15;3;4;17" type="SOFT"/>
            <CA3 intp="4" max="2" min="0" mode1="H" mode2="SLOTS" penalty="5" teamGroups1="" teamGroups2="" teams1="7" teams2="11;13;10;2;0;3;4" type="SOFT"/>
            <CA3 intp="4" max="2" min="0" mode1="H" mode2="SLOTS" penalty="5" teamGroups1="" teamGroups2="" teams1="2" teams2="6;15;10;5;8" type="SOFT"/>
            <CA3 intp="4" max="2" min="0" mode1="HA" mode2="SLOTS" penalty="5" teamGroups1="" teamGroups2="" teams1="13" teams2="14;16;3;17;8" type="SOFT"/>
            <CA3 intp="4" max="2" min="0" mode1="A" mode2="SLOTS" penalty="5" teamGroups1="" teamGroups2="" teams1="8" teams2="14;13;5;0;3" type="SOFT"/>
            <CA3 intp="4" max="2" min="0" mode1="A" mode2="SLOTS" penalty="5" teamGroups1="" teamGroups2="" teams1="7" teams2="14;10;9;1;4" type="SOFT"/>
            <CA3 intp="4" max="2" min="0" mode1="A" mode2="SLOTS" penalty="5" teamGroups1="" teamGroups2="" teams1="13" teams2="11;10;5;3;17;8" type="SOFT"/>
            <CA3 intp="4" max="2" min="0" mode1="A" mode2="SLOTS" penalty="5" teamGroups1="" teamGroups2="" teams1="4" teams2="6;15;10;5;3" type="SOFT"/>
            <CA3 intp="4" max="2" min="0" mode1="HA" mode2="SLOTS" penalty="5" teamGroups1="" teamGroups2="" teams1="3" teams2="12;15;10;16;0;17;8" type="SOFT"/>
            <CA3 intp="4" max="2" min="0" mode1="HA" mode2="SLOTS" penalty="5" teamGroups1="" teamGroups2="" teams1="11" teams2="14;13;10;5;1;17;8" type="SOFT"/>
            <CA3 intp="4" max="2" min="0" mode1="H" mode2="SLOTS" penalty="5" teamGroups1="" teamGroups2="" teams1="17" teams2="11;13;9;2;3" type="SOFT"/>
            <CA3 intp="4" max="2" min="0" mode1="A" mode2="SLOTS" penalty="5" teamGroups1="" teamGroups2="" teams1="12" teams2="11;13;1;0;3" type="SOFT"/>
            <CA3 intp="4" max="2" min="0" mode1="H" mode2="SLOTS" penalty="5" teamGroups1="" teamGroups2="" teams1="11" teams2="7;13;6;2;1;3" type="SOFT"/>
            <CA3 intp="4" max="2" min="0" mode1="A" mode2="SLOTS" penalty="5" teamGroups1="" teamGroups2="" teams1="15" teams2="13;10;9;16;0;3;8" type="SOFT"/>
            <CA3 intp="4" max="2" min="0" mode1="H" mode2="SLOTS" penalty="5" teamGroups1="" teamGroups2="" teams1="8" teams2="11;7;5;3;17" type="SOFT"/>
            <CA3 intp="4" max="2" min="0" mode1="H" mode2="SLOTS" penalty="5" teamGroups1="" teamGroups2="" teams1="1" teams2="11;13;9;2;0;17;8" type="SOFT"/>
            <CA3 intp="4" max="2" min="0" mode1="A" mode2="SLOTS" penalty="5" teamGroups1="" teamGroups2="" teams1="15" teams2="12;7;6;2;5;17" type="SOFT"/>
            <CA3 intp="4" max="2" min="0" mode1="A" mode2="SLOTS" penalty="5" teamGroups1="" teamGroups2="" teams1="11" teams2="7;15;2;5;3;8" type="SOFT"/>
            <CA3 intp="4" max="2" min="0" mode1="HA" mode2="SLOTS" penalty="5" teamGroups1="" teamGroups2="" teams1="13" teams2="14;12;6;10;0;4" type="SOFT"/>
            <CA3 intp="4" max="2" min="0" mode1="A" mode2="SLOTS" penalty="5" teamGroups1="" teamGroups2="" teams1="7" teams2="12;6;10;16;2;5;4" type="SOFT"/>
            <CA3 intp="4" max="2" min="0" mode1="A" mode2="SLOTS" penalty="5" teamGroups1="" teamGroups2="" teams1="2" teams2="15;9;0;3;4" type="SOFT"/>
            <CA3 intp="4" max="2" min="0" mode1="A" mode2="SLOTS" penalty="5" teamGroups1="" teamGroups2="" teams1="6" teams2="12;7;9;1;0;3;4" type="SOFT"/>
            <CA3 intp="4" max="2" min="0" mode1="HA" mode2="SLOTS" penalty="5" teamGroups1="" teamGroups2="" teams1="3" teams2="14;7;6;9;5;1" type="SOFT"/>
            <CA3 intp="4" max="2" min="0" mode1="H" mode2="SLOTS" penalty="5" teamGroups1="" teamGroups2="" teams1="14" teams2="12;6;15;16;1;4;17" type="SOFT"/>
            <CA3 intp="4" max="2" min="0" mode1="A" mode2="SLOTS" penalty="5" teamGroups1="" teamGroups2="" teams1="8" teams2="11;12;13;6;15;16;4" type="SOFT"/>
            <CA3 intp="4" max="2" min="0" mode1="A" mode2="SLOTS" penalty="5" teamGroups1="" teamGroups2="" teams1="9" teams2="14;11;12;6;16" type="SOFT"/>
            <CA3 intp="4" max="2" min="0" mode1="A" mode2="SLOTS" penalty="5" teamGroups1="" teamGroups2="" teams1="2" teams2="12;15;16;4;8" type="SOFT"/>
            <CA3 intp="4" max="2" min="0" mode1="HA" mode2="SLOTS" penalty="5" teamGroups1="" teamGroups2="" teams1="3" teams2="11;13;15;16;5;1;8" type="SOFT"/>
            <CA3 intp="4" max="2" min="0" mode1="A" mode2="SLOTS" penalty="5" teamGroups1="" teamGroups2="" teams1="6" teams2="14;11;15;1;4" type="SOFT"/>
            <CA3 intp="4" max="2" min="0" mode1="HA" mode2="SLOTS" penalty="5" teamGroups1="" teamGroups2="" teams1="13" teams2="14;12;7;10;0;17" type="SOFT"/>
            <CA3 intp="4" max="2" min="0" mode1="HA" mode2="SLOTS" penalty="5" teamGroups1="" teamGroups2="" teams1="11" teams2="7;13;6;16;1" type="SOFT"/>
            <CA3 intp="4" max="2" min="0" mode1="HA" mode2="SLOTS" penalty="5" teamGroups1="" teamGroups2="" teams1="8" teams2="14;9;2;5;1" type="SOFT"/>
            <CA3 intp="4" max="2" min="0" mode1="H" mode2="SLOTS" penalty="5" teamGroups1="" teamGroups2="" teams1="14" teams2="11;12;16;1;4;17" type="SOFT"/>
            <CA3 intp="4" max="2" min="0" mode1="H" mode2="SLOTS" penalty="5" teamGroups1="" teamGroups2="" teams1="12" teams2="6;9;16;2;5;1;4" type="SOFT"/>
            <CA3 intp="4" max="2" min="0" mode1="H" mode2="SLOTS" penalty="5" teamGroups1="" teamGroups2="" teams1="14" teams2="11;7;15;9;5;1;3" type="SOFT"/>
            <CA3 intp="4" max="2" min="0" mode1="A" mode2="SLOTS" penalty="5" teamGroups1="" teamGroups2="" teams1="0" teams2="6;10;9;2;4;17;8" type="SOFT"/>
            <CA3 intp="4" max="2" min="0" mode1="H" mode2="SLOTS" penalty="5" teamGroups1="" teamGroups2="" teams1="16" teams2="6;15;10;2;3;17;8" type="SOFT"/>
            <CA3 intp="4" max="2" min="0" mode1="HA" mode2="SLOTS" penalty="5" teamGroups1="" teamGroups2="" teams1="2" teams2="11;15;16;5;0;4" type="SOFT"/>
            <CA3 intp="4" max="2" min="0" mode1="H" mode2="SLOTS" penalty="5" teamGroups1="" teamGroups2="" teams1="10" teams2="14;11;7;16;0;3;4" type="SOFT"/>
            <CA3 intp="4" max="2" min="0" mode1="HA" mode2="SLOTS" penalty="5" teamGroups1="" teamGroups2="" teams1="12" teams2="14;15;9;16;3;8" type="SOFT"/>
            <CA3 intp="4" max="2" min="0" mode1="HA" mode2="SLOTS" penalty="5" teamGroups1="" teamGroups2="" teams1="17" teams2="13;6;10;16;2;5;0" type="SOFT"/>
            <CA3 intp="4" max="2" min="0" mode1="A" mode2="SLOTS" penalty="5" teamGroups1="" teamGroups2="" teams1="5" teams2="14;12;7;13;10;0;3" type="SOFT"/>
            <CA3 intp="4" max="2" min="0" mode1="HA" mode2="SLOTS" penalty="5" teamGroups1="" teamGroups2="" teams1="16" teams2="7;6;2;0;4" type="SOFT"/>
            <CA3 intp="4" max="2" min="0" mode1="A" mode2="SLOTS" penalty="5" teamGroups1="" teamGroups2="" teams1="15" teams2="14;9;16;2;4;8" type="SOFT"/>
            <CA3 intp="4" max="2" min="0" mode1="H" mode2="SLOTS" penalty="5" teamGroups1="" teamGroups2="" teams1="11" teams2="15;9;16;3;4;8" type="SOFT"/>
            <CA3 intp="4" max="2" min="0" mode1="H" mode2="SLOTS" penalty="5" teamGroups1="" teamGroups2="" teams1="4" teams2="14;11;12;13;6;16;1" type="SOFT"/>
            <CA3 intp="4" max="2" min="0" mode1="A" mode2="SLOTS" penalty="5" teamGroups1="" teamGroups2="" teams1="16" teams2="14;7;6;15;10;9;0" type="SOFT"/>
            <CA3 intp="4" max="2" min="0" mode1="HA" mode2="SLOTS" penalty="5" teamGroups1="" teamGroups2="" teams1="3" teams2="12;7;13;15;2;0;17" type="SOFT"/>
            <CA3 intp="4" max="2" min="0" mode1="H" mode2="SLOTS" penalty="5" teamGroups1="" teamGroups2="" teams1="13" teams2="14;12;7;2;1;17" type="SOFT"/>
            <CA3 intp="4" max="2" min="0" mode1="H" mode2="SLOTS" penalty="5" teamGroups1="" teamGroups2="" teams1="17" teams2="12;10;1;3;4" type="SOFT"/>
            <CA3 intp="4" max="2" min="0" mode1="HA" mode2="SLOTS" penalty="5" teamGroups1="" teamGroups2="" teams1="15" teams2="12;13;9;16;2;4;8" type="SOFT"/>
            <CA3 intp="4" max="2" min="0" mode1="HA" mode2="SLOTS" penalty="5" teamGroups1="" teamGroups2="" teams1="7" teams2="11;12;9;2;5;4;8" type="SOFT"/>
            <CA3 intp="4" max="2" min="0" mode1="H" mode2="SLOTS" penalty="5" teamGroups1="" teamGroups2="" teams1="3" teams2="12;13;10;16;8" type="SOFT"/>
            <CA3 intp="4" max="2" min="0" mode1="H" mode2="SLOTS" penalty="5" teamGroups1="" teamGroups2="" teams1="6" teams2="14;11;12;2;0;17" type="SOFT"/>
            <CA3 intp="4" max="2" min="0" mode1="H" mode2="SLOTS" penalty="5" teamGroups1="" teamGroups2="" teams1="13" teams2="14;11;15;3;8" type="SOFT"/>
            <CA3 intp="4" max="2" min="0" mode1="H" mode2="SLOTS" penalty="5" teamGroups1="" teamGroups2="" teams1="0" teams2="7;6;15;10;2;3;4" type="SOFT"/>
            <CA3 intp="4" max="2" min="0" mode1="HA" mode2="SLOTS" penalty="5" teamGroups1="" teamGroups2="" teams1="2" teams2="14;12;13;10;4;8" type="SOFT"/>
            <CA3 intp="4" max="2" min="0" mode1="HA" mode2="SLOTS" penalty="5" teamGroups1="" teamGroups2="" teams1="17" teams2="11;6;10;2;3" type="SOFT"/>
            <CA3 intp="4" max="2" min="0" mode1="H" mode2="SLOTS" penalty="5" teamGroups1="" teamGroups2="" teams1="8" teams2="11;15;10;16;5;17" type="SOFT"/>
            <CA3 intp="4" max="2" min="0" mode1="HA" mode2="SLOTS" penalty="5" teamGroups1="" teamGroups2="" teams1="17" teams2="15;9;1;3;8" type="SOFT"/>
            <CA3 intp="4" max="2" min="0" mode1="H" mode2="SLOTS" penalty="5" teamGroups1="" teamGroups2="" teams1="7" teams2="6;9;2;5;1;0" type="SOFT"/>
            <CA3 intp="4" max="2" min="0" mode1="HA" mode2="SLOTS" penalty="5" teamGroups1="" teamGroups2="" teams1="4" teams2="14;12;6;2;8" type="SOFT"/>
            <CA3 intp="4" max="2" min="0" mode1="H" mode2="SLOTS" penalty="5" teamGroups1="" teamGroups2="" teams1="8" teams2="11;2;5;4;17" type="SOFT"/>
            <CA3 intp="4" max="2" min="0" mode1="HA" mode2="SLOTS" penalty="5" teamGroups1="" teamGroups2="" teams1="8" teams2="7;13;6;2;1;4" type="SOFT"/>
            <CA3 intp="4" max="2" min="0" mode1="A" mode2="SLOTS" penalty="5" teamGroups1="" teamGroups2="" teams1="5" teams2="12;2;1;0;17" type="SOFT"/>
            <CA3 intp="4" max="2" min="0" mode1="A" mode2="SLOTS" penalty="5" teamGroups1="" teamGroups2="" teams1="2" teams2="11;7;16;3;4;17" type="SOFT"/>
            <CA3 intp="4" max="2" min="0" mode1="A" mode2="SLOTS" penalty="5" teamGroups1="" teamGroups2="" teams1="14" teams2="11;7;6;15;9;1;0" type="SOFT"/>
            <CA3 intp="4" max="2" min="0" mode1="H" mode2="SLOTS" penalty="5" teamGroups1="" teamGroups2="" teams1="4" teams2="15;16;5;1;17" type="SOFT"/>
            <CA3 intp="4" max="2" min="0" mode1="A" mode2="SLOTS" penalty="5" teamGroups1="" teamGroups2="" teams1="1" teams2="12;6;15;10;0;4;8" type="SOFT"/>
            <CA3 intp="4" max="2" min="0" mode1="A" mode2="SLOTS" penalty="5" teamGroups1="" teamGroups2="" teams1="5" teams2="6;10;16;1;8" type="SOFT"/>
            <CA3 intp="4" max="2" min="0" mode1="H" mode2="SLOTS" penalty="5" teamGroups1="" teamGroups2="" teams1="2" teams2="11;7;13;6;9;16" type="SOFT"/>
            <CA3 intp="4" max="2" min="0" mode1="H" mode2="SLOTS" penalty="5" teamGroups1="" teamGroups2="" teams1="5" teams2="14;7;6;15;9;16;3" type="SOFT"/>
            <CA3 intp="4" max="2" min="0" mode1="HA" mode2="SLOTS" penalty="5" teamGroups1="" teamGroups2="" teams1="0" teams2="10;2;5;1;3" type="SOFT"/>
            <CA3 intp="4" max="2" min="0" mode1="H" mode2="SLOTS" penalty="5" teamGroups1="" teamGroups2="" teams1="14" teams2="12;15;5;1;0;4;17" type="SOFT"/>
            <CA3 intp="4" max="2" min="0" mode1="A" mode2="SLOTS" penalty="5" teamGroups1="" teamGroups2="" teams1="1" teams2="12;7;2;0;3;17" type="SOFT"/>
            <CA3 intp="4" max="2" min="0" mode1="A" mode2="SLOTS" penalty="5" teamGroups1="" teamGroups2="" teams1="5" teams2="14;9;2;1;17" type="SOFT"/>
        </CapacityConstraints>
        <GameConstraints>
            <GA1 max="1" meetings="3,7;9,2;" min="0" penalty="1" slotGroups="" slots="31;0" type="HARD"/>
            <GA1 max="0" meetings="10,15;" min="0" penalty="1" slotGroups="" slots="23" type="HARD"/>
            <GA1 max="1" meetings="10,3;13,11;17,0;" min="0" penalty="1" slotGroups="" slots="27;31;1" type="HARD"/>
            <GA1 max="0" meetings="4,0;" min="0" penalty="1" slotGroups="" slots="23" type="HARD"/>
            <GA1 max="0" meetings="8,6;" min="0" penalty="1" slotGroups="" slots="23" type="HARD"/>
            <GA1 max="0" meetings="3,1;" min="0" penalty="1" slotGroups="" slots="0" type="HARD"/>
            <GA1 max="1" meetings="7,0;15,8;16,10;" min="0" penalty="1" slotGroups="" slots="19;11;15" type="HARD"/>
            <GA1 max="3" meetings="0,16;1,14;16,17;" min="2" penalty="1" slotGroups="" slots="13;28;25" type="HARD"/>
            <GA1 max="1" meetings="14,13;" min="1" penalty="1" slotGroups="" slots="16" type="HARD"/>
            <GA1 max="0" meetings="17,1;" min="0" penalty="1" slotGroups="" slots="29" type="HARD"/>
            <GA1 max="0" meetings="4,7;" min="0" penalty="1" slotGroups="" slots="27" type="HARD"/>
            <GA1 max="2" meetings="4,16;5,14;12,17;15,1;" min="0" penalty="1" slotGroups="" slots="6;26;0;14" type="HARD"/>
            <GA1 max="1" meetings="3,1;" min="1" penalty="1" slotGroups="" slots="22" type="HARD"/>
            <GA1 max="1" meetings="4,13;" min="1" penalty="1" slotGroups="" slots="11" type="HARD"/>
            <GA1 max="0" meetings="17,8;" min="0" penalty="1" slotGroups="" slots="32" type="HARD"/>
            <GA1 max="1" meetings="16,10;" min="1" penalty="1" slotGroups="" slots="31" type="HARD"/>
            <GA1 max="1" meetings="2,6;" min="1" penalty="1" slotGroups="" slots="4" type="HARD"/>
            <GA1 max="1" meetings="5,13;" min="1" penalty="1" slotGroups="" slots="33" type="HARD"/>
            <GA1 max="1" meetings="12,10;17,0;" min="0" penalty="1" slotGroups="" slots="10;28" type="HARD"/>
            <GA1 max="1" meetings="0,10;" min="1" penalty="1" slotGroups="" slots="33" type="HARD"/>
            <GA1 max="1" meetings="2,9;" min="1" penalty="1" slotGroups="" slots="11" type="HARD"/>
            <GA1 max="1" meetings="12,5;" min="1" penalty="1" slotGroups="" slots="30" type="HARD"/>
            <GA1 max="0" meetings="1,16;" min="0" penalty="1" slotGroups="" slots="33" type="HARD"/>
            <GA1 max="2" meetings="6,3;6,17;" min="1" penalty="1" slotGroups="" slots="2;31" type="HARD"/>
            <GA1 max="1" meetings="4,3;12,14;" min="0" penalty="1" slotGroups="" slots="31;18" type="HARD"/>
            <GA1 max="0" meetings="4,8;" min="0" penalty="1" slotGroups="" slots="30" type="HARD"/>
            <GA1 max="1" meetings="10,17;" min="1" penalty="1" slotGroups="" slots="11" type="HARD"/>
            <GA1 max="0" meetings="6,1;" min="0" penalty="1" slotGroups="" slots="18" type="HARD"/>
            <GA1 max="2" meetings="10,5;15,6;" min="1" penalty="1" slotGroups="" slots="13;0" type="HARD"/>
            <GA1 max="0" meetings="8,2;" min="0" penalty="1" slotGroups="" slots="29" type="HARD"/>
            <GA1 max="0" meetings="3,7;" min="0" penalty="1" slotGroups="" slots="8" type="HARD"/>
            <GA1 max="2" meetings="5,3;5,4;7,5;12,1;" min="0" penalty="1" slotGroups="" slots="6;19;2;30" type="HARD"/>
            <GA1 max="1" meetings="17,9;" min="1" penalty="1" slotGroups="" slots="19;3" type="SOFT"/>
            <GA1 max="0" meetings="8,11;" min="0" penalty="1" slotGroups="" slots="30" type="SOFT"/>
            <GA1 max="0" meetings="14,13;" min="0" penalty="1" slotGroups="" slots="15" type="SOFT"/>
            <GA1 max="2" meetings="2,12;10,7;" min="1" penalty="1" slotGroups="" slots="27" type="SOFT"/>
            <GA1 max="0" meetings="11,14;" min="0" penalty="1" slotGroups="" slots="13;22;0" type="SOFT"/>
            <GA1 max="2" meetings="2,6;2,16;5,4;10,3;" min="0" penalty="1" slotGroups="" slots="24" type="SOFT"/>
            <GA1 max="0" meetings="10,0;" min="0" penalty="1" slotGroups="" slots="20" type="SOFT"/>
            <GA1 max="4" meetings="1,16;8,16;13,6;15,6;" min="2" penalty="1" slotGroups="" slots="30;22;32" type="SOFT"/>
            <GA1 max="1" meetings="3,11;" min="1" penalty="1" slotGroups="" slots="23" type="SOFT"/>
            <GA1 max="2" meetings="11,5;14,8;15,8;17,0;" min="0" penalty="1" slotGroups="" slots="3" type="SOFT"/>
            <GA1 max="1" meetings="6,10;" min="1" penalty="1" slotGroups="" slots="5;9;31;22" type="SOFT"/>
            <GA1 max="1" meetings="4,12;7,6;12,16;" min="0" penalty="1" slotGroups="" slots="13" type="SOFT"/>
            <GA1 max="0" meetings="3,8;" min="0" penalty="1" slotGroups="" slots="22" type="SOFT"/>
            <GA1 max="1" meetings="1,15;10,2;" min="0" penalty="1" slotGroups="" slots="13;19;30" type="SOFT"/>
            <GA1 max="0" meetings="1,7;" min="0" penalty="1" slotGroups="" slots="23;32" type="SOFT"/>
            <GA1 max="3" meetings="3,6;14,2;15,5;" min="2" penalty="1" slotGroups="" slots="27" type="SOFT"/>
            <GA1 max="0" meetings="7,6;" min="0" penalty="1" slotGroups="" slots="26" type="SOFT"/>
            <GA1 max="1" meetings="2,15;" min="1" penalty="1" slotGroups="" slots="13" type="SOFT"/>
            <GA1 max="0" meetings="5,0;" min="0" penalty="1" slotGroups="" slots="8" type="SOFT"/>
            <GA1 max="0" meetings="16,10;" min="0" penalty="1" slotGroups="" slots="7" type="SOFT"/>
            <GA1 max="1" meetings="16,5;" min="1" penalty="1" slotGroups="" slots="7" type="SOFT"/>
            <GA1 max="0" meetings="2,8;" min="0" penalty="1" slotGroups="" slots="8" type="SOFT"/>
            <GA1 max="0" meetings="2,7;" min="0" penalty="1" slotGroups="" slots="1" type="SOFT"/>
            <GA1 max="0" meetings="7,2;" min="0" penalty="1" slotGroups="" slots="26;9;1;3" type="SOFT"/>
            <GA1 max="1" meetings="1,15;" min="1" penalty="1" slotGroups="" slots="5;30;33" type="SOFT"/>
            <GA1 max="0" meetings="7,15;" min="0" penalty="1" slotGroups="" slots="20;11;2;29" type="SOFT"/>
            <GA1 max="0" meetings="15,10;" min="0" penalty="1" slotGroups="" slots="16;2;30;24" type="SOFT"/>
            <GA1 max="2" meetings="0,14;3,15;5,11;14,11;" min="0" penalty="1" slotGroups="" slots="16;6;0" type="SOFT"/>
            <GA1 max="3" meetings="3,7;9,2;17,14;" min="2" penalty="1" slotGroups="" slots="19;21" type="SOFT"/>
        </GameConstraints>
        <BreakConstraints>
            <BR1 intp="0" mode1="LEQ" mode2="HA" penalty="1" slotGroups="" slots="13" teamGroups="" teams="1" type="HARD"/>
            <BR1 intp="0" mode1="LEQ" mode2="HA" penalty="1" slotGroups="" slots="15" teamGroups="" teams="2" type="HARD"/>
            <BR1 intp="1" mode1="LEQ" mode2="HA" penalty="1" slotGroups="" slots="12;24;33" teamGroups="" teams="11" type="HARD"/>
            <BR1 intp="0" mode1="LEQ" mode2="HA" penalty="1" slotGroups="" slots="13" teamGroups="" teams="17" type="HARD"/>
            <BR1 intp="1" mode1="LEQ" mode2="HA" penalty="1" slotGroups="" slots="5;2;30" teamGroups="" teams="16" type="HARD"/>
            <BR1 intp="2" mode1="LEQ" mode2="HA" penalty="1" slotGroups="" slots="16;27;23;10;25;18" teamGroups="" teams="1" type="HARD"/>
            <BR1 intp="2" mode1="LEQ" mode2="HA" penalty="1" slotGroups="" slots="16;13;20;27;8;30" teamGroups="" teams="8" type="HARD"/>
            <BR1 intp="0" mode1="LEQ" mode2="HA" penalty="1" slotGroups="" slots="24" teamGroups="" teams="0" type="HARD"/>
            <BR1 intp="2" mode1="LEQ" mode2="HA" penalty="1" slotGroups="" slots="27;19;9;25;4;33" teamGroups="" teams="14" type="HARD"/>
            <BR1 intp="2" mode1="LEQ" mode2="HA" penalty="1" slotGroups="" slots="9;30;1;15;4;3" teamGroups="" teams="7" type="HARD"/>
            <BR1 intp="2" mode1="LEQ" mode2="HA" penalty="1" slotGroups="" slots="6;27;26;10;15;18" teamGroups="" teams="10" type="HARD"/>
            <BR1 intp="1" mode1="LEQ" mode2="HA" penalty="1" slotGroups="" slots="7;5;33" teamGroups="" teams="14" type="HARD"/>
            <BR1 intp="1" mode1="LEQ" mode2="HA" penalty="1" slotGroups="" slots="26;12;15" teamGroups="" teams="0" type="HARD"/>
            <BR1 intp="2" mode1="LEQ" mode2="HA" penalty="1" slotGroups="" slots="17;11;9;28;22;18" teamGroups="" teams="17" type="HARD"/>
            <BR1 intp="1" mode1="LEQ" mode2="HA" penalty="1" slotGroups="" slots="20;8;33" teamGroups="" teams="9" type="HARD"/>
            <BR1 intp="0" mode1="LEQ" mode2="HA" penalty="1" slotGroups="" slots="31" teamGroups="" teams="9" type="HARD"/>
            <BR1 intp="2" mode1="LEQ" mode2="HA" penalty="1" slotGroups="" slots="6;27;9;0;24;33" teamGroups="" teams="9" type="HARD"/>
            <BR1 intp="1" mode1="LEQ" mode2="HA" penalty="1" slotGroups="" slots="27;22;21" teamGroups="" teams="3" type="HARD"/>
            <BR1 intp="1" mode1="LEQ" mode2="HA" penalty="1" slotGroups="" slots="23;10;33" teamGroups="" teams="3" type="HARD"/>
            <BR1 intp="2" mode1="LEQ" mode2="HA" penalty="1" slotGroups="" slots="7;6;17;28;1;25" teamGroups="" teams="2" type="HARD"/>
            <BR1 intp="1" mode1="LEQ" mode2="HA" penalty="1" slotGroups="" slots="7;11;18" teamGroups="" teams="16" type="HARD"/>
            <BR1 intp="2" mode1="LEQ" mode2="HA" penalty="1" slotGroups="" slots="16;12;22;18;24;14" teamGroups="" teams="1" type="HARD"/>
            <BR1 intp="0" mode1="LEQ" mode2="HA" penalty="1" slotGroups="" slots="33" teamGroups="" teams="12" type="HARD"/>
            <BR1 intp="2" mode1="LEQ" mode2="HA" penalty="1" slotGroups="" slots="20;26;5;9;25;33" teamGroups="" teams="11" type="HARD"/>
            <BR1 intp="1" mode1="LEQ" mode2="HA" penalty="1" slotGroups="" slots="11;5;31" teamGroups="" teams="16" type="HARD"/>
            <BR1 intp="0" mode1="LEQ" mode2="HA" penalty="1" slotGroups="" slots="16" teamGroups="" teams="15" type="HARD"/>
            <BR1 intp="2" mode1="LEQ" mode2="HA" penalty="1" slotGroups="" slots="11;9;28;12;18;4" teamGroups="" teams="1" type="HARD"/>
            <BR1 intp="0" mode1="LEQ" mode2="HA" penalty="1" slotGroups="" slots="27" teamGroups="" teams="11" type="HARD"/>
            <BR1 intp="0" mode1="LEQ" mode2="HA" penalty="1" slotGroups="" slots="33" teamGroups="" teams="6" type="HARD"/>
            <BR1 intp="2" mode1="LEQ" mode2="HA" penalty="1" slotGroups="" slots="16;17;5;10;3;24" teamGroups="" teams="17" type="HARD"/>
            <BR1 intp="1" mode1="LEQ" mode2="HA" penalty="1" slotGroups="" slots="17;18;24" teamGroups="" teams="14" type="HARD"/>
            <BR1 intp="1" mode1="LEQ" mode2="HA" penalty="1" slotGroups="" slots="8;25;4" teamGroups="" teams="7" type="HARD"/>
            <BR1 intp="1" mode1="LEQ" mode2="HA" penalty="1" slotGroups="" slots="16;17;25" teamGroups="" teams="11" type="HARD"/>
            <BR1 intp="2" mode1="LEQ" mode2="HA" penalty="1" slotGroups="" slots="13;17;19;29;24;32" teamGroups="" teams="17" type="HARD"/>
            <BR1 intp="0" mode1="LEQ" mode2="HA" penalty="1" slotGroups="" slots="27" teamGroups="" teams="12" type="HARD"/>
            <BR1 intp="2" mode1="LEQ" mode2="HA" penalty="1" slotGroups="" slots="17;26;28;25;21;32" teamGroups="" teams="15" type="HARD"/>
            <BR1 intp="2" mode1="LEQ" mode2="HA" penalty="1" slotGroups="" slots="5;10;12;15;3;29" teamGroups="" teams="4" type="HARD"/>
            <BR1 intp="0" mode1="LEQ" mode2="HA" penalty="1" slotGroups="" slots="21" teamGroups="" teams="10" type="HARD"/>
            <BR1 intp="0" mode1="LEQ" mode2="HA" penalty="1" slotGroups="" slots="8" teamGroups="" teams="9" type="HARD"/>
            <BR1 intp="2" mode1="LEQ" mode2="HA" penalty="1" slotGroups="" slots="7;11;5;2;28;1" teamGroups="" teams="1" type="HARD"/>
            <BR1 intp="2" mode1="LEQ" mode2="HA" penalty="1" slotGroups="" slots="17;23;12;21;0;4" teamGroups="" teams="11" type="HARD"/>
            <BR1 intp="1" mode1="LEQ" mode2="HA" penalty="5" slotGroups="" slots="26;8;24" teamGroups="" teams="17" type="SOFT"/>
            <BR1 intp="1" mode1="LEQ" mode2="HA" penalty="5" slotGroups="" slots="6;10;30" teamGroups="" teams="12" type="SOFT"/>
            <BR1 intp="0" mode1="LEQ" mode2="HA" penalty="5" slotGroups="" slots="9" teamGroups="" teams="17" type="SOFT"/>
            <BR1 intp="0" mode1="LEQ" mode2="HA" penalty="5" slotGroups="" slots="3" teamGroups="" teams="8" type="SOFT"/>
            <BR1 intp="1" mode1="LEQ" mode2="HA" penalty="5" slotGroups="" slots="20;6;31" teamGroups="" teams="2" type="SOFT"/>
            <BR1 intp="1" mode1="LEQ" mode2="HA" penalty="5" slotGroups="" slots="13;20;1" teamGroups="" teams="5" type="SOFT"/>
            <BR1 intp="0" mode1="LEQ" mode2="HA" penalty="5" slotGroups="" slots="23" teamGroups="" teams="17" type="SOFT"/>
            <BR1 intp="0" mode1="LEQ" mode2="HA" penalty="5" slotGroups="" slots="12" teamGroups="" teams="17" type="SOFT"/>
            <BR1 intp="1" mode1="LEQ" mode2="HA" penalty="5" slotGroups="" slots="10;28;31" teamGroups="" teams="10" type="SOFT"/>
            <BR1 intp="0" mode1="LEQ" mode2="HA" penalty="5" slotGroups="" slots="12" teamGroups="" teams="17" type="SOFT"/>
            <BR1 intp="0" mode1="LEQ" mode2="HA" penalty="5" slotGroups="" slots="8" teamGroups="" teams="8" type="SOFT"/>
            <BR1 intp="0" mode1="LEQ" mode2="HA" penalty="5" slotGroups="" slots="0" teamGroups="" teams="7" type="SOFT"/>
            <BR1 intp="2" mode1="LEQ" mode2="HA" penalty="5" slotGroups="" slots="17;19;28;1;3;14" teamGroups="" teams="4" type="SOFT"/>
            <BR1 intp="0" mode1="LEQ" mode2="HA" penalty="5" slotGroups="" slots="22" teamGroups="" teams="6" type="SOFT"/>
            <BR1 intp="1" mode1="LEQ" mode2="HA" penalty="5" slotGroups="" slots="20;33;32" teamGroups="" teams="11" type="SOFT"/>
            <BR1 intp="2" mode1="LEQ" mode2="HA" penalty="5" slotGroups="" slots="7;6;26;15;29;24" teamGroups="" teams="5" type="SOFT"/>
            <BR1 intp="1" mode1="LEQ" mode2="HA" penalty="5" slotGroups="" slots="30;25;0" teamGroups="" teams="14" type="SOFT"/>
            <BR1 intp="1" mode1="LEQ" mode2="HA" penalty="5" slotGroups="" slots="27;8;10" teamGroups="" teams="5" type="SOFT"/>
            <BR1 intp="2" mode1="LEQ" mode2="HA" penalty="5" slotGroups="" slots="17;5;9;12;29;32" teamGroups="" teams="14" type="SOFT"/>
            <BR1 intp="1" mode1="LEQ" mode2="HA" penalty="5" slotGroups="" slots="7;17;9" teamGroups="" teams="6" type="SOFT"/>
            <BR1 intp="1" mode1="LEQ" mode2="HA" penalty="5" slotGroups="" slots="20;6;24" teamGroups="" teams="16" type="SOFT"/>
            <BR1 intp="0" mode1="LEQ" mode2="HA" penalty="5" slotGroups="" slots="18" teamGroups="" teams="2" type="SOFT"/>
            <BR1 intp="0" mode1="LEQ" mode2="HA" penalty="5" slotGroups="" slots="15" teamGroups="" teams="13" type="SOFT"/>
            <BR1 intp="2" mode1="LEQ" mode2="HA" penalty="5" slotGroups="" slots="26;22;21;4;33;14" teamGroups="" teams="4" type="SOFT"/>
            <BR2 intp="16" homeMode="HA" mode2="LEQ" penalty="10" slotGroups="" slots="16;13;7;20;6;27;17;26;19;8;11;5;23;2;10;9;28;30;31;12;1;25;15;22;21;0;18;4;3;29;24;33;32;14" teamGroups="" teams="14;11;12;7;13;6;15;10;9;16;2;5;1;0;3;4;17;8" type="SOFT"/>
        </BreakConstraints>
        <FairnessConstraints/>
        <SeparationConstraints>
            <SE1 mode1="SLOTS" min="10" penalty="10" teamGroups="" teams="14;11;12;7;13;6;15;10;9;16;2;5;1;0;3;4;17;8" type="SOFT"/>
        </SeparationConstraints>
    </Constraints>
</Instance>
