<?xml version="1.0" encoding="UTF-8"?>
<Instance>
  <MetaData>
    <InstanceName>Early 2</InstanceName>
    <DataType>A</DataType>
    <Contributor>ITC2021</Contributor>
    <Date year="2020" month="10"/>
  </MetaData>
  <Structure>
    <Format leagueIds="0">
      <numberRoundRobin>2</numberRoundRobin>
      <compactness>C</compactness>
      <gameMode>P</gameMode>
    </Format>
  </Structure>
  <ObjectiveFunction>
    <Objective>SC</Objective>
  </ObjectiveFunction>
  <Resources>
    <Leagues>
      <league id="0" name="League 0"/>
    </Leagues>
    <Teams>
      <team id="0" league="0" name="Team 0"/>
      <team id="1" league="0" name="Team 1"/>
      <team id="2" league="0" name="Team 2"/>
      <team id="3" league="0" name="Team 3"/>
      <team id="4" league="0" name="Team 4"/>
      <team id="5" league="0" name="Team 5"/>
      <team id="6" league="0" name="Team 6"/>
      <team id="7" league="0" name="Team 7"/>
      <team id="8" league="0" name="Team 8"/>
      <team id="9" league="0" name="Team 9"/>
      <team id="10" league="0" name="Team 10"/>
      <team id="11" league="0" name="Team 11"/>
      <team id="12" league="0" name="Team 12"/>
      <team id="13" league="0" name="Team 13"/>
      <team id="14" league="0" name="Team 14"/>
      <team id="15" league="0" name="Team 15"/>
    </Teams>
    <Slots>
      <slot id="0" name="Slot 0"/>
      <slot id="1" name="Slot 1"/>
      <slot id="2" name="Slot 2"/>
      <slot id="3" name="Slot 3"/>
      <slot id="4" name="Slot 4"/>
      <slot id="5" name="Slot 5"/>
      <slot id="6" name="Slot 6"/>
      <slot id="7" name="Slot 7"/>
      <slot id="8" name="Slot 8"/>
      <slot id="9" name="Slot 9"/>
      <slot id="10" name="Slot 10"/>
      <slot id="11" name="Slot 11"/>
      <slot id="12" name="Slot 12"/>
      <slot id="13" name="Slot 13"/>
      <slot id="14" name="Slot 14"/>
      <slot id="15" name="Slot 15"/>
      <slot id="16" name="Slot 16"/>
      <slot id="17" name="Slot 17"/>
      <slot id="18" name="Slot 18"/>
      <slot id="19" name="Slot 19"/>
      <slot id="20" name="Slot 20"/>
      <slot id="21" name="Slot 21"/>
      <slot id="22" name="Slot 22"/>
      <slot id="23" name="Slot 23"/>
      <slot id="24" name="Slot 24"/>
      <slot id="25" name="Slot 25"/>
      <slot id="26" name="Slot 26"/>
      <slot id="27" name="Slot 27"/>
      <slot id="28" name="Slot 28"/>
      <slot id="29" name="Slot 29"/>
    </Slots>
  </Resources>
  <Constraints>
    <BasicConstraints/>
    <CapacityConstraints>
      <CA1 max="0" min="0" mode="H" penalty="1" slots="7" teams="4" type="HARD"/>
      <CA1 max="0" min="0" mode="A" penalty="1" slots="8" teams="4" type="HARD"/>
      <CA1 max="0" min="0" mode="H" penalty="1" slots="9" teams="2" type="HARD"/>
      <CA1 max="0" min="0" mode="A" penalty="1" slots="0" teams="12" type="HARD"/>
      <CA1 max="1" min="0" mode="A" penalty="1" slots="2;4" teams="2" type="HARD"/>
      <CA1 max="0" min="0" mode="H" penalty="1" slots="21" teams="11" type="HARD"/>
      <CA1 max="1" min="0" mode="H" penalty="1" slots="17;11;2;6" teams="2" type="HARD"/>
      <CA1 max="2" min="0" mode="A" penalty="1" slots="27;10;5;6" teams="6" type="HARD"/>
      <CA1 max="1" min="0" mode="H" penalty="1" slots="19;3;6" teams="15" type="HARD"/>
      <CA1 max="2" min="0" mode="A" penalty="1" slots="28;16;15;6" teams="3" type="HARD"/>
      <CA1 max="1" min="0" mode="A" penalty="1" slots="20;13;2" teams="4" type="HARD"/>
      <CA1 max="0" min="0" mode="H" penalty="1" slots="11" teams="13" type="HARD"/>
      <CA1 max="1" min="0" mode="A" penalty="1" slots="22;8;1;6" teams="1" type="HARD"/>
      <CA1 max="1" min="0" mode="H" penalty="1" slots="29;2;5" teams="6" type="HARD"/>
      <CA1 max="1" min="0" mode="A" penalty="1" slots="24;29;18;0" teams="4" type="HARD"/>
      <CA1 max="1" min="0" mode="A" penalty="1" slots="18;21;4" teams="8" type="HARD"/>
      <CA1 max="2" min="0" mode="A" penalty="1" slots="27;18;8;13" teams="9" type="HARD"/>
      <CA1 max="1" min="0" mode="A" penalty="1" slots="28;23;15" teams="0" type="HARD"/>
      <CA1 max="1" min="0" mode="A" penalty="1" slots="24;28;13" teams="13" type="HARD"/>
      <CA1 max="1" min="0" mode="H" penalty="1" slots="28;18;0" teams="9" type="HARD"/>
      <CA1 max="0" min="0" mode="A" penalty="1" slots="12" teams="1" type="HARD"/>
      <CA1 max="2" min="0" mode="A" penalty="1" slots="24;15;9;14" teams="13" type="HARD"/>
      <CA1 max="1" min="0" mode="A" penalty="1" slots="28;9;11" teams="0" type="HARD"/>
      <CA1 max="1" min="0" mode="H" penalty="1" slots="28;15;8;0" teams="15" type="HARD"/>
      <CA1 max="1" min="0" mode="H" penalty="1" slots="14;0;3;5" teams="9" type="HARD"/>
      <CA1 max="1" min="0" mode="H" penalty="1" slots="25;22;12;2" teams="12" type="HARD"/>
      <CA1 max="1" min="0" mode="A" penalty="1" slots="9;3" teams="15" type="HARD"/>
      <CA1 max="1" min="0" mode="A" penalty="1" slots="16;6" teams="7" type="HARD"/>
      <CA1 max="1" min="0" mode="A" penalty="1" slots="7;5" teams="14" type="HARD"/>
      <CA1 max="2" min="0" mode="A" penalty="1" slots="26;27;18;20" teams="14" type="HARD"/>
      <CA1 max="1" min="0" mode="H" penalty="1" slots="24;15;9;14" teams="4" type="HARD"/>
      <CA1 max="1" min="0" mode="A" penalty="1" slots="25;26;16;7" teams="4" type="HARD"/>
      <CA1 max="1" min="0" mode="A" penalty="1" slots="29;12;7;3" teams="10" type="HARD"/>
      <CA1 max="1" min="0" mode="H" penalty="1" slots="25;13;3" teams="11" type="HARD"/>
      <CA1 max="1" min="0" mode="H" penalty="1" slots="9;14;4" teams="7" type="HARD"/>
      <CA1 max="1" min="0" mode="A" penalty="1" slots="18;13" teams="11" type="HARD"/>
      <CA1 max="0" min="0" mode="A" penalty="1" slots="4" teams="9" type="HARD"/>
      <CA1 max="1" min="0" mode="A" penalty="1" slots="15;8" teams="0" type="HARD"/>
      <CA1 max="1" min="0" mode="H" penalty="1" slots="25;26;10;7;0" teams="5" type="SOFT"/>
      <CA1 max="1" min="0" mode="H" penalty="1" slots="28;19;10;14" teams="7" type="SOFT"/>
      <CA1 max="1" min="0" mode="H" penalty="1" slots="9;3;4" teams="6" type="SOFT"/>
      <CA1 max="2" min="0" mode="A" penalty="1" slots="24;23;8;13;1;2" teams="9" type="SOFT"/>
      <CA1 max="1" min="0" mode="H" penalty="1" slots="24;28" teams="1" type="SOFT"/>
      <CA1 max="0" min="0" mode="A" penalty="1" slots="22" teams="10" type="SOFT"/>
      <CA1 max="2" min="0" mode="H" penalty="1" slots="27;23;22;10;0;2" teams="6" type="SOFT"/>
      <CA1 max="1" min="0" mode="A" penalty="1" slots="26;16;19;11;12" teams="15" type="SOFT"/>
      <CA1 max="0" min="0" mode="H" penalty="1" slots="17" teams="10" type="SOFT"/>
      <CA1 max="0" min="0" mode="H" penalty="1" slots="26" teams="8" type="SOFT"/>
      <CA1 max="1" min="0" mode="H" penalty="1" slots="17;13;2" teams="2" type="SOFT"/>
      <CA1 max="1" min="0" mode="A" penalty="1" slots="24;23;21;15;6" teams="11" type="SOFT"/>
      <CA1 max="1" min="0" mode="A" penalty="1" slots="19;12;14;0;3" teams="3" type="SOFT"/>
      <CA1 max="1" min="0" mode="A" penalty="1" slots="16;22;10;6" teams="10" type="SOFT"/>
      <CA1 max="1" min="0" mode="H" penalty="1" slots="26;10" teams="13" type="SOFT"/>
      <CA1 max="0" min="0" mode="A" penalty="1" slots="5" teams="14" type="SOFT"/>
      <CA1 max="1" min="0" mode="H" penalty="1" slots="29;17;15;8;5" teams="5" type="SOFT"/>
      <CA1 max="1" min="0" mode="A" penalty="1" slots="9;7;4" teams="2" type="SOFT"/>
      <CA1 max="2" min="0" mode="H" penalty="1" slots="25;22;9;13;14;1" teams="3" type="SOFT"/>
      <CA1 max="1" min="0" mode="H" penalty="1" slots="16;22" teams="11" type="SOFT"/>
      <CA1 max="1" min="0" mode="H" penalty="1" slots="25;21;9" teams="13" type="SOFT"/>
      <CA1 max="1" min="0" mode="A" penalty="1" slots="19;7" teams="3" type="SOFT"/>
      <CA1 max="1" min="0" mode="H" penalty="1" slots="25;26;19;0" teams="7" type="SOFT"/>
      <CA1 max="0" min="0" mode="H" penalty="1" slots="18" teams="5" type="SOFT"/>
      <CA1 max="0" min="0" mode="H" penalty="1" slots="15" teams="15" type="SOFT"/>
      <CA1 max="1" min="0" mode="A" penalty="1" slots="21;10;12;14;4" teams="7" type="SOFT"/>
      <CA1 max="0" min="0" mode="A" penalty="1" slots="2" teams="11" type="SOFT"/>
      <CA1 max="2" min="0" mode="H" penalty="1" slots="24;17;18;19;12;13" teams="2" type="SOFT"/>
      <CA1 max="2" min="0" mode="H" penalty="1" slots="24;18;8;10;1;6" teams="5" type="SOFT"/>
      <CA1 max="1" min="0" mode="A" penalty="1" slots="16;8;10;0" teams="8" type="SOFT"/>
      <CA3 intp="3" max="2" min="0" mode1="A" mode2="SLOTS" penalty="1" teams1="15;8;9;10;11;12;13;14;7;0;1;6;4;2;3;5" teams2="15;8;9;10;11;12;13;14;7;0;1;6;4;2;3;5" type="HARD"/>
      <CA3 intp="3" max="2" min="0" mode1="H" mode2="SLOTS" penalty="1" teams1="15;8;9;10;11;12;13;14;7;0;1;6;4;2;3;5" teams2="15;8;9;10;11;12;13;14;7;0;1;6;4;2;3;5" type="HARD"/>
      <CA3 intp="4" max="2" min="0" mode1="A" mode2="SLOTS" penalty="5" teams1="8" teams2="11;0;1;6;3" type="SOFT"/>
      <CA3 intp="4" max="2" min="0" mode1="A" mode2="SLOTS" penalty="5" teams1="1" teams2="15;9;10;13;2;3" type="SOFT"/>
      <CA3 intp="4" max="2" min="0" mode1="H" mode2="SLOTS" penalty="5" teams1="11" teams2="9;0;1;4;3;5" type="SOFT"/>
      <CA3 intp="4" max="2" min="0" mode1="HA" mode2="SLOTS" penalty="5" teams1="5" teams2="8;10;12;13;7;1;6" type="SOFT"/>
      <CA3 intp="4" max="2" min="0" mode1="H" mode2="SLOTS" penalty="5" teams1="2" teams2="11;12;13;1;6;3" type="SOFT"/>
      <CA3 intp="4" max="2" min="0" mode1="H" mode2="SLOTS" penalty="5" teams1="4" teams2="15;8;10;11;13;2" type="SOFT"/>
      <CA3 intp="4" max="2" min="0" mode1="HA" mode2="SLOTS" penalty="5" teams1="0" teams2="15;9;10;11;1;4;2" type="SOFT"/>
      <CA3 intp="4" max="2" min="0" mode1="HA" mode2="SLOTS" penalty="5" teams1="9" teams2="10;14;7;0;6;4" type="SOFT"/>
      <CA3 intp="4" max="2" min="0" mode1="A" mode2="SLOTS" penalty="5" teams1="3" teams2="15;9;0;6;2;5" type="SOFT"/>
      <CA3 intp="4" max="2" min="0" mode1="H" mode2="SLOTS" penalty="5" teams1="15" teams2="8;11;14;1;4;2;5" type="SOFT"/>
      <CA3 intp="4" max="2" min="0" mode1="H" mode2="SLOTS" penalty="5" teams1="15" teams2="9;10;11;2;5" type="SOFT"/>
      <CA3 intp="4" max="2" min="0" mode1="HA" mode2="SLOTS" penalty="5" teams1="5" teams2="15;11;13;0;6;2" type="SOFT"/>
      <CA3 intp="4" max="2" min="0" mode1="HA" mode2="SLOTS" penalty="5" teams1="9" teams2="15;10;12;13;14;1;5" type="SOFT"/>
      <CA3 intp="4" max="2" min="0" mode1="H" mode2="SLOTS" penalty="5" teams1="11" teams2="15;9;12;7;1;3" type="SOFT"/>
      <CA3 intp="4" max="2" min="0" mode1="H" mode2="SLOTS" penalty="5" teams1="12" teams2="10;1;6;3;5" type="SOFT"/>
      <CA3 intp="4" max="2" min="0" mode1="HA" mode2="SLOTS" penalty="5" teams1="6" teams2="15;10;12;2;3" type="SOFT"/>
      <CA3 intp="4" max="2" min="0" mode1="H" mode2="SLOTS" penalty="5" teams1="4" teams2="8;10;14;6;2;3;5" type="SOFT"/>
      <CA3 intp="4" max="2" min="0" mode1="H" mode2="SLOTS" penalty="5" teams1="0" teams2="9;13;14;7;1;6;3" type="SOFT"/>
      <CA3 intp="4" max="2" min="0" mode1="HA" mode2="SLOTS" penalty="5" teams1="0" teams2="8;11;12;7;4;5" type="SOFT"/>
      <CA3 intp="4" max="2" min="0" mode1="A" mode2="SLOTS" penalty="5" teams1="3" teams2="9;10;12;14;4;5" type="SOFT"/>
      <CA3 intp="4" max="2" min="0" mode1="A" mode2="SLOTS" penalty="5" teams1="2" teams2="9;12;7;0;4" type="SOFT"/>
      <CA3 intp="4" max="2" min="0" mode1="HA" mode2="SLOTS" penalty="5" teams1="15" teams2="8;9;13;4;2" type="SOFT"/>
      <CA3 intp="4" max="2" min="0" mode1="A" mode2="SLOTS" penalty="5" teams1="7" teams2="15;11;13;1;6;4;2" type="SOFT"/>
      <CA3 intp="4" max="2" min="0" mode1="HA" mode2="SLOTS" penalty="5" teams1="0" teams2="15;8;9;6;3;5" type="SOFT"/>
      <CA3 intp="4" max="2" min="0" mode1="H" mode2="SLOTS" penalty="5" teams1="12" teams2="11;13;14;1;6;2;3" type="SOFT"/>
      <CA3 intp="4" max="2" min="0" mode1="HA" mode2="SLOTS" penalty="5" teams1="2" teams2="15;9;14;7;0;5" type="SOFT"/>
      <CA3 intp="4" max="2" min="0" mode1="A" mode2="SLOTS" penalty="5" teams1="1" teams2="10;0;6;4;2;3;5" type="SOFT"/>
      <CA3 intp="4" max="2" min="0" mode1="HA" mode2="SLOTS" penalty="5" teams1="3" teams2="10;12;0;2;5" type="SOFT"/>
      <CA3 intp="4" max="2" min="0" mode1="H" mode2="SLOTS" penalty="5" teams1="12" teams2="9;13;14;0;6;3;5" type="SOFT"/>
      <CA3 intp="4" max="2" min="0" mode1="H" mode2="SLOTS" penalty="5" teams1="11" teams2="15;9;13;14;1;2;3" type="SOFT"/>
      <CA3 intp="4" max="2" min="0" mode1="H" mode2="SLOTS" penalty="5" teams1="0" teams2="12;13;1;4;3" type="SOFT"/>
      <CA3 intp="4" max="2" min="0" mode1="HA" mode2="SLOTS" penalty="5" teams1="4" teams2="8;13;0;6;2;5" type="SOFT"/>
      <CA3 intp="4" max="2" min="0" mode1="HA" mode2="SLOTS" penalty="5" teams1="4" teams2="9;12;13;14;2;3" type="SOFT"/>
      <CA3 intp="4" max="2" min="0" mode1="HA" mode2="SLOTS" penalty="5" teams1="7" teams2="9;10;13;0;1;2;3" type="SOFT"/>
      <CA3 intp="4" max="2" min="0" mode1="HA" mode2="SLOTS" penalty="5" teams1="6" teams2="10;12;13;1;4;2;5" type="SOFT"/>
      <CA3 intp="4" max="2" min="0" mode1="HA" mode2="SLOTS" penalty="5" teams1="8" teams2="12;13;0;1;4;3;5" type="SOFT"/>
      <CA3 intp="4" max="2" min="0" mode1="H" mode2="SLOTS" penalty="5" teams1="9" teams2="8;11;12;13;0;1;2" type="SOFT"/>
      <CA3 intp="4" max="2" min="0" mode1="A" mode2="SLOTS" penalty="5" teams1="6" teams2="15;12;7;0;1;4;5" type="SOFT"/>
      <CA3 intp="4" max="2" min="0" mode1="HA" mode2="SLOTS" penalty="5" teams1="10" teams2="13;14;1;6;3;5" type="SOFT"/>
      <CA3 intp="4" max="2" min="0" mode1="H" mode2="SLOTS" penalty="5" teams1="9" teams2="8;12;13;1;6;2;5" type="SOFT"/>
      <CA3 intp="4" max="2" min="0" mode1="HA" mode2="SLOTS" penalty="5" teams1="9" teams2="10;14;7;0;6" type="SOFT"/>
      <CA3 intp="4" max="2" min="0" mode1="H" mode2="SLOTS" penalty="5" teams1="10" teams2="8;9;13;0;1;6;5" type="SOFT"/>
      <CA3 intp="4" max="2" min="0" mode1="HA" mode2="SLOTS" penalty="5" teams1="14" teams2="8;9;12;13;7;6" type="SOFT"/>
      <CA3 intp="4" max="2" min="0" mode1="HA" mode2="SLOTS" penalty="5" teams1="11" teams2="8;9;12;1;6;4;3" type="SOFT"/>
      <CA3 intp="4" max="2" min="0" mode1="HA" mode2="SLOTS" penalty="5" teams1="0" teams2="15;9;11;12;14;6;4" type="SOFT"/>
      <CA3 intp="4" max="2" min="0" mode1="A" mode2="SLOTS" penalty="5" teams1="15" teams2="9;10;13;0;1;3;5" type="SOFT"/>
      <CA3 intp="4" max="2" min="0" mode1="H" mode2="SLOTS" penalty="5" teams1="11" teams2="9;13;7;4;2" type="SOFT"/>
      <CA3 intp="4" max="2" min="0" mode1="HA" mode2="SLOTS" penalty="5" teams1="8" teams2="13;0;6;4;3;5" type="SOFT"/>
      <CA3 intp="4" max="2" min="0" mode1="A" mode2="SLOTS" penalty="5" teams1="7" teams2="15;10;12;13;0;1" type="SOFT"/>
      <CA3 intp="4" max="2" min="0" mode1="H" mode2="SLOTS" penalty="5" teams1="0" teams2="11;13;1;6;3" type="SOFT"/>
      <CA3 intp="4" max="2" min="0" mode1="A" mode2="SLOTS" penalty="5" teams1="1" teams2="15;8;9;11;13;6;4" type="SOFT"/>
      <CA3 intp="4" max="2" min="0" mode1="H" mode2="SLOTS" penalty="5" teams1="3" teams2="9;10;11;13;14;1;2" type="SOFT"/>
      <CA3 intp="4" max="2" min="0" mode1="H" mode2="SLOTS" penalty="5" teams1="3" teams2="8;10;11;7;6;2" type="SOFT"/>
      <CA3 intp="4" max="2" min="0" mode1="A" mode2="SLOTS" penalty="5" teams1="11" teams2="13;14;7;0;6;4;2" type="SOFT"/>
      <CA3 intp="4" max="2" min="0" mode1="H" mode2="SLOTS" penalty="5" teams1="5" teams2="10;11;12;6;4;3" type="SOFT"/>
      <CA3 intp="4" max="2" min="0" mode1="H" mode2="SLOTS" penalty="5" teams1="13" teams2="11;14;7;0;1;6;2" type="SOFT"/>
      <CA3 intp="4" max="2" min="0" mode1="HA" mode2="SLOTS" penalty="5" teams1="13" teams2="15;8;10;12;1;4;3" type="SOFT"/>
      <CA3 intp="4" max="2" min="0" mode1="A" mode2="SLOTS" penalty="5" teams1="14" teams2="9;6;4;3;5" type="SOFT"/>
      <CA3 intp="4" max="2" min="0" mode1="HA" mode2="SLOTS" penalty="5" teams1="15" teams2="8;12;13;14;1;4;3" type="SOFT"/>
      <CA3 intp="4" max="2" min="0" mode1="A" mode2="SLOTS" penalty="5" teams1="15" teams2="9;11;12;2;3" type="SOFT"/>
      <CA3 intp="4" max="2" min="0" mode1="A" mode2="SLOTS" penalty="5" teams1="4" teams2="8;11;14;7;1;2" type="SOFT"/>
      <CA3 intp="4" max="2" min="0" mode1="H" mode2="SLOTS" penalty="5" teams1="4" teams2="8;9;11;14;1;3" type="SOFT"/>
      <CA3 intp="4" max="2" min="0" mode1="H" mode2="SLOTS" penalty="5" teams1="15" teams2="9;13;14;0;6;5" type="SOFT"/>
      <CA3 intp="4" max="2" min="0" mode1="A" mode2="SLOTS" penalty="5" teams1="4" teams2="9;12;13;14;2" type="SOFT"/>
      <CA3 intp="4" max="2" min="0" mode1="HA" mode2="SLOTS" penalty="5" teams1="3" teams2="8;9;11;12;14;0;2" type="SOFT"/>
      <CA3 intp="4" max="2" min="0" mode1="HA" mode2="SLOTS" penalty="5" teams1="15" teams2="10;14;7;0;2" type="SOFT"/>
      <CA3 intp="4" max="2" min="0" mode1="H" mode2="SLOTS" penalty="5" teams1="4" teams2="15;9;10;1;2" type="SOFT"/>
      <CA3 intp="4" max="2" min="0" mode1="HA" mode2="SLOTS" penalty="5" teams1="15" teams2="9;10;11;12;13;14;6" type="SOFT"/>
      <CA3 intp="4" max="2" min="0" mode1="A" mode2="SLOTS" penalty="5" teams1="15" teams2="8;10;14;7;6;2" type="SOFT"/>
      <CA3 intp="4" max="2" min="0" mode1="H" mode2="SLOTS" penalty="5" teams1="2" teams2="15;9;10;7;0;3" type="SOFT"/>
      <CA3 intp="4" max="2" min="0" mode1="A" mode2="SLOTS" penalty="5" teams1="14" teams2="8;11;12;2;3" type="SOFT"/>
      <CA3 intp="4" max="2" min="0" mode1="A" mode2="SLOTS" penalty="5" teams1="10" teams2="15;9;7;4;2;3" type="SOFT"/>
      <CA3 intp="4" max="2" min="0" mode1="A" mode2="SLOTS" penalty="5" teams1="1" teams2="10;12;7;4;3" type="SOFT"/>
      <CA3 intp="4" max="2" min="0" mode1="H" mode2="SLOTS" penalty="5" teams1="9" teams2="11;13;7;0;1;2;3" type="SOFT"/>
      <CA3 intp="4" max="2" min="0" mode1="HA" mode2="SLOTS" penalty="5" teams1="10" teams2="15;11;12;13;7;6" type="SOFT"/>
      <CA3 intp="4" max="2" min="0" mode1="A" mode2="SLOTS" penalty="5" teams1="5" teams2="9;13;14;0;1;6;2" type="SOFT"/>
      <CA3 intp="4" max="2" min="0" mode1="H" mode2="SLOTS" penalty="5" teams1="12" teams2="9;10;11;6;4;3" type="SOFT"/>
      <CA3 intp="4" max="2" min="0" mode1="H" mode2="SLOTS" penalty="5" teams1="14" teams2="10;12;7;1;4;2;3" type="SOFT"/>
      <CA3 intp="4" max="2" min="0" mode1="H" mode2="SLOTS" penalty="5" teams1="9" teams2="15;0;2;3;5" type="SOFT"/>
      <CA3 intp="4" max="2" min="0" mode1="H" mode2="SLOTS" penalty="5" teams1="15" teams2="8;12;14;0;4;2" type="SOFT"/>
      <CA3 intp="4" max="2" min="0" mode1="H" mode2="SLOTS" penalty="5" teams1="10" teams2="15;9;14;7;3" type="SOFT"/>
      <CA3 intp="4" max="2" min="0" mode1="A" mode2="SLOTS" penalty="5" teams1="13" teams2="8;9;10;1;2;3;5" type="SOFT"/>
    </CapacityConstraints>
    <GameConstraints>
      <GA1 max="1" meetings="2,1;2,8;15,7;" min="0" penalty="1" slots="14" type="SOFT"/>
    </GameConstraints>
    <BreakConstraints>
      <BR1 intp="1" mode1="LEQ" mode2="HA" penalty="1" slots="13;3;4" teams="14" type="HARD"/>
      <BR1 intp="1" mode1="LEQ" mode2="HA" penalty="1" slots="24;28;6" teams="9" type="HARD"/>
      <BR1 intp="1" mode1="LEQ" mode2="HA" penalty="1" slots="14;1;2" teams="2" type="HARD"/>
      <BR1 intp="2" mode1="LEQ" mode2="HA" penalty="1" slots="28;21;15;2;3;6" teams="0" type="HARD"/>
      <BR1 intp="2" mode1="LEQ" mode2="HA" penalty="1" slots="26;27;16;19;13;6" teams="6" type="HARD"/>
      <BR1 intp="2" mode1="LEQ" mode2="HA" penalty="1" slots="16;18;19;10;7;3" teams="14" type="HARD"/>
      <BR1 intp="0" mode1="LEQ" mode2="HA" penalty="1" slots="8" teams="1" type="HARD"/>
      <BR1 intp="0" mode1="LEQ" mode2="HA" penalty="1" slots="8" teams="13" type="HARD"/>
      <BR1 intp="2" mode1="LEQ" mode2="HA" penalty="1" slots="25;23;15;14;2;3" teams="14" type="HARD"/>
      <BR1 intp="2" mode1="LEQ" mode2="HA" penalty="1" slots="27;29;23;16;22;6" teams="1" type="HARD"/>
      <BR1 intp="1" mode1="LEQ" mode2="HA" penalty="1" slots="24;26;15" teams="14" type="HARD"/>
      <BR1 intp="1" mode1="LEQ" mode2="HA" penalty="1" slots="28;1;2" teams="12" type="HARD"/>
      <BR2 intp="76" homeMode="HA" mode2="LEQ" penalty="1" slots="24;25;26;27;28;29;23;16;17;18;19;20;21;22;15;8;9;10;11;12;13;14;7;0;1;2;3;4;5;6" teams="15;8;9;10;11;12;13;14;7;0;1;6;4;2;3;5" type="HARD"/>
    </BreakConstraints>
    <FairnessConstraints>
      <FA2 intp="2" mode="H" penalty="10" slots="24;25;26;27;28;29;23;16;17;18;19;20;21;22;15;8;9;10;11;12;13;14;7;0;1;2;3;4;5;6" teams="15;8;9;10;11;12;13;14;7;0;1;6;4;2;3;5" type="SOFT"/>
    </FairnessConstraints>
    <SeparationConstraints/>
  </Constraints>
</Instance>
