<?xml version="1.0" encoding="UTF-8"?>
<Instance>
  <MetaData>
    <InstanceName>Early 8</InstanceName>
    <DataType>A</DataType>
    <Contributor>ITC2021</Contributor>
    <Date year="2020" month="10"/>
  </MetaData>
  <Structure>
    <Format leagueIds="0">
      <numberRoundRobin>2</numberRoundRobin>
      <compactness>C</compactness>
      <gameMode>NULL</gameMode>
    </Format>
  </Structure>
  <ObjectiveFunction>
    <Objective>SC</Objective>
  </ObjectiveFunction>
  <Resources>
    <Leagues>
      <league id="0" name="League 0"/>
    </Leagues>
    <Teams>
      <team id="0" league="0" name="Team 0"/>
      <team id="1" league="0" name="Team 1"/>
      <team id="2" league="0" name="Team 2"/>
      <team id="3" league="0" name="Team 3"/>
      <team id="4" league="0" name="Team 4"/>
      <team id="5" league="0" name="Team 5"/>
      <team id="6" league="0" name="Team 6"/>
      <team id="7" league="0" name="Team 7"/>
      <team id="8" league="0" name="Team 8"/>
      <team id="9" league="0" name="Team 9"/>
      <team id="10" league="0" name="Team 10"/>
      <team id="11" league="0" name="Team 11"/>
      <team id="12" league="0" name="Team 12"/>
      <team id="13" league="0" name="Team 13"/>
      <team id="14" league="0" name="Team 14"/>
      <team id="15" league="0" name="Team 15"/>
      <team id="16" league="0" name="Team 16"/>
      <team id="17" league="0" name="Team 17"/>
    </Teams>
    <Slots>
      <slot id="0" name="Slot 0"/>
      <slot id="1" name="Slot 1"/>
      <slot id="2" name="Slot 2"/>
      <slot id="3" name="Slot 3"/>
      <slot id="4" name="Slot 4"/>
      <slot id="5" name="Slot 5"/>
      <slot id="6" name="Slot 6"/>
      <slot id="7" name="Slot 7"/>
      <slot id="8" name="Slot 8"/>
      <slot id="9" name="Slot 9"/>
      <slot id="10" name="Slot 10"/>
      <slot id="11" name="Slot 11"/>
      <slot id="12" name="Slot 12"/>
      <slot id="13" name="Slot 13"/>
      <slot id="14" name="Slot 14"/>
      <slot id="15" name="Slot 15"/>
      <slot id="16" name="Slot 16"/>
      <slot id="17" name="Slot 17"/>
      <slot id="18" name="Slot 18"/>
      <slot id="19" name="Slot 19"/>
      <slot id="20" name="Slot 20"/>
      <slot id="21" name="Slot 21"/>
      <slot id="22" name="Slot 22"/>
      <slot id="23" name="Slot 23"/>
      <slot id="24" name="Slot 24"/>
      <slot id="25" name="Slot 25"/>
      <slot id="26" name="Slot 26"/>
      <slot id="27" name="Slot 27"/>
      <slot id="28" name="Slot 28"/>
      <slot id="29" name="Slot 29"/>
      <slot id="30" name="Slot 30"/>
      <slot id="31" name="Slot 31"/>
      <slot id="32" name="Slot 32"/>
      <slot id="33" name="Slot 33"/>
    </Slots>
  </Resources>
  <Constraints>
    <BasicConstraints/>
    <CapacityConstraints>
      <CA1 max="0" min="0" mode="H" penalty="1" slots="2" teams="2" type="HARD"/>
      <CA1 max="1" min="0" mode="A" penalty="1" slots="6;15" teams="14" type="HARD"/>
      <CA1 max="1" min="0" mode="A" penalty="1" slots="10;20" teams="15" type="HARD"/>
      <CA1 max="0" min="0" mode="H" penalty="1" slots="25" teams="12" type="HARD"/>
      <CA1 max="0" min="0" mode="A" penalty="1" slots="4" teams="7" type="HARD"/>
      <CA1 max="1" min="0" mode="A" penalty="1" slots="5;32" teams="11" type="HARD"/>
      <CA1 max="1" min="0" mode="H" penalty="1" slots="13;16;5" teams="13" type="HARD"/>
      <CA1 max="1" min="0" mode="H" penalty="1" slots="6;5" teams="8" type="HARD"/>
      <CA1 max="0" min="0" mode="H" penalty="1" slots="13" teams="3" type="HARD"/>
      <CA1 max="0" min="0" mode="A" penalty="1" slots="0" teams="0" type="HARD"/>
      <CA1 max="0" min="0" mode="H" penalty="1" slots="2" teams="6" type="HARD"/>
      <CA1 max="1" min="0" mode="A" penalty="1" slots="2;26;1" teams="17" type="HARD"/>
      <CA1 max="1" min="0" mode="A" penalty="1" slots="27;9;20;1" teams="16" type="HARD"/>
      <CA1 max="0" min="0" mode="H" penalty="1" slots="33" teams="0" type="HARD"/>
      <CA1 max="0" min="0" mode="A" penalty="1" slots="23" teams="1" type="HARD"/>
      <CA1 max="1" min="0" mode="H" penalty="1" slots="10;9;5;32" teams="12" type="HARD"/>
      <CA1 max="1" min="0" mode="H" penalty="1" slots="12;21;3" teams="16" type="HARD"/>
      <CA1 max="1" min="0" mode="H" penalty="1" slots="33;12;22" teams="1" type="HARD"/>
      <CA1 max="1" min="0" mode="A" penalty="1" slots="7;31" teams="1" type="HARD"/>
      <CA2 max="0" min="0" mode1="H" mode2="GLOBAL" penalty="1" slots="27" teams1="15" teams2="2" type="HARD"/>
      <CA2 max="0" min="0" mode1="H" mode2="GLOBAL" penalty="1" slots="12" teams1="8" teams2="1" type="HARD"/>
      <CA2 max="0" min="0" mode1="H" mode2="GLOBAL" penalty="1" slots="7" teams1="11" teams2="8" type="HARD"/>
      <CA2 max="1" min="0" mode1="HA" mode2="GLOBAL" penalty="1" slots="9;21;22;31" teams1="6" teams2="8;9;4;5" type="HARD"/>
      <CA2 max="0" min="0" mode1="H" mode2="GLOBAL" penalty="1" slots="12" teams1="13" teams2="4" type="HARD"/>
      <CA2 max="1" min="0" mode1="HA" mode2="GLOBAL" penalty="1" slots="14;25;30;1;3" teams1="10" teams2="12;16;5;3;1" type="HARD"/>
      <CA2 max="0" min="0" mode1="H" mode2="GLOBAL" penalty="1" slots="28" teams1="13" teams2="5" type="HARD"/>
      <CA2 max="0" min="0" mode1="A" mode2="GLOBAL" penalty="1" slots="26" teams1="0" teams2="13" type="HARD"/>
      <CA2 max="1" min="0" mode1="HA" mode2="GLOBAL" penalty="5" slots="27;19;21;18;5;17;0" teams1="13" teams2="14;17;15;9;4;2;5" type="SOFT"/>
      <CA2 max="2" min="0" mode1="H" mode2="GLOBAL" penalty="5" slots="19;26;20;32;17;4" teams1="1" teams2="12;8;16;9;13;4" type="SOFT"/>
      <CA2 max="2" min="0" mode1="HA" mode2="GLOBAL" penalty="5" slots="14;6;8;22;32;31;29;17" teams1="6" teams2="12;14;8;16;13;4;5;3" type="SOFT"/>
      <CA2 max="2" min="0" mode1="A" mode2="GLOBAL" penalty="5" slots="26;12;7;24;1;3" teams1="9" teams2="14;17;4;2;5;6" type="SOFT"/>
      <CA2 max="2" min="0" mode1="A" mode2="GLOBAL" penalty="5" slots="6;25;24;20;30;3" teams1="2" teams2="12;14;10;7;5;1" type="SOFT"/>
      <CA2 max="2" min="0" mode1="H" mode2="GLOBAL" penalty="5" slots="2;26;22;5;23;4" teams1="7" teams2="12;14;17;15;9;3" type="SOFT"/>
      <CA2 max="3" min="0" mode1="A" mode2="GLOBAL" penalty="5" slots="26;16;33;18;22;5;31;4" teams1="2" teams2="15;13;4;7;5;0;6;1" type="SOFT"/>
      <CA2 max="2" min="0" mode1="HA" mode2="GLOBAL" penalty="5" slots="14;19;25;15;24;20;29;1" teams1="14" teams2="15;10;13;4;7;5;0;1" type="SOFT"/>
      <CA2 max="1" min="0" mode1="HA" mode2="GLOBAL" penalty="5" slots="19;25;7;24;5;29" teams1="2" teams2="11;15;16;9;13;0" type="SOFT"/>
      <CA2 max="2" min="0" mode1="H" mode2="GLOBAL" penalty="5" slots="27;19;21;20;30;29;17" teams1="13" teams2="8;15;16;4;2;0;1" type="SOFT"/>
      <CA2 max="3" min="0" mode1="H" mode2="GLOBAL" penalty="5" slots="6;26;7;21;18;22;29;3" teams1="0" teams2="12;11;8;10;13;7;2;3" type="SOFT"/>
      <CA2 max="1" min="0" mode1="HA" mode2="GLOBAL" penalty="5" slots="19;9;11;18;22;1;4" teams1="10" teams2="12;14;15;9;2;3;0" type="SOFT"/>
      <CA2 max="2" min="0" mode1="A" mode2="GLOBAL" penalty="5" slots="13;8;10;28;21;22;0" teams1="9" teams2="12;14;11;8;4;2;5" type="SOFT"/>
      <CA2 max="2" min="0" mode1="H" mode2="GLOBAL" penalty="5" slots="14;19;25;11;24;30" teams1="6" teams2="8;16;10;7;2;1" type="SOFT"/>
      <CA2 max="2" min="0" mode1="HA" mode2="GLOBAL" penalty="5" slots="13;26;25;28;24;30;17;0" teams1="14" teams2="17;11;8;15;4;7;5;0" type="SOFT"/>
      <CA2 max="1" min="0" mode1="HA" mode2="GLOBAL" penalty="5" slots="6;8;26;32;31;1" teams1="9" teams2="17;11;16;10;2;0" type="SOFT"/>
      <CA2 max="2" min="0" mode1="H" mode2="GLOBAL" penalty="5" slots="2;9;33;7;18;31;17" teams1="0" teams2="17;11;9;13;7;3;1" type="SOFT"/>
      <CA2 max="2" min="0" mode1="H" mode2="GLOBAL" penalty="5" slots="19;33;11;18;31;1;3" teams1="13" teams2="8;16;7;2;5;3;6" type="SOFT"/>
      <CA2 max="2" min="0" mode1="H" mode2="GLOBAL" penalty="5" slots="9;12;7;24;31;3" teams1="13" teams2="11;15;16;9;10;3" type="SOFT"/>
      <CA2 max="1" min="0" mode1="HA" mode2="GLOBAL" penalty="5" slots="8;26;9;21;30;29;1" teams1="17" teams2="11;15;16;9;10;6;1" type="SOFT"/>
      <CA2 max="3" min="0" mode1="H" mode2="GLOBAL" penalty="5" slots="19;25;33;22;5;20;30;29" teams1="12" teams2="11;8;9;13;4;7;0;1" type="SOFT"/>
      <CA2 max="2" min="0" mode1="A" mode2="GLOBAL" penalty="5" slots="6;25;18;20;17;3" teams1="10" teams2="11;9;13;4;2;1" type="SOFT"/>
      <CA2 max="1" min="0" mode1="HA" mode2="GLOBAL" penalty="5" slots="14;18;22;17;1;4;3" teams1="0" teams2="12;14;15;9;10;5;6" type="SOFT"/>
      <CA2 max="3" min="0" mode1="A" mode2="GLOBAL" penalty="5" slots="14;2;16;7;18;20;32;0" teams1="4" teams2="14;11;8;15;9;10;7;3" type="SOFT"/>
      <CA2 max="3" min="0" mode1="H" mode2="GLOBAL" penalty="5" slots="13;27;19;10;33;11;21;0" teams1="6" teams2="14;11;15;16;13;2;5;1" type="SOFT"/>
      <CA2 max="1" min="0" mode1="HA" mode2="GLOBAL" penalty="5" slots="13;15;28;24;23;1" teams1="12" teams2="11;16;13;7;5;1" type="SOFT"/>
      <CA2 max="1" min="0" mode1="HA" mode2="GLOBAL" penalty="5" slots="2;26;12;7;21;5;20" teams1="11" teams2="15;16;9;4;7;2;1" type="SOFT"/>
      <CA2 max="2" min="0" mode1="H" mode2="GLOBAL" penalty="5" slots="13;27;18;5;30;23;3" teams1="10" teams2="17;11;8;16;2;3;1" type="SOFT"/>
      <CA2 max="1" min="0" mode1="HA" mode2="GLOBAL" penalty="5" slots="13;5;30;32;23;17;1" teams1="14" teams2="11;15;16;10;0;6;1" type="SOFT"/>
      <CA2 max="3" min="0" mode1="H" mode2="GLOBAL" penalty="5" slots="8;19;25;9;16;15;24;31" teams1="1" teams2="17;11;15;16;10;13;4;3" type="SOFT"/>
      <CA2 max="1" min="0" mode1="HA" mode2="GLOBAL" penalty="5" slots="8;25;12;24;23;29;0" teams1="7" teams2="12;11;8;16;0;6;1" type="SOFT"/>
      <CA2 max="1" min="0" mode1="HA" mode2="GLOBAL" penalty="5" slots="27;2;19;25;12;4" teams1="6" teams2="17;15;9;13;7;1" type="SOFT"/>
      <CA2 max="3" min="0" mode1="H" mode2="GLOBAL" penalty="5" slots="2;10;33;15;7;24;31;1" teams1="6" teams2="12;14;11;16;9;10;2;1" type="SOFT"/>
      <CA2 max="1" min="0" mode1="HA" mode2="GLOBAL" penalty="5" slots="27;10;9;21;18;17;3" teams1="3" teams2="14;8;16;10;13;2;6" type="SOFT"/>
      <CA2 max="2" min="0" mode1="H" mode2="GLOBAL" penalty="5" slots="12;11;24;5;30;23" teams1="1" teams2="14;11;8;10;2;0" type="SOFT"/>
      <CA2 max="2" min="0" mode1="A" mode2="GLOBAL" penalty="5" slots="2;6;16;33;5;20" teams1="4" teams2="14;17;8;15;16;5" type="SOFT"/>
      <CA2 max="3" min="0" mode1="A" mode2="GLOBAL" penalty="5" slots="13;14;15;21;24;32;31;17" teams1="13" teams2="14;8;15;10;5;3;6;1" type="SOFT"/>
      <CA2 max="1" min="0" mode1="HA" mode2="GLOBAL" penalty="5" slots="14;33;22;20;29;17;3" teams1="6" teams2="12;8;9;13;5;0;1" type="SOFT"/>
      <CA2 max="2" min="0" mode1="H" mode2="GLOBAL" penalty="5" slots="8;26;11;21;5;29;0" teams1="2" teams2="11;15;16;13;7;3;0" type="SOFT"/>
      <CA2 max="2" min="0" mode1="H" mode2="GLOBAL" penalty="5" slots="2;19;10;12;11;24;23" teams1="6" teams2="14;8;15;9;13;2;1" type="SOFT"/>
      <CA2 max="3" min="0" mode1="A" mode2="GLOBAL" penalty="5" slots="12;21;24;5;30;23;17;3" teams1="1" teams2="8;15;16;9;10;13;7;3" type="SOFT"/>
      <CA2 max="3" min="0" mode1="H" mode2="GLOBAL" penalty="5" slots="2;16;28;18;5;20;30;23" teams1="2" teams2="12;17;15;9;10;13;4;6" type="SOFT"/>
      <CA2 max="2" min="0" mode1="H" mode2="GLOBAL" penalty="5" slots="2;25;28;24;20;30;17" teams1="17" teams2="8;9;10;7;5;0;1" type="SOFT"/>
      <CA2 max="1" min="0" mode1="HA" mode2="GLOBAL" penalty="5" slots="27;19;30;29;17;4;3" teams1="1" teams2="14;15;2;5;3;0;6" type="SOFT"/>
      <CA2 max="2" min="0" mode1="A" mode2="GLOBAL" penalty="5" slots="25;16;33;12;18;30;32" teams1="16" teams2="8;13;7;5;3;0;6" type="SOFT"/>
      <CA2 max="1" min="0" mode1="HA" mode2="GLOBAL" penalty="5" slots="27;7;24;29;0;1" teams1="14" teams2="12;8;10;7;2;5" type="SOFT"/>
      <CA2 max="2" min="0" mode1="HA" mode2="GLOBAL" penalty="5" slots="14;26;25;10;33;12;7;29" teams1="16" teams2="14;17;8;10;4;7;5;1" type="SOFT"/>
      <CA2 max="2" min="0" mode1="A" mode2="GLOBAL" penalty="5" slots="15;12;11;7;32;4" teams1="8" teams2="12;14;15;9;10;6" type="SOFT"/>
      <CA2 max="2" min="0" mode1="A" mode2="GLOBAL" penalty="5" slots="27;2;26;21;24;22" teams1="13" teams2="17;11;10;4;6;1" type="SOFT"/>
      <CA2 max="1" min="0" mode1="HA" mode2="GLOBAL" penalty="5" slots="9;33;15;21;22;1" teams1="6" teams2="14;11;8;16;10;4" type="SOFT"/>
      <CA2 max="2" min="0" mode1="A" mode2="GLOBAL" penalty="5" slots="14;33;28;32;31;29" teams1="17" teams2="8;16;13;0;6;1" type="SOFT"/>
      <CA2 max="2" min="0" mode1="H" mode2="GLOBAL" penalty="5" slots="8;19;12;21;18;17" teams1="8" teams2="14;10;4;5;6;1" type="SOFT"/>
      <CA2 max="2" min="0" mode1="HA" mode2="GLOBAL" penalty="5" slots="8;16;12;24;22;30;1;4" teams1="12" teams2="14;11;8;16;9;4;5;3" type="SOFT"/>
      <CA2 max="1" min="0" mode1="HA" mode2="GLOBAL" penalty="5" slots="2;8;26;12;22;30;3" teams1="17" teams2="11;8;16;9;2;0;6" type="SOFT"/>
      <CA2 max="3" min="0" mode1="A" mode2="GLOBAL" penalty="5" slots="19;26;9;12;22;20;30;29" teams1="13" teams2="14;17;11;8;16;10;7;3" type="SOFT"/>
      <CA2 max="1" min="0" mode1="HA" mode2="GLOBAL" penalty="5" slots="13;6;10;20;30;17" teams1="12" teams2="17;15;16;7;2;6" type="SOFT"/>
      <CA2 max="1" min="0" mode1="HA" mode2="GLOBAL" penalty="5" slots="2;19;10;18;24;22;32" teams1="2" teams2="12;8;16;7;5;3;6" type="SOFT"/>
      <CA3 intp="4" max="2" min="0" mode1="H" mode2="SLOTS" penalty="5" teams1="15" teams2="12;14;13;7;0" type="SOFT"/>
      <CA3 intp="4" max="2" min="0" mode1="A" mode2="SLOTS" penalty="5" teams1="11" teams2="14;8;15;16;5;3;1" type="SOFT"/>
      <CA3 intp="4" max="2" min="0" mode1="H" mode2="SLOTS" penalty="5" teams1="17" teams2="12;16;9;13;2;5" type="SOFT"/>
      <CA3 intp="4" max="2" min="0" mode1="A" mode2="SLOTS" penalty="5" teams1="14" teams2="17;8;4;7;5" type="SOFT"/>
      <CA3 intp="4" max="2" min="0" mode1="H" mode2="SLOTS" penalty="5" teams1="9" teams2="12;14;8;4;2;5;0" type="SOFT"/>
      <CA3 intp="4" max="2" min="0" mode1="HA" mode2="SLOTS" penalty="5" teams1="17" teams2="14;11;8;4;7;5;3" type="SOFT"/>
      <CA3 intp="4" max="2" min="0" mode1="HA" mode2="SLOTS" penalty="5" teams1="12" teams2="17;15;9;5;3;0;1" type="SOFT"/>
      <CA3 intp="4" max="2" min="0" mode1="HA" mode2="SLOTS" penalty="5" teams1="2" teams2="12;8;16;13;7;0;6" type="SOFT"/>
      <CA3 intp="4" max="2" min="0" mode1="HA" mode2="SLOTS" penalty="5" teams1="8" teams2="12;14;17;16;0" type="SOFT"/>
      <CA3 intp="4" max="2" min="0" mode1="A" mode2="SLOTS" penalty="5" teams1="14" teams2="8;15;16;13;7;3;1" type="SOFT"/>
      <CA3 intp="4" max="2" min="0" mode1="HA" mode2="SLOTS" penalty="5" teams1="9" teams2="17;15;13;4;5;6;1" type="SOFT"/>
      <CA3 intp="4" max="2" min="0" mode1="A" mode2="SLOTS" penalty="5" teams1="16" teams2="8;15;9;3;6" type="SOFT"/>
      <CA3 intp="4" max="2" min="0" mode1="H" mode2="SLOTS" penalty="5" teams1="10" teams2="12;14;8;16;5;3;0" type="SOFT"/>
      <CA3 intp="4" max="2" min="0" mode1="A" mode2="SLOTS" penalty="5" teams1="11" teams2="14;17;2;5;6" type="SOFT"/>
      <CA3 intp="4" max="2" min="0" mode1="A" mode2="SLOTS" penalty="5" teams1="10" teams2="11;5;3;0;6" type="SOFT"/>
      <CA3 intp="4" max="2" min="0" mode1="HA" mode2="SLOTS" penalty="5" teams1="14" teams2="17;8;16;10;3" type="SOFT"/>
      <CA3 intp="4" max="2" min="0" mode1="A" mode2="SLOTS" penalty="5" teams1="2" teams2="9;10;13;7;5;3;6" type="SOFT"/>
      <CA3 intp="4" max="2" min="0" mode1="A" mode2="SLOTS" penalty="5" teams1="16" teams2="12;17;9;13;7;0;1" type="SOFT"/>
      <CA3 intp="4" max="2" min="0" mode1="A" mode2="SLOTS" penalty="5" teams1="8" teams2="14;15;9;5;0" type="SOFT"/>
      <CA3 intp="4" max="2" min="0" mode1="H" mode2="SLOTS" penalty="5" teams1="1" teams2="14;17;8;15;16;9" type="SOFT"/>
      <CA3 intp="4" max="2" min="0" mode1="A" mode2="SLOTS" penalty="5" teams1="7" teams2="17;11;10;5;6" type="SOFT"/>
      <CA3 intp="4" max="2" min="0" mode1="H" mode2="SLOTS" penalty="5" teams1="10" teams2="17;8;13;2;1" type="SOFT"/>
      <CA3 intp="4" max="2" min="0" mode1="H" mode2="SLOTS" penalty="5" teams1="1" teams2="14;17;15;13;5" type="SOFT"/>
      <CA3 intp="4" max="2" min="0" mode1="HA" mode2="SLOTS" penalty="5" teams1="12" teams2="17;15;10;3;6" type="SOFT"/>
      <CA3 intp="4" max="2" min="0" mode1="H" mode2="SLOTS" penalty="5" teams1="4" teams2="14;9;10;13;1" type="SOFT"/>
      <CA3 intp="4" max="2" min="0" mode1="H" mode2="SLOTS" penalty="5" teams1="14" teams2="11;8;16;2;3;0" type="SOFT"/>
      <CA3 intp="4" max="2" min="0" mode1="A" mode2="SLOTS" penalty="5" teams1="13" teams2="12;16;10;5;3;6" type="SOFT"/>
      <CA3 intp="4" max="2" min="0" mode1="H" mode2="SLOTS" penalty="5" teams1="14" teams2="17;4;7;0;6" type="SOFT"/>
      <CA3 intp="4" max="2" min="0" mode1="H" mode2="SLOTS" penalty="5" teams1="0" teams2="12;14;17;11;16;7;6" type="SOFT"/>
      <CA3 intp="4" max="2" min="0" mode1="A" mode2="SLOTS" penalty="5" teams1="0" teams2="14;11;8;15;3;1" type="SOFT"/>
      <CA3 intp="4" max="2" min="0" mode1="H" mode2="SLOTS" penalty="5" teams1="10" teams2="12;11;15;16;13;0;1" type="SOFT"/>
      <CA3 intp="4" max="2" min="0" mode1="A" mode2="SLOTS" penalty="5" teams1="2" teams2="14;17;15;13;4;3;0" type="SOFT"/>
      <CA3 intp="4" max="2" min="0" mode1="H" mode2="SLOTS" penalty="5" teams1="3" teams2="12;11;15;4;2;6;1" type="SOFT"/>
      <CA3 intp="4" max="2" min="0" mode1="HA" mode2="SLOTS" penalty="5" teams1="0" teams2="14;17;8;15;5;3;1" type="SOFT"/>
      <CA3 intp="4" max="2" min="0" mode1="HA" mode2="SLOTS" penalty="5" teams1="6" teams2="12;14;8;13;7;2;1" type="SOFT"/>
      <CA3 intp="4" max="2" min="0" mode1="H" mode2="SLOTS" penalty="5" teams1="11" teams2="12;14;9;13;6;1" type="SOFT"/>
      <CA3 intp="4" max="2" min="0" mode1="A" mode2="SLOTS" penalty="5" teams1="6" teams2="12;17;11;8;9;3" type="SOFT"/>
      <CA3 intp="4" max="2" min="0" mode1="HA" mode2="SLOTS" penalty="5" teams1="0" teams2="12;17;9;7;6" type="SOFT"/>
      <CA3 intp="4" max="2" min="0" mode1="H" mode2="SLOTS" penalty="5" teams1="5" teams2="12;17;2;3;6" type="SOFT"/>
      <CA3 intp="4" max="2" min="0" mode1="HA" mode2="SLOTS" penalty="5" teams1="1" teams2="17;9;10;7;2;5;6" type="SOFT"/>
      <CA3 intp="4" max="2" min="0" mode1="H" mode2="SLOTS" penalty="5" teams1="8" teams2="14;17;16;4;6" type="SOFT"/>
      <CA3 intp="4" max="2" min="0" mode1="H" mode2="SLOTS" penalty="5" teams1="9" teams2="12;11;13;7;2" type="SOFT"/>
      <CA3 intp="4" max="2" min="0" mode1="A" mode2="SLOTS" penalty="5" teams1="14" teams2="17;9;10;13;4;0;1" type="SOFT"/>
      <CA3 intp="4" max="2" min="0" mode1="A" mode2="SLOTS" penalty="5" teams1="11" teams2="15;16;13;7;2;6" type="SOFT"/>
      <CA3 intp="4" max="2" min="0" mode1="A" mode2="SLOTS" penalty="5" teams1="1" teams2="17;11;15;16;13;7;5" type="SOFT"/>
      <CA3 intp="4" max="2" min="0" mode1="HA" mode2="SLOTS" penalty="5" teams1="12" teams2="8;16;10;7;5;0;6" type="SOFT"/>
      <CA3 intp="4" max="2" min="0" mode1="A" mode2="SLOTS" penalty="5" teams1="10" teams2="14;17;7;2;5;3;1" type="SOFT"/>
      <CA3 intp="4" max="2" min="0" mode1="A" mode2="SLOTS" penalty="5" teams1="9" teams2="12;8;10;13;2;5;1" type="SOFT"/>
      <CA3 intp="4" max="2" min="0" mode1="A" mode2="SLOTS" penalty="5" teams1="8" teams2="17;15;2;5;1" type="SOFT"/>
      <CA3 intp="4" max="2" min="0" mode1="H" mode2="SLOTS" penalty="5" teams1="11" teams2="17;9;10;13;2;3;1" type="SOFT"/>
      <CA3 intp="4" max="2" min="0" mode1="HA" mode2="SLOTS" penalty="5" teams1="2" teams2="12;14;16;9;10;4;6" type="SOFT"/>
      <CA3 intp="4" max="2" min="0" mode1="H" mode2="SLOTS" penalty="5" teams1="3" teams2="17;8;2;5;6;1" type="SOFT"/>
      <CA3 intp="4" max="2" min="0" mode1="A" mode2="SLOTS" penalty="5" teams1="1" teams2="17;8;15;5;0" type="SOFT"/>
      <CA3 intp="4" max="2" min="0" mode1="HA" mode2="SLOTS" penalty="5" teams1="5" teams2="12;14;17;10;0;6;1" type="SOFT"/>
      <CA3 intp="4" max="2" min="0" mode1="HA" mode2="SLOTS" penalty="5" teams1="10" teams2="14;8;9;5;3;6" type="SOFT"/>
      <CA3 intp="4" max="2" min="0" mode1="H" mode2="SLOTS" penalty="5" teams1="12" teams2="11;16;9;10;4;2;1" type="SOFT"/>
      <CA3 intp="4" max="2" min="0" mode1="HA" mode2="SLOTS" penalty="5" teams1="3" teams2="12;14;15;9;6" type="SOFT"/>
      <CA3 intp="4" max="2" min="0" mode1="H" mode2="SLOTS" penalty="5" teams1="14" teams2="17;8;10;7;2;3;6" type="SOFT"/>
      <CA3 intp="4" max="2" min="0" mode1="H" mode2="SLOTS" penalty="5" teams1="5" teams2="12;11;7;0;1" type="SOFT"/>
      <CA3 intp="4" max="2" min="0" mode1="A" mode2="SLOTS" penalty="5" teams1="14" teams2="17;9;7;5;3;6" type="SOFT"/>
      <CA3 intp="4" max="2" min="0" mode1="A" mode2="SLOTS" penalty="5" teams1="4" teams2="17;8;2;5;3;1" type="SOFT"/>
      <CA3 intp="4" max="2" min="0" mode1="A" mode2="SLOTS" penalty="5" teams1="16" teams2="12;8;15;9;10;7;6" type="SOFT"/>
      <CA3 intp="4" max="2" min="0" mode1="HA" mode2="SLOTS" penalty="5" teams1="7" teams2="14;11;8;9;10;4;0" type="SOFT"/>
      <CA3 intp="4" max="2" min="0" mode1="HA" mode2="SLOTS" penalty="5" teams1="1" teams2="12;14;17;8;2;3;6" type="SOFT"/>
      <CA3 intp="4" max="2" min="0" mode1="H" mode2="SLOTS" penalty="5" teams1="9" teams2="12;14;8;15;10;4;2" type="SOFT"/>
      <CA3 intp="4" max="2" min="0" mode1="H" mode2="SLOTS" penalty="5" teams1="7" teams2="11;8;16;13;5;3" type="SOFT"/>
      <CA3 intp="4" max="2" min="0" mode1="HA" mode2="SLOTS" penalty="5" teams1="7" teams2="12;17;8;4;3" type="SOFT"/>
      <CA3 intp="4" max="2" min="0" mode1="H" mode2="SLOTS" penalty="5" teams1="1" teams2="11;10;4;2;5" type="SOFT"/>
      <CA3 intp="4" max="2" min="0" mode1="A" mode2="SLOTS" penalty="5" teams1="17" teams2="14;8;15;9;13;2" type="SOFT"/>
      <CA3 intp="4" max="2" min="0" mode1="A" mode2="SLOTS" penalty="5" teams1="12" teams2="14;8;15;5;0" type="SOFT"/>
      <CA3 intp="4" max="2" min="0" mode1="H" mode2="SLOTS" penalty="5" teams1="5" teams2="14;17;10;4;6" type="SOFT"/>
      <CA3 intp="4" max="2" min="0" mode1="HA" mode2="SLOTS" penalty="5" teams1="11" teams2="17;8;7;3;0;6" type="SOFT"/>
      <CA3 intp="4" max="2" min="0" mode1="HA" mode2="SLOTS" penalty="5" teams1="3" teams2="11;8;13;2;5" type="SOFT"/>
      <CA3 intp="4" max="2" min="0" mode1="H" mode2="SLOTS" penalty="5" teams1="7" teams2="12;17;11;16;9;6;1" type="SOFT"/>
      <CA3 intp="4" max="2" min="0" mode1="HA" mode2="SLOTS" penalty="5" teams1="4" teams2="15;13;7;5;6" type="SOFT"/>
      <CA3 intp="4" max="2" min="0" mode1="H" mode2="SLOTS" penalty="5" teams1="12" teams2="15;9;10;13;6" type="SOFT"/>
      <CA3 intp="4" max="2" min="0" mode1="H" mode2="SLOTS" penalty="5" teams1="0" teams2="17;8;13;4;3;1" type="SOFT"/>
      <CA3 intp="4" max="2" min="0" mode1="HA" mode2="SLOTS" penalty="5" teams1="3" teams2="12;14;8;10;13;2;6" type="SOFT"/>
      <CA3 intp="4" max="2" min="0" mode1="A" mode2="SLOTS" penalty="5" teams1="11" teams2="12;16;10;2;6;1" type="SOFT"/>
      <CA3 intp="4" max="2" min="0" mode1="HA" mode2="SLOTS" penalty="5" teams1="16" teams2="14;17;9;10;5" type="SOFT"/>
      <CA3 intp="4" max="2" min="0" mode1="HA" mode2="SLOTS" penalty="5" teams1="6" teams2="11;15;13;2;0;1" type="SOFT"/>
      <CA3 intp="4" max="2" min="0" mode1="HA" mode2="SLOTS" penalty="5" teams1="12" teams2="14;8;13;4;3;1" type="SOFT"/>
      <CA3 intp="4" max="2" min="0" mode1="H" mode2="SLOTS" penalty="5" teams1="16" teams2="17;11;9;10;13;0" type="SOFT"/>
      <CA3 intp="4" max="2" min="0" mode1="HA" mode2="SLOTS" penalty="5" teams1="2" teams2="14;17;11;9;13;1" type="SOFT"/>
      <CA3 intp="4" max="2" min="0" mode1="HA" mode2="SLOTS" penalty="5" teams1="16" teams2="14;17;8;9;1" type="SOFT"/>
      <CA3 intp="4" max="2" min="0" mode1="H" mode2="SLOTS" penalty="5" teams1="14" teams2="11;8;9;2;3" type="SOFT"/>
      <CA3 intp="4" max="2" min="0" mode1="H" mode2="SLOTS" penalty="5" teams1="15" teams2="14;8;10;4;5;3;1" type="SOFT"/>
      <CA3 intp="4" max="2" min="0" mode1="H" mode2="SLOTS" penalty="5" teams1="4" teams2="9;7;2;3;1" type="SOFT"/>
      <CA3 intp="4" max="2" min="0" mode1="HA" mode2="SLOTS" penalty="5" teams1="12" teams2="14;11;9;2;3;0;6" type="SOFT"/>
      <CA3 intp="4" max="2" min="0" mode1="A" mode2="SLOTS" penalty="5" teams1="11" teams2="17;16;9;13;7;2;5" type="SOFT"/>
      <CA3 intp="4" max="2" min="0" mode1="H" mode2="SLOTS" penalty="5" teams1="5" teams2="12;14;15;16;1" type="SOFT"/>
      <CA3 intp="4" max="2" min="0" mode1="A" mode2="SLOTS" penalty="5" teams1="7" teams2="14;11;8;9;13;4;0" type="SOFT"/>
      <CA3 intp="4" max="2" min="0" mode1="A" mode2="SLOTS" penalty="5" teams1="6" teams2="12;14;17;15;10;2;1" type="SOFT"/>
      <CA3 intp="4" max="2" min="0" mode1="HA" mode2="SLOTS" penalty="5" teams1="6" teams2="14;15;16;4;7;3" type="SOFT"/>
      <CA3 intp="4" max="2" min="0" mode1="HA" mode2="SLOTS" penalty="5" teams1="0" teams2="12;11;8;15;9;10;1" type="SOFT"/>
      <CA3 intp="4" max="2" min="0" mode1="H" mode2="SLOTS" penalty="5" teams1="11" teams2="12;17;8;15;9;10;2" type="SOFT"/>
      <CA3 intp="4" max="2" min="0" mode1="A" mode2="SLOTS" penalty="5" teams1="15" teams2="8;9;10;3;6" type="SOFT"/>
      <CA3 intp="4" max="2" min="0" mode1="H" mode2="SLOTS" penalty="5" teams1="3" teams2="14;17;4;5;0;6" type="SOFT"/>
      <CA3 intp="4" max="2" min="0" mode1="HA" mode2="SLOTS" penalty="5" teams1="14" teams2="12;15;16;5;3;0;1" type="SOFT"/>
      <CA3 intp="4" max="2" min="0" mode1="HA" mode2="SLOTS" penalty="5" teams1="12" teams2="15;16;9;2;3;6" type="SOFT"/>
      <CA3 intp="4" max="2" min="0" mode1="A" mode2="SLOTS" penalty="5" teams1="11" teams2="14;17;8;10;13;5;3" type="SOFT"/>
      <CA3 intp="4" max="2" min="0" mode1="HA" mode2="SLOTS" penalty="5" teams1="10" teams2="12;17;9;13;4;5;1" type="SOFT"/>
      <CA3 intp="4" max="2" min="0" mode1="A" mode2="SLOTS" penalty="5" teams1="10" teams2="11;4;2;5;0;6" type="SOFT"/>
      <CA3 intp="4" max="2" min="0" mode1="HA" mode2="SLOTS" penalty="5" teams1="0" teams2="11;8;9;4;7;3;6" type="SOFT"/>
      <CA3 intp="4" max="2" min="0" mode1="HA" mode2="SLOTS" penalty="5" teams1="0" teams2="12;17;16;10;3;6;1" type="SOFT"/>
      <CA3 intp="4" max="2" min="0" mode1="H" mode2="SLOTS" penalty="5" teams1="1" teams2="12;17;16;4;2;5;6" type="SOFT"/>
      <CA3 intp="4" max="2" min="0" mode1="HA" mode2="SLOTS" penalty="5" teams1="14" teams2="12;17;10;7;0" type="SOFT"/>
      <CA3 intp="4" max="2" min="0" mode1="HA" mode2="SLOTS" penalty="5" teams1="4" teams2="14;11;15;3;1" type="SOFT"/>
      <CA3 intp="4" max="2" min="0" mode1="H" mode2="SLOTS" penalty="5" teams1="5" teams2="15;16;9;13;4;2" type="SOFT"/>
      <CA3 intp="4" max="2" min="0" mode1="HA" mode2="SLOTS" penalty="5" teams1="11" teams2="12;15;9;4;2;3;0" type="SOFT"/>
      <CA3 intp="4" max="2" min="0" mode1="HA" mode2="SLOTS" penalty="5" teams1="13" teams2="12;14;8;9;7" type="SOFT"/>
      <CA3 intp="4" max="2" min="0" mode1="A" mode2="SLOTS" penalty="5" teams1="4" teams2="16;13;7;5;3;6;1" type="SOFT"/>
      <CA4 max="1" min="0" mode1="H" mode2="GLOBAL" penalty="5" slots="6;10;22;30" teams1="12;17;9;3" teams2="12;17;9;3" type="SOFT"/>
      <CA4 max="1" min="0" mode1="H" mode2="EVERY" penalty="5" slots="14" teams1="2;6" teams2="12;14;17;11;8;15;16;9;10;13;4;7;2;5;3;0;6;1" type="SOFT"/>
      <CA4 max="1" min="0" mode1="H" mode2="GLOBAL" penalty="5" slots="19;10;12;5" teams1="9;2;0;1" teams2="9;2;0;1" type="SOFT"/>
      <CA4 max="2" min="0" mode1="H" mode2="GLOBAL" penalty="5" slots="19;16;15;32;1;4" teams1="11;15;9;13;2;6" teams2="11;15;9;13;2;6" type="SOFT"/>
      <CA4 max="2" min="0" mode1="H" mode2="GLOBAL" penalty="5" slots="26;9;16;7;30;23" teams1="12;8;5;0;6;1" teams2="12;8;5;0;6;1" type="SOFT"/>
      <CA4 max="2" min="0" mode1="H" mode2="GLOBAL" penalty="5" slots="26;9;33;28;20;17" teams1="16;9;7;2;5;6" teams2="16;9;7;2;5;6" type="SOFT"/>
      <CA4 max="1" min="0" mode1="H" mode2="EVERY" penalty="5" slots="0" teams1="11;2" teams2="12;14;17;11;8;15;16;9;10;13;4;7;2;5;3;0;6;1" type="SOFT"/>
      <CA4 max="1" min="0" mode1="H" mode2="EVERY" penalty="5" slots="5" teams1="17;7" teams2="12;14;17;11;8;15;16;9;10;13;4;7;2;5;3;0;6;1" type="SOFT"/>
      <CA4 max="1" min="0" mode1="H" mode2="GLOBAL" penalty="5" slots="13;14;10;16;24" teams1="17;8;15;10;7" teams2="17;8;15;10;7" type="SOFT"/>
      <CA4 max="1" min="0" mode1="H" mode2="EVERY" penalty="5" slots="17" teams1="8;5" teams2="12;14;17;11;8;15;16;9;10;13;4;7;2;5;3;0;6;1" type="SOFT"/>
      <CA4 max="1" min="0" mode1="H" mode2="EVERY" penalty="5" slots="28" teams1="8;16" teams2="12;14;17;11;8;15;16;9;10;13;4;7;2;5;3;0;6;1" type="SOFT"/>
      <CA4 max="1" min="0" mode1="H" mode2="EVERY" penalty="5" slots="16" teams1="9;6" teams2="12;14;17;11;8;15;16;9;10;13;4;7;2;5;3;0;6;1" type="SOFT"/>
      <CA4 max="1" min="0" mode1="H" mode2="EVERY" penalty="5" slots="15" teams1="12;4" teams2="12;14;17;11;8;15;16;9;10;13;4;7;2;5;3;0;6;1" type="SOFT"/>
      <CA4 max="2" min="0" mode1="H" mode2="GLOBAL" penalty="5" slots="33;15;12;5;29;1" teams1="14;17;9;4;3;6" teams2="14;17;9;4;3;6" type="SOFT"/>
      <CA4 max="2" min="0" mode1="H" mode2="GLOBAL" penalty="5" slots="14;10;24;31;23;1" teams1="17;11;8;16;10;13" teams2="17;11;8;16;10;13" type="SOFT"/>
      <CA4 max="1" min="0" mode1="H" mode2="GLOBAL" penalty="5" slots="2;9;21;22" teams1="12;2;5;3" teams2="12;2;5;3" type="SOFT"/>
      <CA4 max="1" min="0" mode1="H" mode2="GLOBAL" penalty="5" slots="8;10;7;31;0" teams1="12;14;9;2;5" teams2="12;14;9;2;5" type="SOFT"/>
      <CA4 max="2" min="0" mode1="H" mode2="GLOBAL" penalty="5" slots="27;8;16;20;23;17" teams1="8;16;10;7;2;1" teams2="8;16;10;7;2;1" type="SOFT"/>
      <CA4 max="2" min="0" mode1="H" mode2="GLOBAL" penalty="5" slots="13;2;6;21;18;5" teams1="14;17;8;15;10;1" teams2="14;17;8;15;10;1" type="SOFT"/>
      <CA4 max="1" min="0" mode1="H" mode2="EVERY" penalty="5" slots="12" teams1="17;16" teams2="12;14;17;11;8;15;16;9;10;13;4;7;2;5;3;0;6;1" type="SOFT"/>
      <CA4 max="1" min="0" mode1="H" mode2="GLOBAL" penalty="5" slots="8;31;23;29" teams1="8;13;4;7" teams2="8;13;4;7" type="SOFT"/>
      <CA4 max="1" min="0" mode1="H" mode2="GLOBAL" penalty="5" slots="6;33;21;23" teams1="15;16;10;3" teams2="15;16;10;3" type="SOFT"/>
      <CA4 max="1" min="0" mode1="H" mode2="GLOBAL" penalty="5" slots="10;33;24;4" teams1="12;8;16;3" teams2="12;8;16;3" type="SOFT"/>
      <CA4 max="2" min="0" mode1="H" mode2="GLOBAL" penalty="5" slots="25;10;16;5;32;0" teams1="17;15;7;0;6;1" teams2="17;15;7;0;6;1" type="SOFT"/>
      <CA4 max="1" min="0" mode1="H" mode2="EVERY" penalty="5" slots="29" teams1="15;5" teams2="12;14;17;11;8;15;16;9;10;13;4;7;2;5;3;0;6;1" type="SOFT"/>
      <CA4 max="2" min="0" mode1="H" mode2="GLOBAL" penalty="5" slots="13;27;2;10;23;0" teams1="14;11;15;9;13;0" teams2="14;11;15;9;13;0" type="SOFT"/>
      <CA4 max="1" min="0" mode1="H" mode2="GLOBAL" penalty="5" slots="13;19;7;17" teams1="17;8;15;10" teams2="17;8;15;10" type="SOFT"/>
      <CA4 max="2" min="0" mode1="H" mode2="GLOBAL" penalty="5" slots="13;6;19;11;23;29" teams1="8;15;9;7;3;1" teams2="8;15;9;7;3;1" type="SOFT"/>
      <CA4 max="1" min="0" mode1="H" mode2="EVERY" penalty="5" slots="31" teams1="17;9" teams2="12;14;17;11;8;15;16;9;10;13;4;7;2;5;3;0;6;1" type="SOFT"/>
      <CA4 max="1" min="0" mode1="H" mode2="EVERY" penalty="5" slots="30" teams1="9;0" teams2="12;14;17;11;8;15;16;9;10;13;4;7;2;5;3;0;6;1" type="SOFT"/>
      <CA4 max="1" min="0" mode1="H" mode2="EVERY" penalty="5" slots="30" teams1="8;13" teams2="12;14;17;11;8;15;16;9;10;13;4;7;2;5;3;0;6;1" type="SOFT"/>
      <CA4 max="1" min="0" mode1="H" mode2="EVERY" penalty="5" slots="14" teams1="17;10" teams2="12;14;17;11;8;15;16;9;10;13;4;7;2;5;3;0;6;1" type="SOFT"/>
      <CA4 max="1" min="0" mode1="H" mode2="GLOBAL" penalty="5" slots="2;33;30;32" teams1="12;11;8;3" teams2="12;11;8;3" type="SOFT"/>
      <CA4 max="1" min="0" mode1="H" mode2="GLOBAL" penalty="5" slots="14;12;18;32;0" teams1="12;17;9;4;5" teams2="12;17;9;4;5" type="SOFT"/>
      <CA4 max="1" min="0" mode1="H" mode2="EVERY" penalty="5" slots="25" teams1="14;5" teams2="12;14;17;11;8;15;16;9;10;13;4;7;2;5;3;0;6;1" type="SOFT"/>
      <CA4 max="1" min="0" mode1="H" mode2="EVERY" penalty="5" slots="5" teams1="17;10" teams2="12;14;17;11;8;15;16;9;10;13;4;7;2;5;3;0;6;1" type="SOFT"/>
      <CA4 max="1" min="0" mode1="H" mode2="GLOBAL" penalty="5" slots="27;8;19;26" teams1="13;4;2;0" teams2="13;4;2;0" type="SOFT"/>
      <CA4 max="1" min="0" mode1="H" mode2="EVERY" penalty="5" slots="8" teams1="15;10" teams2="12;14;17;11;8;15;16;9;10;13;4;7;2;5;3;0;6;1" type="SOFT"/>
      <CA4 max="1" min="0" mode1="H" mode2="GLOBAL" penalty="5" slots="2;16;33;28;30" teams1="12;9;7;5;1" teams2="12;9;7;5;1" type="SOFT"/>
      <CA4 max="2" min="0" mode1="H" mode2="GLOBAL" penalty="5" slots="27;25;21;20;32;29" teams1="14;17;15;2;0;1" teams2="14;17;15;2;0;1" type="SOFT"/>
      <CA4 max="2" min="0" mode1="H" mode2="GLOBAL" penalty="5" slots="13;26;10;7;5;3" teams1="14;16;7;2;5;1" teams2="14;16;7;2;5;1" type="SOFT"/>
      <CA4 max="2" min="0" mode1="H" mode2="GLOBAL" penalty="5" slots="19;26;10;28;30;3" teams1="16;4;7;5;3;6" teams2="16;4;7;5;3;6" type="SOFT"/>
      <CA4 max="1" min="0" mode1="H" mode2="GLOBAL" penalty="5" slots="8;25;10;32;3" teams1="10;7;5;0;1" teams2="10;7;5;0;1" type="SOFT"/>
      <CA4 max="2" min="0" mode1="H" mode2="GLOBAL" penalty="5" slots="8;21;24;29;17;4" teams1="16;10;4;5;0;1" teams2="16;10;4;5;0;1" type="SOFT"/>
      <CA4 max="1" min="0" mode1="H" mode2="GLOBAL" penalty="5" slots="2;9;20;1" teams1="12;14;16;2" teams2="12;14;16;2" type="SOFT"/>
      <CA4 max="1" min="0" mode1="H" mode2="EVERY" penalty="5" slots="0" teams1="9;0" teams2="12;14;17;11;8;15;16;9;10;13;4;7;2;5;3;0;6;1" type="SOFT"/>
      <CA4 max="2" min="0" mode1="H" mode2="GLOBAL" penalty="5" slots="14;21;20;0;4;3" teams1="12;11;15;13;5;6" teams2="12;11;15;13;5;6" type="SOFT"/>
      <CA4 max="1" min="0" mode1="H" mode2="GLOBAL" penalty="5" slots="6;28;21;20" teams1="13;4;6;1" teams2="13;4;6;1" type="SOFT"/>
      <CA4 max="1" min="0" mode1="H" mode2="EVERY" penalty="5" slots="12" teams1="8;7" teams2="12;14;17;11;8;15;16;9;10;13;4;7;2;5;3;0;6;1" type="SOFT"/>
      <CA4 max="1" min="0" mode1="H" mode2="EVERY" penalty="5" slots="12" teams1="14;17" teams2="12;14;17;11;8;15;16;9;10;13;4;7;2;5;3;0;6;1" type="SOFT"/>
      <CA4 max="2" min="0" mode1="H" mode2="GLOBAL" penalty="5" slots="14;8;16;12;24;17" teams1="12;17;9;13;7;2" teams2="12;17;9;13;7;2" type="SOFT"/>
      <CA4 max="1" min="0" mode1="H" mode2="GLOBAL" penalty="5" slots="12;11;21;23" teams1="16;10;2;6" teams2="16;10;2;6" type="SOFT"/>
      <CA4 max="1" min="0" mode1="H" mode2="EVERY" penalty="5" slots="25" teams1="8;0" teams2="12;14;17;11;8;15;16;9;10;13;4;7;2;5;3;0;6;1" type="SOFT"/>
      <CA4 max="1" min="0" mode1="H" mode2="EVERY" penalty="5" slots="12" teams1="2;1" teams2="12;14;17;11;8;15;16;9;10;13;4;7;2;5;3;0;6;1" type="SOFT"/>
      <CA4 max="1" min="0" mode1="H" mode2="GLOBAL" penalty="5" slots="2;9;5;31" teams1="8;13;3;6" teams2="8;13;3;6" type="SOFT"/>
      <CA4 max="1" min="0" mode1="H" mode2="GLOBAL" penalty="5" slots="6;11;7;31" teams1="12;14;9;10" teams2="12;14;9;10" type="SOFT"/>
      <CA4 max="2" min="0" mode1="H" mode2="GLOBAL" penalty="5" slots="2;26;9;15;28;3" teams1="12;14;8;10;2;5" teams2="12;14;8;10;2;5" type="SOFT"/>
      <CA4 max="1" min="0" mode1="H" mode2="EVERY" penalty="5" slots="32" teams1="8;7" teams2="12;14;17;11;8;15;16;9;10;13;4;7;2;5;3;0;6;1" type="SOFT"/>
      <CA4 max="1" min="0" mode1="H" mode2="GLOBAL" penalty="5" slots="2;8;18;0" teams1="14;15;9;7" teams2="14;15;9;7" type="SOFT"/>
      <CA4 max="1" min="0" mode1="H" mode2="EVERY" penalty="5" slots="6" teams1="4;2" teams2="12;14;17;11;8;15;16;9;10;13;4;7;2;5;3;0;6;1" type="SOFT"/>
      <CA4 max="1" min="0" mode1="H" mode2="EVERY" penalty="5" slots="12" teams1="13;6" teams2="12;14;17;11;8;15;16;9;10;13;4;7;2;5;3;0;6;1" type="SOFT"/>
      <CA4 max="1" min="0" mode1="H" mode2="EVERY" penalty="5" slots="18" teams1="2;6" teams2="12;14;17;11;8;15;16;9;10;13;4;7;2;5;3;0;6;1" type="SOFT"/>
      <CA4 max="1" min="0" mode1="H" mode2="GLOBAL" penalty="5" slots="16;33;31;23" teams1="14;16;0;1" teams2="14;16;0;1" type="SOFT"/>
      <CA4 max="1" min="0" mode1="H" mode2="GLOBAL" penalty="5" slots="26;7;18;31;23" teams1="8;4;7;5;3" teams2="8;4;7;5;3" type="SOFT"/>
      <CA4 max="2" min="0" mode1="H" mode2="GLOBAL" penalty="5" slots="27;26;10;7;5;3" teams1="14;17;8;10;13;5" teams2="14;17;8;10;13;5" type="SOFT"/>
      <CA4 max="1" min="0" mode1="H" mode2="GLOBAL" penalty="5" slots="6;28;12;30;29" teams1="12;8;13;2;1" teams2="12;8;13;2;1" type="SOFT"/>
      <CA4 max="1" min="0" mode1="H" mode2="EVERY" penalty="5" slots="9" teams1="15;2" teams2="12;14;17;11;8;15;16;9;10;13;4;7;2;5;3;0;6;1" type="SOFT"/>
      <CA4 max="2" min="0" mode1="H" mode2="GLOBAL" penalty="5" slots="13;27;2;28;29;1" teams1="12;15;10;3;6;1" teams2="12;15;10;3;6;1" type="SOFT"/>
      <CA4 max="1" min="0" mode1="H" mode2="EVERY" penalty="5" slots="0" teams1="11;9" teams2="12;14;17;11;8;15;16;9;10;13;4;7;2;5;3;0;6;1" type="SOFT"/>
      <CA4 max="1" min="0" mode1="H" mode2="EVERY" penalty="5" slots="24" teams1="5;3" teams2="12;14;17;11;8;15;16;9;10;13;4;7;2;5;3;0;6;1" type="SOFT"/>
      <CA4 max="1" min="0" mode1="H" mode2="GLOBAL" penalty="5" slots="2;33;15;12" teams1="17;8;16;0" teams2="17;8;16;0" type="SOFT"/>
      <CA4 max="1" min="0" mode1="H" mode2="GLOBAL" penalty="5" slots="26;21;20;1" teams1="12;11;4;2" teams2="12;11;4;2" type="SOFT"/>
      <CA4 max="1" min="0" mode1="H" mode2="EVERY" penalty="5" slots="22" teams1="12;15" teams2="12;14;17;11;8;15;16;9;10;13;4;7;2;5;3;0;6;1" type="SOFT"/>
      <CA4 max="1" min="0" mode1="H" mode2="EVERY" penalty="5" slots="2" teams1="12;17" teams2="12;14;17;11;8;15;16;9;10;13;4;7;2;5;3;0;6;1" type="SOFT"/>
      <CA4 max="2" min="0" mode1="H" mode2="GLOBAL" penalty="5" slots="27;2;19;26;20;17" teams1="14;17;13;4;7;5" teams2="14;17;13;4;7;5" type="SOFT"/>
      <CA4 max="2" min="0" mode1="H" mode2="GLOBAL" penalty="5" slots="13;26;10;33;11;3" teams1="17;15;16;13;5;6" teams2="17;15;16;13;5;6" type="SOFT"/>
      <CA4 max="1" min="0" mode1="H" mode2="GLOBAL" penalty="5" slots="33;18;24;4" teams1="17;11;15;10" teams2="17;11;15;10" type="SOFT"/>
      <CA4 max="1" min="0" mode1="H" mode2="GLOBAL" penalty="5" slots="19;33;4;3" teams1="15;3;0;1" teams2="15;3;0;1" type="SOFT"/>
      <CA4 max="2" min="0" mode1="H" mode2="GLOBAL" penalty="5" slots="13;26;9;33;20;23" teams1="12;11;16;13;2;0" teams2="12;11;16;13;2;0" type="SOFT"/>
      <CA4 max="1" min="0" mode1="H" mode2="EVERY" penalty="5" slots="29" teams1="17;9" teams2="12;14;17;11;8;15;16;9;10;13;4;7;2;5;3;0;6;1" type="SOFT"/>
      <CA4 max="1" min="0" mode1="H" mode2="GLOBAL" penalty="5" slots="28;31;1;3" teams1="16;9;10;13" teams2="16;9;10;13" type="SOFT"/>
      <CA4 max="1" min="0" mode1="H" mode2="EVERY" penalty="5" slots="27" teams1="17;4" teams2="12;14;17;11;8;15;16;9;10;13;4;7;2;5;3;0;6;1" type="SOFT"/>
      <CA4 max="1" min="0" mode1="H" mode2="GLOBAL" penalty="5" slots="2;25;31;1" teams1="16;4;0;1" teams2="16;4;0;1" type="SOFT"/>
      <CA4 max="1" min="0" mode1="H" mode2="GLOBAL" penalty="5" slots="2;21;24;4" teams1="17;8;15;2" teams2="17;8;15;2" type="SOFT"/>
      <CA4 max="1" min="0" mode1="H" mode2="GLOBAL" penalty="5" slots="13;11;23;29" teams1="14;17;15;3" teams2="14;17;15;3" type="SOFT"/>
      <CA4 max="1" min="0" mode1="H" mode2="GLOBAL" penalty="5" slots="10;21;18;5;23" teams1="17;9;13;7;1" teams2="17;9;13;7;1" type="SOFT"/>
      <CA4 max="1" min="0" mode1="H" mode2="EVERY" penalty="5" slots="15" teams1="15;3" teams2="12;14;17;11;8;15;16;9;10;13;4;7;2;5;3;0;6;1" type="SOFT"/>
      <CA4 max="2" min="0" mode1="H" mode2="GLOBAL" penalty="5" slots="13;6;24;20;23;0" teams1="14;11;4;2;0;1" teams2="14;11;4;2;0;1" type="SOFT"/>
      <CA4 max="1" min="0" mode1="H" mode2="GLOBAL" penalty="5" slots="19;25;16;32;29" teams1="11;15;13;5;1" teams2="11;15;13;5;1" type="SOFT"/>
      <CA4 max="1" min="0" mode1="H" mode2="GLOBAL" penalty="5" slots="28;23;4;3" teams1="17;8;3;1" teams2="17;8;3;1" type="SOFT"/>
      <CA4 max="1" min="0" mode1="H" mode2="GLOBAL" penalty="5" slots="25;10;16;7;18" teams1="8;16;9;5;3" teams2="8;16;9;5;3" type="SOFT"/>
      <CA4 max="2" min="0" mode1="H" mode2="GLOBAL" penalty="5" slots="16;15;28;29;17;1" teams1="12;15;16;4;7;1" teams2="12;15;16;4;7;1" type="SOFT"/>
      <CA4 max="1" min="0" mode1="H" mode2="GLOBAL" penalty="5" slots="26;21;30;32;31" teams1="14;17;9;3;6" teams2="14;17;9;3;6" type="SOFT"/>
      <CA4 max="1" min="0" mode1="H" mode2="GLOBAL" penalty="5" slots="27;15;30;32;0" teams1="14;15;4;7;2" teams2="14;15;4;7;2" type="SOFT"/>
      <CA4 max="2" min="0" mode1="H" mode2="GLOBAL" penalty="5" slots="8;28;7;32;31;29" teams1="14;17;9;5;3;6" teams2="14;17;9;5;3;6" type="SOFT"/>
      <CA4 max="1" min="0" mode1="H" mode2="EVERY" penalty="5" slots="7" teams1="14;2" teams2="12;14;17;11;8;15;16;9;10;13;4;7;2;5;3;0;6;1" type="SOFT"/>
      <CA4 max="1" min="0" mode1="H" mode2="EVERY" penalty="5" slots="27" teams1="7;2" teams2="12;14;17;11;8;15;16;9;10;13;4;7;2;5;3;0;6;1" type="SOFT"/>
      <CA4 max="1" min="0" mode1="H" mode2="GLOBAL" penalty="5" slots="12;18;17;3" teams1="12;8;7;3" teams2="12;8;7;3" type="SOFT"/>
      <CA4 max="1" min="0" mode1="H" mode2="EVERY" penalty="5" slots="14" teams1="11;3" teams2="12;14;17;11;8;15;16;9;10;13;4;7;2;5;3;0;6;1" type="SOFT"/>
      <CA4 max="1" min="0" mode1="H" mode2="GLOBAL" penalty="5" slots="14;26;25;30" teams1="14;17;4;5" teams2="14;17;4;5" type="SOFT"/>
      <CA4 max="1" min="0" mode1="H" mode2="GLOBAL" penalty="5" slots="14;18;30;31;3" teams1="12;17;15;6;1" teams2="12;17;15;6;1" type="SOFT"/>
      <CA4 max="2" min="0" mode1="H" mode2="GLOBAL" penalty="5" slots="27;26;33;20;31;0" teams1="9;10;13;2;5;1" teams2="9;10;13;2;5;1" type="SOFT"/>
      <CA4 max="1" min="0" mode1="H" mode2="GLOBAL" penalty="5" slots="10;28;21;22" teams1="13;4;7;6" teams2="13;4;7;6" type="SOFT"/>
      <CA4 max="1" min="0" mode1="H" mode2="GLOBAL" penalty="5" slots="7;21;22;3" teams1="16;13;4;7" teams2="16;13;4;7" type="SOFT"/>
      <CA4 max="1" min="0" mode1="H" mode2="EVERY" penalty="5" slots="25" teams1="7;0" teams2="12;14;17;11;8;15;16;9;10;13;4;7;2;5;3;0;6;1" type="SOFT"/>
      <CA4 max="2" min="0" mode1="H" mode2="GLOBAL" penalty="5" slots="13;16;12;30;29;17" teams1="15;4;3;0;6;1" teams2="15;4;3;0;6;1" type="SOFT"/>
      <CA4 max="1" min="0" mode1="H" mode2="GLOBAL" penalty="5" slots="14;25;21;5" teams1="8;4;2;1" teams2="8;4;2;1" type="SOFT"/>
      <CA4 max="2" min="0" mode1="H" mode2="GLOBAL" penalty="5" slots="6;8;9;32;17;3" teams1="15;10;13;2;3;0" teams2="15;10;13;2;3;0" type="SOFT"/>
      <CA4 max="2" min="0" mode1="H" mode2="GLOBAL" penalty="5" slots="10;33;11;7;30;1" teams1="11;10;4;7;2;6" teams2="11;10;4;7;2;6" type="SOFT"/>
      <CA4 max="1" min="0" mode1="H" mode2="EVERY" penalty="5" slots="6" teams1="8;1" teams2="12;14;17;11;8;15;16;9;10;13;4;7;2;5;3;0;6;1" type="SOFT"/>
      <CA4 max="2" min="0" mode1="H" mode2="GLOBAL" penalty="5" slots="6;8;15;5;31;1" teams1="12;9;10;4;7;5" teams2="12;9;10;4;7;5" type="SOFT"/>
      <CA4 max="2" min="0" mode1="H" mode2="GLOBAL" penalty="5" slots="27;2;26;10;32;3" teams1="11;15;9;10;3;6" teams2="11;15;9;10;3;6" type="SOFT"/>
      <CA4 max="1" min="0" mode1="H" mode2="EVERY" penalty="5" slots="28" teams1="13;6" teams2="12;14;17;11;8;15;16;9;10;13;4;7;2;5;3;0;6;1" type="SOFT"/>
      <CA4 max="1" min="0" mode1="H" mode2="EVERY" penalty="5" slots="28" teams1="3;1" teams2="12;14;17;11;8;15;16;9;10;13;4;7;2;5;3;0;6;1" type="SOFT"/>
      <CA4 max="1" min="0" mode1="H" mode2="GLOBAL" penalty="5" slots="2;16;15;31;3" teams1="12;15;16;9;13" teams2="12;15;16;9;13" type="SOFT"/>
      <CA4 max="1" min="0" mode1="H" mode2="EVERY" penalty="5" slots="32" teams1="16;3" teams2="12;14;17;11;8;15;16;9;10;13;4;7;2;5;3;0;6;1" type="SOFT"/>
      <CA4 max="1" min="0" mode1="H" mode2="GLOBAL" penalty="5" slots="10;9;33;21;30" teams1="8;15;7;6;1" teams2="8;15;7;6;1" type="SOFT"/>
      <CA4 max="1" min="0" mode1="H" mode2="EVERY" penalty="5" slots="17" teams1="17;11" teams2="12;14;17;11;8;15;16;9;10;13;4;7;2;5;3;0;6;1" type="SOFT"/>
      <CA4 max="1" min="0" mode1="H" mode2="EVERY" penalty="5" slots="21" teams1="13;2" teams2="12;14;17;11;8;15;16;9;10;13;4;7;2;5;3;0;6;1" type="SOFT"/>
      <CA4 max="1" min="0" mode1="H" mode2="GLOBAL" penalty="5" slots="13;25;18;30" teams1="12;16;10;4" teams2="12;16;10;4" type="SOFT"/>
      <CA4 max="1" min="0" mode1="H" mode2="GLOBAL" penalty="5" slots="12;11;5;30" teams1="14;16;13;2" teams2="14;16;13;2" type="SOFT"/>
      <CA4 max="1" min="0" mode1="H" mode2="EVERY" penalty="5" slots="1" teams1="12;14" teams2="12;14;17;11;8;15;16;9;10;13;4;7;2;5;3;0;6;1" type="SOFT"/>
      <CA4 max="1" min="0" mode1="H" mode2="GLOBAL" penalty="5" slots="14;6;28;18;31" teams1="17;9;4;3;1" teams2="17;9;4;3;1" type="SOFT"/>
      <CA4 max="1" min="0" mode1="H" mode2="GLOBAL" penalty="5" slots="8;25;9;1;4" teams1="16;10;2;3;1" teams2="16;10;2;3;1" type="SOFT"/>
      <CA4 max="2" min="0" mode1="H" mode2="GLOBAL" penalty="5" slots="13;8;22;31;17;1" teams1="15;16;9;3;0;6" teams2="15;16;9;3;0;6" type="SOFT"/>
      <CA4 max="1" min="0" mode1="H" mode2="GLOBAL" penalty="5" slots="33;21;5;1;4" teams1="14;8;7;0;1" teams2="14;8;7;0;1" type="SOFT"/>
      <CA4 max="1" min="0" mode1="H" mode2="EVERY" penalty="5" slots="8" teams1="13;6" teams2="12;14;17;11;8;15;16;9;10;13;4;7;2;5;3;0;6;1" type="SOFT"/>
      <CA4 max="1" min="0" mode1="H" mode2="EVERY" penalty="5" slots="30" teams1="16;10" teams2="12;14;17;11;8;15;16;9;10;13;4;7;2;5;3;0;6;1" type="SOFT"/>
      <CA4 max="1" min="0" mode1="H" mode2="EVERY" penalty="5" slots="25" teams1="4;0" teams2="12;14;17;11;8;15;16;9;10;13;4;7;2;5;3;0;6;1" type="SOFT"/>
      <CA4 max="1" min="0" mode1="H" mode2="EVERY" penalty="5" slots="2" teams1="16;2" teams2="12;14;17;11;8;15;16;9;10;13;4;7;2;5;3;0;6;1" type="SOFT"/>
      <CA4 max="1" min="0" mode1="H" mode2="GLOBAL" penalty="5" slots="33;12;22;32" teams1="8;16;10;1" teams2="8;16;10;1" type="SOFT"/>
      <CA4 max="1" min="0" mode1="H" mode2="GLOBAL" penalty="5" slots="19;24;5;32;31" teams1="17;11;9;10;5" teams2="17;11;9;10;5" type="SOFT"/>
      <CA4 max="1" min="0" mode1="H" mode2="GLOBAL" penalty="5" slots="14;27;9;15;17" teams1="16;13;4;0;1" teams2="16;13;4;0;1" type="SOFT"/>
      <CA4 max="1" min="0" mode1="H" mode2="GLOBAL" penalty="5" slots="2;25;28;18;32" teams1="14;17;8;9;4" teams2="14;17;8;9;4" type="SOFT"/>
      <CA4 max="1" min="0" mode1="H" mode2="GLOBAL" penalty="5" slots="27;25;9;11;7" teams1="12;17;11;8;10" teams2="12;17;11;8;10" type="SOFT"/>
      <CA4 max="1" min="0" mode1="H" mode2="GLOBAL" penalty="5" slots="10;9;16;17" teams1="17;4;7;5" teams2="17;4;7;5" type="SOFT"/>
      <CA4 max="2" min="0" mode1="H" mode2="GLOBAL" penalty="5" slots="14;2;26;10;7;29" teams1="12;14;17;13;0;1" teams2="12;14;17;13;0;1" type="SOFT"/>
      <CA4 max="1" min="0" mode1="H" mode2="EVERY" penalty="5" slots="27" teams1="13;2" teams2="12;14;17;11;8;15;16;9;10;13;4;7;2;5;3;0;6;1" type="SOFT"/>
      <CA4 max="1" min="0" mode1="H" mode2="GLOBAL" penalty="5" slots="7;18;5;17" teams1="11;16;5;3" teams2="11;16;5;3" type="SOFT"/>
      <CA4 max="1" min="0" mode1="H" mode2="GLOBAL" penalty="5" slots="6;15;7;21;32" teams1="17;8;4;3;1" teams2="17;8;4;3;1" type="SOFT"/>
      <CA4 max="1" min="0" mode1="H" mode2="EVERY" penalty="5" slots="8" teams1="2;1" teams2="12;14;17;11;8;15;16;9;10;13;4;7;2;5;3;0;6;1" type="SOFT"/>
      <CA4 max="1" min="0" mode1="H" mode2="GLOBAL" penalty="5" slots="22;20;30;32;29" teams1="12;14;8;13;0" teams2="12;14;8;13;0" type="SOFT"/>
      <CA4 max="1" min="0" mode1="H" mode2="EVERY" penalty="5" slots="11" teams1="14;4" teams2="12;14;17;11;8;15;16;9;10;13;4;7;2;5;3;0;6;1" type="SOFT"/>
      <CA4 max="1" min="0" mode1="H" mode2="EVERY" penalty="5" slots="19" teams1="8;3" teams2="12;14;17;11;8;15;16;9;10;13;4;7;2;5;3;0;6;1" type="SOFT"/>
      <CA4 max="2" min="0" mode1="H" mode2="GLOBAL" penalty="5" slots="6;24;32;29;0;3" teams1="12;17;8;10;3;1" teams2="12;17;8;10;3;1" type="SOFT"/>
      <CA4 max="2" min="0" mode1="H" mode2="GLOBAL" penalty="5" slots="8;26;15;12;18;20" teams1="14;11;10;13;5;0" teams2="14;11;10;13;5;0" type="SOFT"/>
      <CA4 max="2" min="0" mode1="H" mode2="GLOBAL" penalty="5" slots="6;21;32;31;1;4" teams1="14;11;13;7;2;5" teams2="14;11;13;7;2;5" type="SOFT"/>
      <CA4 max="2" min="0" mode1="H" mode2="GLOBAL" penalty="5" slots="6;8;24;5;1;3" teams1="15;16;9;10;4;2" teams2="15;16;9;10;4;2" type="SOFT"/>
      <CA4 max="1" min="0" mode1="H" mode2="GLOBAL" penalty="5" slots="27;10;31;29" teams1="12;9;10;2" teams2="12;9;10;2" type="SOFT"/>
      <CA4 max="2" min="0" mode1="H" mode2="GLOBAL" penalty="5" slots="14;6;24;29;0;1" teams1="14;11;8;16;9;2" teams2="14;11;8;16;9;2" type="SOFT"/>
      <CA4 max="1" min="0" mode1="H" mode2="EVERY" penalty="5" slots="4" teams1="16;6" teams2="12;14;17;11;8;15;16;9;10;13;4;7;2;5;3;0;6;1" type="SOFT"/>
      <CA4 max="2" min="0" mode1="H" mode2="GLOBAL" penalty="5" slots="6;9;12;24;17;1" teams1="14;8;16;2;5;0" teams2="14;8;16;2;5;0" type="SOFT"/>
      <CA4 max="1" min="0" mode1="H" mode2="GLOBAL" penalty="5" slots="19;9;16;12" teams1="8;9;13;7" teams2="8;9;13;7" type="SOFT"/>
      <CA4 max="2" min="0" mode1="H" mode2="GLOBAL" penalty="5" slots="8;33;18;5;32;3" teams1="12;8;13;2;5;6" teams2="12;8;13;2;5;6" type="SOFT"/>
      <CA4 max="1" min="0" mode1="H" mode2="GLOBAL" penalty="5" slots="8;19;29;17" teams1="16;10;7;6" teams2="16;10;7;6" type="SOFT"/>
      <CA4 max="1" min="0" mode1="H" mode2="EVERY" penalty="5" slots="14" teams1="9;13" teams2="12;14;17;11;8;15;16;9;10;13;4;7;2;5;3;0;6;1" type="SOFT"/>
      <CA4 max="1" min="0" mode1="H" mode2="GLOBAL" penalty="5" slots="8;9;12;22" teams1="12;4;2;1" teams2="12;4;2;1" type="SOFT"/>
      <CA4 max="1" min="0" mode1="H" mode2="GLOBAL" penalty="5" slots="8;19;22;5" teams1="11;8;2;3" teams2="11;8;2;3" type="SOFT"/>
      <CA4 max="1" min="0" mode1="H" mode2="GLOBAL" penalty="5" slots="6;28;11;7;20" teams1="12;16;13;4;6" teams2="12;16;13;4;6" type="SOFT"/>
      <CA4 max="1" min="0" mode1="H" mode2="EVERY" penalty="5" slots="33" teams1="10;0" teams2="12;14;17;11;8;15;16;9;10;13;4;7;2;5;3;0;6;1" type="SOFT"/>
      <CA4 max="2" min="0" mode1="H" mode2="GLOBAL" penalty="5" slots="16;11;32;31;23;1" teams1="12;14;11;4;2;1" teams2="12;14;11;4;2;1" type="SOFT"/>
      <CA4 max="1" min="0" mode1="H" mode2="GLOBAL" penalty="5" slots="25;21;22;20" teams1="10;13;4;7" teams2="10;13;4;7" type="SOFT"/>
      <CA4 max="2" min="0" mode1="H" mode2="GLOBAL" penalty="5" slots="13;8;26;24;23;17" teams1="12;17;16;10;4;6" teams2="12;17;16;10;4;6" type="SOFT"/>
      <CA4 max="1" min="0" mode1="H" mode2="GLOBAL" penalty="5" slots="6;24;22;20;0" teams1="12;15;16;13;0" teams2="12;15;16;13;0" type="SOFT"/>
      <CA4 max="1" min="0" mode1="H" mode2="EVERY" penalty="5" slots="10" teams1="10;3" teams2="12;14;17;11;8;15;16;9;10;13;4;7;2;5;3;0;6;1" type="SOFT"/>
      <CA4 max="2" min="0" mode1="H" mode2="GLOBAL" penalty="5" slots="13;26;25;9;22;3" teams1="12;15;10;13;6;1" teams2="12;15;10;13;6;1" type="SOFT"/>
      <CA4 max="1" min="0" mode1="H" mode2="GLOBAL" penalty="5" slots="13;22;30;1" teams1="2;3;0;1" teams2="2;3;0;1" type="SOFT"/>
      <CA4 max="1" min="0" mode1="H" mode2="GLOBAL" penalty="5" slots="14;8;10;7;32" teams1="17;8;13;7;3" teams2="17;8;13;7;3" type="SOFT"/>
      <CA4 max="1" min="0" mode1="H" mode2="GLOBAL" penalty="5" slots="10;16;7;5" teams1="12;17;15;16" teams2="12;17;15;16" type="SOFT"/>
      <CA4 max="1" min="0" mode1="H" mode2="EVERY" penalty="5" slots="11" teams1="8;16" teams2="12;14;17;11;8;15;16;9;10;13;4;7;2;5;3;0;6;1" type="SOFT"/>
      <CA4 max="1" min="0" mode1="H" mode2="EVERY" penalty="5" slots="7" teams1="14;11" teams2="12;14;17;11;8;15;16;9;10;13;4;7;2;5;3;0;6;1" type="SOFT"/>
      <CA4 max="1" min="0" mode1="H" mode2="GLOBAL" penalty="5" slots="19;28;7;30;31" teams1="12;9;10;7;2" teams2="12;9;10;7;2" type="SOFT"/>
      <CA4 max="1" min="0" mode1="H" mode2="GLOBAL" penalty="5" slots="5;23;29;17;4" teams1="14;11;10;3;1" teams2="14;11;10;3;1" type="SOFT"/>
      <CA4 max="1" min="0" mode1="H" mode2="EVERY" penalty="5" slots="32" teams1="11;7" teams2="12;14;17;11;8;15;16;9;10;13;4;7;2;5;3;0;6;1" type="SOFT"/>
      <CA4 max="1" min="0" mode1="H" mode2="EVERY" penalty="5" slots="19" teams1="17;3" teams2="12;14;17;11;8;15;16;9;10;13;4;7;2;5;3;0;6;1" type="SOFT"/>
      <CA4 max="2" min="0" mode1="H" mode2="GLOBAL" penalty="5" slots="6;8;15;11;5;3" teams1="8;10;4;7;2;6" teams2="8;10;4;7;2;6" type="SOFT"/>
      <CA4 max="1" min="0" mode1="H" mode2="GLOBAL" penalty="5" slots="27;26;28;11" teams1="16;10;13;0" teams2="16;10;13;0" type="SOFT"/>
      <CA4 max="1" min="0" mode1="H" mode2="EVERY" penalty="5" slots="32" teams1="14;5" teams2="12;14;17;11;8;15;16;9;10;13;4;7;2;5;3;0;6;1" type="SOFT"/>
      <CA4 max="1" min="0" mode1="H" mode2="GLOBAL" penalty="5" slots="8;33;30;17" teams1="8;9;2;3" teams2="8;9;2;3" type="SOFT"/>
      <CA4 max="1" min="0" mode1="H" mode2="GLOBAL" penalty="5" slots="14;2;5;20;29" teams1="12;16;9;2;1" teams2="12;16;9;2;1" type="SOFT"/>
      <CA4 max="1" min="0" mode1="H" mode2="GLOBAL" penalty="5" slots="15;5;31;0" teams1="17;15;13;2" teams2="17;15;13;2" type="SOFT"/>
      <CA4 max="1" min="0" mode1="H" mode2="GLOBAL" penalty="5" slots="6;21;29;1" teams1="17;13;2;6" teams2="17;13;2;6" type="SOFT"/>
      <CA4 max="1" min="0" mode1="H" mode2="EVERY" penalty="5" slots="1" teams1="4;3" teams2="12;14;17;11;8;15;16;9;10;13;4;7;2;5;3;0;6;1" type="SOFT"/>
      <CA4 max="1" min="0" mode1="H" mode2="EVERY" penalty="5" slots="28" teams1="10;2" teams2="12;14;17;11;8;15;16;9;10;13;4;7;2;5;3;0;6;1" type="SOFT"/>
      <CA4 max="2" min="0" mode1="H" mode2="GLOBAL" penalty="5" slots="13;26;10;15;23;3" teams1="12;8;15;9;4;1" teams2="12;8;15;9;4;1" type="SOFT"/>
      <CA4 max="2" min="0" mode1="H" mode2="GLOBAL" penalty="5" slots="2;19;26;11;18;20" teams1="9;10;4;7;3;6" teams2="9;10;4;7;3;6" type="SOFT"/>
      <CA4 max="1" min="0" mode1="H" mode2="GLOBAL" penalty="5" slots="14;2;30;1" teams1="12;9;10;5" teams2="12;9;10;5" type="SOFT"/>
      <CA4 max="1" min="0" mode1="H" mode2="EVERY" penalty="5" slots="18" teams1="4;1" teams2="12;14;17;11;8;15;16;9;10;13;4;7;2;5;3;0;6;1" type="SOFT"/>
      <CA4 max="2" min="0" mode1="H" mode2="GLOBAL" penalty="5" slots="2;6;24;5;31;17" teams1="12;8;15;2;5;3" teams2="12;8;15;2;5;3" type="SOFT"/>
      <CA4 max="2" min="0" mode1="H" mode2="GLOBAL" penalty="5" slots="26;16;15;24;22;3" teams1="14;8;16;4;7;0" teams2="14;8;16;4;7;0" type="SOFT"/>
      <CA4 max="2" min="0" mode1="H" mode2="GLOBAL" penalty="5" slots="8;10;15;7;21;0" teams1="14;11;8;15;7;2" teams2="14;11;8;15;7;2" type="SOFT"/>
      <CA4 max="1" min="0" mode1="H" mode2="GLOBAL" penalty="5" slots="2;10;11;30" teams1="11;13;5;3" teams2="11;13;5;3" type="SOFT"/>
      <CA4 max="1" min="0" mode1="H" mode2="GLOBAL" penalty="5" slots="15;28;7;22;1" teams1="15;9;7;2;1" teams2="15;9;7;2;1" type="SOFT"/>
      <CA4 max="1" min="0" mode1="H" mode2="EVERY" penalty="5" slots="17" teams1="4;1" teams2="12;14;17;11;8;15;16;9;10;13;4;7;2;5;3;0;6;1" type="SOFT"/>
      <CA4 max="1" min="0" mode1="H" mode2="EVERY" penalty="5" slots="30" teams1="17;0" teams2="12;14;17;11;8;15;16;9;10;13;4;7;2;5;3;0;6;1" type="SOFT"/>
      <CA4 max="2" min="0" mode1="H" mode2="GLOBAL" penalty="5" slots="8;10;16;11;20;17" teams1="11;15;10;4;0;6" teams2="11;15;10;4;0;6" type="SOFT"/>
      <CA4 max="1" min="0" mode1="H" mode2="EVERY" penalty="5" slots="0" teams1="3;1" teams2="12;14;17;11;8;15;16;9;10;13;4;7;2;5;3;0;6;1" type="SOFT"/>
      <CA4 max="1" min="0" mode1="H" mode2="GLOBAL" penalty="5" slots="2;33;21;24;4" teams1="11;15;10;7;1" teams2="11;15;10;7;1" type="SOFT"/>
      <CA4 max="1" min="0" mode1="H" mode2="GLOBAL" penalty="5" slots="16;28;32;0" teams1="12;11;9;5" teams2="12;11;9;5" type="SOFT"/>
      <CA4 max="1" min="0" mode1="H" mode2="GLOBAL" penalty="5" slots="2;5;23;0" teams1="13;7;2;3" teams2="13;7;2;3" type="SOFT"/>
      <CA4 max="1" min="0" mode1="H" mode2="GLOBAL" penalty="5" slots="26;10;11;21" teams1="13;4;2;1" teams2="13;4;2;1" type="SOFT"/>
      <CA4 max="1" min="0" mode1="H" mode2="GLOBAL" penalty="5" slots="15;24;20;4" teams1="11;16;9;5" teams2="11;16;9;5" type="SOFT"/>
      <CA4 max="1" min="0" mode1="H" mode2="GLOBAL" penalty="5" slots="33;15;17;3" teams1="12;17;16;10" teams2="12;17;16;10" type="SOFT"/>
      <CA4 max="1" min="0" mode1="H" mode2="EVERY" penalty="5" slots="28" teams1="8;1" teams2="12;14;17;11;8;15;16;9;10;13;4;7;2;5;3;0;6;1" type="SOFT"/>
      <CA4 max="1" min="0" mode1="H" mode2="GLOBAL" penalty="5" slots="6;26;10;30" teams1="14;11;2;1" teams2="14;11;2;1" type="SOFT"/>
      <CA4 max="1" min="0" mode1="H" mode2="GLOBAL" penalty="5" slots="14;25;31;3" teams1="14;13;5;6" teams2="14;13;5;6" type="SOFT"/>
      <CA4 max="1" min="0" mode1="H" mode2="GLOBAL" penalty="5" slots="33;11;30;17" teams1="12;15;2;3" teams2="12;15;2;3" type="SOFT"/>
      <CA4 max="1" min="0" mode1="H" mode2="EVERY" penalty="5" slots="7" teams1="16;7" teams2="12;14;17;11;8;15;16;9;10;13;4;7;2;5;3;0;6;1" type="SOFT"/>
      <CA4 max="1" min="0" mode1="H" mode2="GLOBAL" penalty="5" slots="6;25;33;32;4" teams1="15;16;2;3;1" teams2="15;16;2;3;1" type="SOFT"/>
      <CA4 max="2" min="0" mode1="H" mode2="GLOBAL" penalty="5" slots="8;25;22;20;29;3" teams1="16;9;10;4;3;0" teams2="16;9;10;4;3;0" type="SOFT"/>
      <CA4 max="1" min="0" mode1="H" mode2="EVERY" penalty="5" slots="14" teams1="5;1" teams2="12;14;17;11;8;15;16;9;10;13;4;7;2;5;3;0;6;1" type="SOFT"/>
      <CA4 max="2" min="0" mode1="H" mode2="GLOBAL" penalty="5" slots="10;28;21;22;5;0" teams1="12;11;4;7;5;1" teams2="12;11;4;7;5;1" type="SOFT"/>
      <CA4 max="1" min="0" mode1="H" mode2="GLOBAL" penalty="5" slots="8;11;29;1;3" teams1="14;15;7;2;3" teams2="14;15;7;2;3" type="SOFT"/>
      <CA4 max="1" min="0" mode1="H" mode2="GLOBAL" penalty="5" slots="13;25;7;24;29" teams1="11;15;13;4;7" teams2="11;15;13;4;7" type="SOFT"/>
      <CA4 max="1" min="0" mode1="H" mode2="GLOBAL" penalty="5" slots="14;26;24;0" teams1="17;8;10;4" teams2="17;8;10;4" type="SOFT"/>
      <CA4 max="1" min="0" mode1="H" mode2="EVERY" penalty="5" slots="31" teams1="16;0" teams2="12;14;17;11;8;15;16;9;10;13;4;7;2;5;3;0;6;1" type="SOFT"/>
      <CA4 max="2" min="0" mode1="H" mode2="GLOBAL" penalty="5" slots="19;10;9;31;23;29" teams1="14;8;9;7;6;1" teams2="14;8;9;7;6;1" type="SOFT"/>
      <CA4 max="1" min="0" mode1="H" mode2="GLOBAL" penalty="5" slots="16;28;12;29;4" teams1="17;4;7;0;1" teams2="17;4;7;0;1" type="SOFT"/>
      <CA4 max="2" min="0" mode1="H" mode2="GLOBAL" penalty="5" slots="14;9;15;24;22;29" teams1="17;9;10;13;7;2" teams2="17;9;10;13;7;2" type="SOFT"/>
      <CA4 max="2" min="0" mode1="H" mode2="GLOBAL" penalty="5" slots="2;26;25;9;15;3" teams1="12;17;15;16;2;1" teams2="12;17;15;16;2;1" type="SOFT"/>
      <CA4 max="1" min="0" mode1="H" mode2="EVERY" penalty="5" slots="7" teams1="8;16" teams2="12;14;17;11;8;15;16;9;10;13;4;7;2;5;3;0;6;1" type="SOFT"/>
      <CA4 max="1" min="0" mode1="H" mode2="EVERY" penalty="5" slots="22" teams1="4;7" teams2="12;14;17;11;8;15;16;9;10;13;4;7;2;5;3;0;6;1" type="SOFT"/>
      <CA4 max="2" min="0" mode1="H" mode2="GLOBAL" penalty="5" slots="10;11;18;32;31;29" teams1="14;8;9;5;3;1" teams2="14;8;9;5;3;1" type="SOFT"/>
      <CA4 max="2" min="0" mode1="H" mode2="GLOBAL" penalty="5" slots="27;2;19;25;7;18" teams1="14;11;16;4;5;0" teams2="14;11;16;4;5;0" type="SOFT"/>
      <CA4 max="1" min="0" mode1="H" mode2="EVERY" penalty="5" slots="30" teams1="14;15" teams2="12;14;17;11;8;15;16;9;10;13;4;7;2;5;3;0;6;1" type="SOFT"/>
      <CA4 max="2" min="0" mode1="H" mode2="GLOBAL" penalty="5" slots="14;6;28;5;20;32" teams1="12;14;11;15;10;2" teams2="12;14;11;15;10;2" type="SOFT"/>
      <CA4 max="2" min="0" mode1="H" mode2="GLOBAL" penalty="5" slots="2;8;9;11;23;17" teams1="16;9;13;5;6;1" teams2="16;9;13;5;6;1" type="SOFT"/>
      <CA4 max="1" min="0" mode1="H" mode2="GLOBAL" penalty="5" slots="27;2;16;29;3" teams1="17;8;16;10;0" teams2="17;8;16;10;0" type="SOFT"/>
      <CA4 max="2" min="0" mode1="H" mode2="GLOBAL" penalty="5" slots="6;11;22;20;0;3" teams1="14;13;7;2;3;6" teams2="14;13;7;2;3;6" type="SOFT"/>
      <CA4 max="1" min="0" mode1="H" mode2="GLOBAL" penalty="5" slots="8;9;7;0" teams1="16;4;5;6" teams2="16;4;5;6" type="SOFT"/>
      <CA4 max="1" min="0" mode1="H" mode2="GLOBAL" penalty="5" slots="5;20;32;23" teams1="14;11;16;5" teams2="14;11;16;5" type="SOFT"/>
      <CA4 max="1" min="0" mode1="H" mode2="EVERY" penalty="5" slots="4" teams1="14;17" teams2="12;14;17;11;8;15;16;9;10;13;4;7;2;5;3;0;6;1" type="SOFT"/>
      <CA4 max="1" min="0" mode1="H" mode2="GLOBAL" penalty="5" slots="13;25;32;4" teams1="12;16;9;7" teams2="12;16;9;7" type="SOFT"/>
      <CA4 max="2" min="0" mode1="H" mode2="GLOBAL" penalty="5" slots="19;26;16;21;31;29" teams1="12;14;15;10;7;2" teams2="12;14;15;10;7;2" type="SOFT"/>
      <CA4 max="1" min="0" mode1="H" mode2="GLOBAL" penalty="5" slots="13;12;7;20;23" teams1="14;11;9;10;2" teams2="14;11;9;10;2" type="SOFT"/>
      <CA4 max="2" min="0" mode1="H" mode2="GLOBAL" penalty="5" slots="27;10;16;33;28;32" teams1="15;9;10;4;0;1" teams2="15;9;10;4;0;1" type="SOFT"/>
      <CA4 max="1" min="0" mode1="H" mode2="EVERY" penalty="5" slots="24" teams1="12;3" teams2="12;14;17;11;8;15;16;9;10;13;4;7;2;5;3;0;6;1" type="SOFT"/>
      <CA4 max="1" min="0" mode1="H" mode2="GLOBAL" penalty="5" slots="25;11;21;31" teams1="12;11;9;7" teams2="12;11;9;7" type="SOFT"/>
      <CA4 max="1" min="0" mode1="H" mode2="EVERY" penalty="5" slots="19" teams1="17;1" teams2="12;14;17;11;8;15;16;9;10;13;4;7;2;5;3;0;6;1" type="SOFT"/>
      <CA4 max="1" min="0" mode1="H" mode2="GLOBAL" penalty="5" slots="26;15;28;17" teams1="14;8;16;10" teams2="14;8;16;10" type="SOFT"/>
      <CA4 max="1" min="0" mode1="H" mode2="GLOBAL" penalty="5" slots="27;28;12;24" teams1="16;13;7;0" teams2="16;13;7;0" type="SOFT"/>
      <CA4 max="1" min="0" mode1="H" mode2="EVERY" penalty="5" slots="18" teams1="16;7" teams2="12;14;17;11;8;15;16;9;10;13;4;7;2;5;3;0;6;1" type="SOFT"/>
      <CA4 max="1" min="0" mode1="H" mode2="GLOBAL" penalty="5" slots="14;27;2;25;29" teams1="17;16;7;5;3" teams2="17;16;7;5;3" type="SOFT"/>
      <CA4 max="1" min="0" mode1="H" mode2="EVERY" penalty="5" slots="4" teams1="11;9" teams2="12;14;17;11;8;15;16;9;10;13;4;7;2;5;3;0;6;1" type="SOFT"/>
      <CA4 max="1" min="0" mode1="H" mode2="EVERY" penalty="5" slots="16" teams1="11;13" teams2="12;14;17;11;8;15;16;9;10;13;4;7;2;5;3;0;6;1" type="SOFT"/>
      <CA4 max="2" min="0" mode1="H" mode2="GLOBAL" penalty="5" slots="14;2;25;7;24;30" teams1="12;17;4;3;0;1" teams2="12;17;4;3;0;1" type="SOFT"/>
      <CA4 max="1" min="0" mode1="H" mode2="GLOBAL" penalty="5" slots="9;24;20;30;31" teams1="17;4;2;0;1" teams2="17;4;2;0;1" type="SOFT"/>
      <CA4 max="2" min="0" mode1="H" mode2="GLOBAL" penalty="5" slots="2;8;9;7;30;31" teams1="12;4;2;5;0;1" teams2="12;4;2;5;0;1" type="SOFT"/>
      <CA4 max="2" min="0" mode1="H" mode2="GLOBAL" penalty="5" slots="13;27;21;24;20;17" teams1="14;11;15;2;5;0" teams2="14;11;15;2;5;0" type="SOFT"/>
      <CA4 max="2" min="0" mode1="H" mode2="GLOBAL" penalty="5" slots="19;10;33;7;23;1" teams1="12;14;16;7;2;0" teams2="12;14;16;7;2;0" type="SOFT"/>
      <CA4 max="1" min="0" mode1="H" mode2="GLOBAL" penalty="5" slots="13;10;28;20" teams1="12;14;17;1" teams2="12;14;17;1" type="SOFT"/>
      <CA4 max="1" min="0" mode1="H" mode2="GLOBAL" penalty="5" slots="14;19;21;32" teams1="15;10;13;2" teams2="15;10;13;2" type="SOFT"/>
      <CA4 max="1" min="0" mode1="H" mode2="EVERY" penalty="5" slots="15" teams1="14;16" teams2="12;14;17;11;8;15;16;9;10;13;4;7;2;5;3;0;6;1" type="SOFT"/>
      <CA4 max="1" min="0" mode1="H" mode2="GLOBAL" penalty="5" slots="13;8;19;3" teams1="10;5;3;6" teams2="10;5;3;6" type="SOFT"/>
      <CA4 max="1" min="0" mode1="H" mode2="GLOBAL" penalty="5" slots="19;9;33;21;31" teams1="12;17;15;7;0" teams2="12;17;15;7;0" type="SOFT"/>
      <CA4 max="1" min="0" mode1="H" mode2="GLOBAL" penalty="5" slots="27;26;9;31" teams1="14;17;3;0" teams2="14;17;3;0" type="SOFT"/>
      <CA4 max="1" min="0" mode1="H" mode2="GLOBAL" penalty="5" slots="25;16;23;29;0" teams1="12;8;15;13;5" teams2="12;8;15;13;5" type="SOFT"/>
      <CA4 max="1" min="0" mode1="H" mode2="GLOBAL" penalty="5" slots="13;2;23;29" teams1="8;13;5;3" teams2="8;13;5;3" type="SOFT"/>
      <CA4 max="1" min="0" mode1="H" mode2="GLOBAL" penalty="5" slots="9;33;24;30;4" teams1="14;13;7;2;6" teams2="14;13;7;2;6" type="SOFT"/>
      <CA4 max="1" min="0" mode1="H" mode2="GLOBAL" penalty="5" slots="19;33;15;22;29" teams1="16;7;3;6;1" teams2="16;7;3;6;1" type="SOFT"/>
      <CA4 max="2" min="0" mode1="H" mode2="GLOBAL" penalty="5" slots="27;16;33;11;31;29" teams1="14;17;8;15;7;3" teams2="14;17;8;15;7;3" type="SOFT"/>
      <CA4 max="1" min="0" mode1="H" mode2="GLOBAL" penalty="5" slots="13;14;6;25;23" teams1="12;11;9;3;1" teams2="12;11;9;3;1" type="SOFT"/>
      <CA4 max="1" min="0" mode1="H" mode2="GLOBAL" penalty="5" slots="2;22;23;0" teams1="8;16;7;3" teams2="8;16;7;3" type="SOFT"/>
      <CA4 max="1" min="0" mode1="H" mode2="GLOBAL" penalty="5" slots="8;5;20;17;1" teams1="10;13;3;0;6" teams2="10;13;3;0;6" type="SOFT"/>
      <CA4 max="2" min="0" mode1="H" mode2="GLOBAL" penalty="5" slots="14;19;9;16;24;30" teams1="14;11;16;4;0;6" teams2="14;11;16;4;0;6" type="SOFT"/>
      <CA4 max="1" min="0" mode1="H" mode2="EVERY" penalty="5" slots="28" teams1="14;4" teams2="12;14;17;11;8;15;16;9;10;13;4;7;2;5;3;0;6;1" type="SOFT"/>
      <CA4 max="1" min="0" mode1="H" mode2="GLOBAL" penalty="5" slots="25;28;5;1;3" teams1="15;9;5;3;1" teams2="15;9;5;3;1" type="SOFT"/>
      <CA4 max="1" min="0" mode1="H" mode2="GLOBAL" penalty="5" slots="16;32;23;17;4" teams1="14;11;16;10;7" teams2="14;11;16;10;7" type="SOFT"/>
      <CA4 max="1" min="0" mode1="H" mode2="GLOBAL" penalty="5" slots="10;15;28;29;1" teams1="12;11;13;2;0" teams2="12;11;13;2;0" type="SOFT"/>
      <CA4 max="2" min="0" mode1="H" mode2="GLOBAL" penalty="5" slots="19;18;22;23;29;4" teams1="14;17;8;9;4;1" teams2="14;17;8;9;4;1" type="SOFT"/>
      <CA4 max="1" min="0" mode1="H" mode2="GLOBAL" penalty="5" slots="2;8;18;30;29" teams1="11;15;13;5;3" teams2="11;15;13;5;3" type="SOFT"/>
      <CA4 max="1" min="0" mode1="H" mode2="EVERY" penalty="5" slots="26" teams1="8;9" teams2="12;14;17;11;8;15;16;9;10;13;4;7;2;5;3;0;6;1" type="SOFT"/>
      <CA4 max="2" min="0" mode1="H" mode2="GLOBAL" penalty="5" slots="33;28;12;11;30;4" teams1="12;17;13;4;3;1" teams2="12;17;13;4;3;1" type="SOFT"/>
      <CA4 max="1" min="0" mode1="H" mode2="EVERY" penalty="5" slots="4" teams1="8;3" teams2="12;14;17;11;8;15;16;9;10;13;4;7;2;5;3;0;6;1" type="SOFT"/>
      <CA4 max="1" min="0" mode1="H" mode2="GLOBAL" penalty="5" slots="7;21;17;1" teams1="17;9;10;13" teams2="17;9;10;13" type="SOFT"/>
      <CA4 max="1" min="0" mode1="H" mode2="GLOBAL" penalty="5" slots="13;27;9;7;32" teams1="14;10;2;5;3" teams2="14;10;2;5;3" type="SOFT"/>
      <CA4 max="1" min="0" mode1="H" mode2="EVERY" penalty="5" slots="20" teams1="15;3" teams2="12;14;17;11;8;15;16;9;10;13;4;7;2;5;3;0;6;1" type="SOFT"/>
      <CA4 max="1" min="0" mode1="H" mode2="EVERY" penalty="5" slots="15" teams1="8;3" teams2="12;14;17;11;8;15;16;9;10;13;4;7;2;5;3;0;6;1" type="SOFT"/>
      <CA4 max="1" min="0" mode1="H" mode2="EVERY" penalty="5" slots="9" teams1="2;0" teams2="12;14;17;11;8;15;16;9;10;13;4;7;2;5;3;0;6;1" type="SOFT"/>
      <CA4 max="1" min="0" mode1="H" mode2="GLOBAL" penalty="5" slots="25;28;23;0" teams1="15;13;6;1" teams2="15;13;6;1" type="SOFT"/>
      <CA4 max="1" min="0" mode1="H" mode2="GLOBAL" penalty="5" slots="19;24;22;1" teams1="12;8;9;0" teams2="12;8;9;0" type="SOFT"/>
      <CA4 max="1" min="0" mode1="H" mode2="GLOBAL" penalty="5" slots="27;6;7;22;32" teams1="14;17;11;8;4" teams2="14;17;11;8;4" type="SOFT"/>
      <CA4 max="1" min="0" mode1="H" mode2="GLOBAL" penalty="5" slots="6;19;5;29;4" teams1="11;4;5;3;1" teams2="11;4;5;3;1" type="SOFT"/>
      <CA4 max="1" min="0" mode1="H" mode2="GLOBAL" penalty="5" slots="6;33;21;20" teams1="17;16;9;0" teams2="17;16;9;0" type="SOFT"/>
      <CA4 max="1" min="0" mode1="H" mode2="GLOBAL" penalty="5" slots="14;25;24;1" teams1="17;15;10;13" teams2="17;15;10;13" type="SOFT"/>
      <CA4 max="1" min="0" mode1="H" mode2="GLOBAL" penalty="5" slots="13;2;9;1" teams1="14;9;5;0" teams2="14;9;5;0" type="SOFT"/>
      <CA4 max="1" min="0" mode1="H" mode2="GLOBAL" penalty="5" slots="15;28;22;5;20" teams1="11;15;7;3;6" teams2="11;15;7;3;6" type="SOFT"/>
      <CA4 max="1" min="0" mode1="H" mode2="GLOBAL" penalty="5" slots="19;26;9;31" teams1="12;14;17;15" teams2="12;14;17;15" type="SOFT"/>
      <CA4 max="1" min="0" mode1="H" mode2="GLOBAL" penalty="5" slots="14;18;23;0" teams1="14;10;4;0" teams2="14;10;4;0" type="SOFT"/>
      <CA4 max="1" min="0" mode1="H" mode2="GLOBAL" penalty="5" slots="13;25;9;11;29" teams1="12;15;16;13;6" teams2="12;15;16;13;6" type="SOFT"/>
      <CA4 max="1" min="0" mode1="H" mode2="GLOBAL" penalty="5" slots="13;14;19;26;7" teams1="12;17;11;9;10" teams2="12;17;11;9;10" type="SOFT"/>
      <CA4 max="1" min="0" mode1="H" mode2="EVERY" penalty="5" slots="18" teams1="14;4" teams2="12;14;17;11;8;15;16;9;10;13;4;7;2;5;3;0;6;1" type="SOFT"/>
      <CA4 max="2" min="0" mode1="H" mode2="GLOBAL" penalty="5" slots="27;9;12;5;31;4" teams1="17;11;16;9;10;6" teams2="17;11;16;9;10;6" type="SOFT"/>
      <CA4 max="1" min="0" mode1="H" mode2="EVERY" penalty="5" slots="16" teams1="2;5" teams2="12;14;17;11;8;15;16;9;10;13;4;7;2;5;3;0;6;1" type="SOFT"/>
      <CA4 max="1" min="0" mode1="H" mode2="GLOBAL" penalty="5" slots="10;9;33;7;5" teams1="14;13;2;5;1" teams2="14;13;2;5;1" type="SOFT"/>
      <CA4 max="1" min="0" mode1="H" mode2="GLOBAL" penalty="5" slots="15;12;7;18;20" teams1="8;9;10;4;0" teams2="8;9;10;4;0" type="SOFT"/>
      <CA4 max="1" min="0" mode1="H" mode2="GLOBAL" penalty="5" slots="2;10;11;18" teams1="16;7;2;3" teams2="16;7;2;3" type="SOFT"/>
      <CA4 max="2" min="0" mode1="H" mode2="GLOBAL" penalty="5" slots="14;19;16;7;17;4" teams1="12;8;4;5;6;1" teams2="12;8;4;5;6;1" type="SOFT"/>
      <CA4 max="1" min="0" mode1="H" mode2="GLOBAL" penalty="5" slots="8;19;26;17" teams1="14;11;10;0" teams2="14;11;10;0" type="SOFT"/>
      <CA4 max="2" min="0" mode1="H" mode2="GLOBAL" penalty="5" slots="14;8;11;5;31;17" teams1="8;16;4;2;3;0" teams2="8;16;4;2;3;0" type="SOFT"/>
      <CA4 max="2" min="0" mode1="H" mode2="GLOBAL" penalty="5" slots="6;19;26;16;28;29" teams1="17;11;8;7;2;5" teams2="17;11;8;7;2;5" type="SOFT"/>
      <CA4 max="1" min="0" mode1="H" mode2="GLOBAL" penalty="5" slots="13;9;7;21;30" teams1="17;9;2;3;1" teams2="17;9;2;3;1" type="SOFT"/>
      <CA4 max="1" min="0" mode1="H" mode2="GLOBAL" penalty="5" slots="16;15;30;17" teams1="14;11;9;1" teams2="14;11;9;1" type="SOFT"/>
      <CA4 max="1" min="0" mode1="H" mode2="GLOBAL" penalty="5" slots="15;11;24;17;4" teams1="14;11;16;3;1" teams2="14;11;16;3;1" type="SOFT"/>
      <CA4 max="1" min="0" mode1="H" mode2="GLOBAL" penalty="5" slots="2;20;30;31" teams1="8;9;5;6" teams2="8;9;5;6" type="SOFT"/>
      <CA4 max="2" min="0" mode1="H" mode2="GLOBAL" penalty="5" slots="27;26;12;32;23;29" teams1="14;17;16;9;3;6" teams2="14;17;16;9;3;6" type="SOFT"/>
      <CA4 max="1" min="0" mode1="H" mode2="EVERY" penalty="5" slots="14" teams1="13;1" teams2="12;14;17;11;8;15;16;9;10;13;4;7;2;5;3;0;6;1" type="SOFT"/>
      <CA4 max="1" min="0" mode1="H" mode2="GLOBAL" penalty="5" slots="13;2;5;17;3" teams1="12;17;3;0;1" teams2="12;17;3;0;1" type="SOFT"/>
      <CA4 max="2" min="0" mode1="H" mode2="GLOBAL" penalty="5" slots="14;10;22;20;17;1" teams1="12;13;7;2;6;1" teams2="12;13;7;2;6;1" type="SOFT"/>
      <CA4 max="1" min="0" mode1="H" mode2="GLOBAL" penalty="5" slots="2;6;9;16;3" teams1="8;16;9;10;1" teams2="8;16;9;10;1" type="SOFT"/>
      <CA4 max="1" min="0" mode1="H" mode2="EVERY" penalty="5" slots="28" teams1="7;3" teams2="12;14;17;11;8;15;16;9;10;13;4;7;2;5;3;0;6;1" type="SOFT"/>
      <CA4 max="1" min="0" mode1="H" mode2="EVERY" penalty="5" slots="1" teams1="8;16" teams2="12;14;17;11;8;15;16;9;10;13;4;7;2;5;3;0;6;1" type="SOFT"/>
      <CA4 max="1" min="0" mode1="H" mode2="EVERY" penalty="5" slots="6" teams1="8;15" teams2="12;14;17;11;8;15;16;9;10;13;4;7;2;5;3;0;6;1" type="SOFT"/>
      <CA4 max="1" min="0" mode1="H" mode2="EVERY" penalty="5" slots="22" teams1="14;9" teams2="12;14;17;11;8;15;16;9;10;13;4;7;2;5;3;0;6;1" type="SOFT"/>
      <CA4 max="1" min="0" mode1="H" mode2="GLOBAL" penalty="5" slots="8;28;7;22;31" teams1="17;8;16;13;0" teams2="17;8;16;13;0" type="SOFT"/>
      <CA4 max="2" min="0" mode1="H" mode2="GLOBAL" penalty="5" slots="13;14;8;15;21;20" teams1="14;16;9;13;4;5" teams2="14;16;9;13;4;5" type="SOFT"/>
      <CA4 max="1" min="0" mode1="H" mode2="GLOBAL" penalty="5" slots="26;11;0;4" teams1="17;8;5;1" teams2="17;8;5;1" type="SOFT"/>
      <CA4 max="1" min="0" mode1="H" mode2="EVERY" penalty="5" slots="0" teams1="2;6" teams2="12;14;17;11;8;15;16;9;10;13;4;7;2;5;3;0;6;1" type="SOFT"/>
      <CA4 max="1" min="0" mode1="H" mode2="EVERY" penalty="5" slots="14" teams1="10;1" teams2="12;14;17;11;8;15;16;9;10;13;4;7;2;5;3;0;6;1" type="SOFT"/>
      <CA4 max="1" min="0" mode1="H" mode2="GLOBAL" penalty="5" slots="25;33;7;0" teams1="8;9;4;1" teams2="8;9;4;1" type="SOFT"/>
      <CA4 max="1" min="0" mode1="H" mode2="EVERY" penalty="5" slots="16" teams1="4;3" teams2="12;14;17;11;8;15;16;9;10;13;4;7;2;5;3;0;6;1" type="SOFT"/>
      <CA4 max="1" min="0" mode1="H" mode2="GLOBAL" penalty="5" slots="8;21;18;30;29" teams1="12;8;16;13;2" teams2="12;8;16;13;2" type="SOFT"/>
      <CA4 max="1" min="0" mode1="H" mode2="GLOBAL" penalty="5" slots="10;9;11;30;1" teams1="10;13;2;5;3" teams2="10;13;2;5;3" type="SOFT"/>
      <CA4 max="1" min="0" mode1="H" mode2="EVERY" penalty="5" slots="8" teams1="12;7" teams2="12;14;17;11;8;15;16;9;10;13;4;7;2;5;3;0;6;1" type="SOFT"/>
      <CA4 max="1" min="0" mode1="H" mode2="EVERY" penalty="5" slots="0" teams1="8;1" teams2="12;14;17;11;8;15;16;9;10;13;4;7;2;5;3;0;6;1" type="SOFT"/>
      <CA4 max="2" min="0" mode1="H" mode2="GLOBAL" penalty="5" slots="8;26;12;7;4;3" teams1="12;11;16;2;5;0" teams2="12;11;16;2;5;0" type="SOFT"/>
      <CA4 max="1" min="0" mode1="H" mode2="EVERY" penalty="5" slots="33" teams1="17;10" teams2="12;14;17;11;8;15;16;9;10;13;4;7;2;5;3;0;6;1" type="SOFT"/>
      <CA4 max="1" min="0" mode1="H" mode2="GLOBAL" penalty="5" slots="25;7;22;23" teams1="8;16;6;1" teams2="8;16;6;1" type="SOFT"/>
      <CA4 max="1" min="0" mode1="H" mode2="EVERY" penalty="5" slots="6" teams1="7;1" teams2="12;14;17;11;8;15;16;9;10;13;4;7;2;5;3;0;6;1" type="SOFT"/>
      <CA4 max="1" min="0" mode1="H" mode2="EVERY" penalty="5" slots="32" teams1="15;6" teams2="12;14;17;11;8;15;16;9;10;13;4;7;2;5;3;0;6;1" type="SOFT"/>
      <CA4 max="2" min="0" mode1="H" mode2="GLOBAL" penalty="5" slots="13;33;7;20;30;23" teams1="12;17;11;9;0;1" teams2="12;17;11;9;0;1" type="SOFT"/>
      <CA4 max="1" min="0" mode1="H" mode2="GLOBAL" penalty="5" slots="9;33;28;4;3" teams1="8;10;7;3;0" teams2="8;10;7;3;0" type="SOFT"/>
      <CA4 max="1" min="0" mode1="H" mode2="EVERY" penalty="5" slots="27" teams1="4;5" teams2="12;14;17;11;8;15;16;9;10;13;4;7;2;5;3;0;6;1" type="SOFT"/>
      <CA4 max="1" min="0" mode1="H" mode2="GLOBAL" penalty="5" slots="13;2;8;16" teams1="11;16;7;0" teams2="11;16;7;0" type="SOFT"/>
      <CA4 max="1" min="0" mode1="H" mode2="EVERY" penalty="5" slots="1" teams1="9;1" teams2="12;14;17;11;8;15;16;9;10;13;4;7;2;5;3;0;6;1" type="SOFT"/>
      <CA4 max="1" min="0" mode1="H" mode2="GLOBAL" penalty="5" slots="13;27;21;24;1" teams1="8;16;3;0;6" teams2="8;16;3;0;6" type="SOFT"/>
      <CA4 max="1" min="0" mode1="H" mode2="GLOBAL" penalty="5" slots="13;8;5;29;1" teams1="14;16;13;2;0" teams2="14;16;13;2;0" type="SOFT"/>
      <CA4 max="1" min="0" mode1="H" mode2="GLOBAL" penalty="5" slots="8;7;31;17;4" teams1="12;14;5;3;0" teams2="12;14;5;3;0" type="SOFT"/>
      <CA4 max="1" min="0" mode1="H" mode2="EVERY" penalty="5" slots="4" teams1="14;15" teams2="12;14;17;11;8;15;16;9;10;13;4;7;2;5;3;0;6;1" type="SOFT"/>
    </CapacityConstraints>
    <GameConstraints>
      <GA1 max="1" meetings="0,9;" min="1" penalty="1" slots="31" type="HARD"/>
      <GA1 max="1" meetings="8,15;" min="1" penalty="1" slots="1" type="HARD"/>
      <GA1 max="0" meetings="14,8;" min="0" penalty="1" slots="30" type="HARD"/>
      <GA1 max="0" meetings="15,0;" min="0" penalty="1" slots="5" type="HARD"/>
      <GA1 max="1" meetings="4,11;" min="1" penalty="1" slots="5" type="SOFT"/>
      <GA1 max="1" meetings="7,16;" min="1" penalty="1" slots="19" type="SOFT"/>
      <GA1 max="3" meetings="5,7;15,5;17,1;" min="2" penalty="1" slots="5;23" type="SOFT"/>
      <GA1 max="1" meetings="7,14;17,13;" min="0" penalty="1" slots="20" type="SOFT"/>
      <GA1 max="1" meetings="12,17;" min="1" penalty="1" slots="20" type="SOFT"/>
      <GA1 max="1" meetings="0,6;3,0;17,8;" min="0" penalty="1" slots="31;3" type="SOFT"/>
      <GA1 max="1" meetings="16,2;" min="1" penalty="1" slots="33;23;17" type="SOFT"/>
      <GA1 max="1" meetings="11,6;" min="1" penalty="1" slots="25;20;30;0" type="SOFT"/>
      <GA1 max="1" meetings="2,13;" min="1" penalty="1" slots="4" type="SOFT"/>
      <GA1 max="3" meetings="4,8;7,8;10,1;" min="2" penalty="1" slots="6;33;15;5" type="SOFT"/>
      <GA1 max="0" meetings="11,3;" min="0" penalty="1" slots="10" type="SOFT"/>
      <GA1 max="0" meetings="17,11;" min="0" penalty="1" slots="29" type="SOFT"/>
      <GA1 max="0" meetings="12,9;" min="0" penalty="1" slots="8" type="SOFT"/>
      <GA1 max="4" meetings="1,6;4,6;10,16;13,6;" min="2" penalty="1" slots="20;30" type="SOFT"/>
      <GA1 max="1" meetings="12,2;" min="1" penalty="1" slots="14;26;15;11" type="SOFT"/>
      <GA1 max="3" meetings="6,3;9,3;12,1;" min="2" penalty="1" slots="33" type="SOFT"/>
      <GA1 max="0" meetings="11,8;" min="0" penalty="1" slots="7" type="SOFT"/>
      <GA1 max="1" meetings="0,10;" min="1" penalty="1" slots="32" type="SOFT"/>
      <GA1 max="0" meetings="10,2;" min="0" penalty="1" slots="22" type="SOFT"/>
      <GA1 max="4" meetings="14,6;15,12;16,1;16,4;" min="2" penalty="1" slots="15" type="SOFT"/>
      <GA1 max="1" meetings="1,9;" min="1" penalty="1" slots="13;5" type="SOFT"/>
      <GA1 max="1" meetings="15,16;" min="1" penalty="1" slots="31;1" type="SOFT"/>
      <GA1 max="1" meetings="1,16;10,13;10,16;" min="0" penalty="1" slots="18" type="SOFT"/>
      <GA1 max="3" meetings="1,9;16,11;17,1;" min="2" penalty="1" slots="11" type="SOFT"/>
      <GA1 max="0" meetings="16,8;" min="0" penalty="1" slots="21" type="SOFT"/>
      <GA1 max="1" meetings="4,8;8,2;13,17;" min="0" penalty="1" slots="11;32;17;1" type="SOFT"/>
      <GA1 max="0" meetings="6,4;" min="0" penalty="1" slots="11" type="SOFT"/>
      <GA1 max="0" meetings="17,3;" min="0" penalty="1" slots="21;29;1" type="SOFT"/>
      <GA1 max="2" meetings="6,17;14,4;" min="1" penalty="1" slots="19;25;33;12" type="SOFT"/>
      <GA1 max="1" meetings="3,5;10,3;" min="0" penalty="1" slots="2;9;5;30" type="SOFT"/>
      <GA1 max="0" meetings="15,4;" min="0" penalty="1" slots="11;20" type="SOFT"/>
      <GA1 max="1" meetings="13,10;" min="1" penalty="1" slots="3" type="SOFT"/>
      <GA1 max="1" meetings="7,17;17,14;" min="0" penalty="1" slots="24" type="SOFT"/>
      <GA1 max="0" meetings="5,15;" min="0" penalty="1" slots="32" type="SOFT"/>
      <GA1 max="1" meetings="2,15;" min="1" penalty="1" slots="6" type="SOFT"/>
      <GA1 max="2" meetings="5,6;5,17;7,13;14,16;" min="0" penalty="1" slots="28;21;1" type="SOFT"/>
      <GA1 max="0" meetings="17,15;" min="0" penalty="1" slots="8" type="SOFT"/>
      <GA1 max="2" meetings="5,6;13,8;" min="1" penalty="1" slots="13;2;26;5" type="SOFT"/>
      <GA1 max="1" meetings="5,11;9,7;14,13;" min="0" penalty="1" slots="16" type="SOFT"/>
      <GA1 max="0" meetings="4,6;" min="0" penalty="1" slots="17" type="SOFT"/>
      <GA1 max="1" meetings="0,12;17,2;" min="0" penalty="1" slots="26;16;24" type="SOFT"/>
      <GA1 max="1" meetings="1,8;6,2;" min="0" penalty="1" slots="28" type="SOFT"/>
      <GA1 max="2" meetings="0,5;5,15;7,0;16,10;" min="0" penalty="1" slots="16;28;1" type="SOFT"/>
      <GA1 max="1" meetings="2,16;3,16;" min="0" penalty="1" slots="12;24" type="SOFT"/>
      <GA1 max="4" meetings="0,5;8,6;15,16;16,0;" min="2" penalty="1" slots="17" type="SOFT"/>
      <GA1 max="0" meetings="1,2;" min="0" penalty="1" slots="24;31;29" type="SOFT"/>
      <GA1 max="4" meetings="2,3;4,0;6,15;17,14;" min="2" penalty="1" slots="11" type="SOFT"/>
      <GA1 max="1" meetings="8,15;" min="1" penalty="1" slots="23" type="SOFT"/>
      <GA1 max="1" meetings="14,4;17,4;" min="0" penalty="1" slots="27" type="SOFT"/>
      <GA1 max="0" meetings="11,0;" min="0" penalty="1" slots="8;26;12;20" type="SOFT"/>
      <GA1 max="1" meetings="0,1;4,5;9,17;" min="0" penalty="1" slots="13;25;11" type="SOFT"/>
      <GA1 max="0" meetings="11,7;" min="0" penalty="1" slots="14;29" type="SOFT"/>
      <GA1 max="0" meetings="10,3;" min="0" penalty="1" slots="32" type="SOFT"/>
      <GA1 max="0" meetings="1,5;" min="0" penalty="1" slots="30" type="SOFT"/>
      <GA1 max="1" meetings="5,6;" min="1" penalty="1" slots="25;15;24;5" type="SOFT"/>
      <GA1 max="1" meetings="12,0;" min="1" penalty="1" slots="31" type="SOFT"/>
      <GA1 max="0" meetings="12,7;" min="0" penalty="1" slots="3" type="SOFT"/>
      <GA1 max="0" meetings="7,12;" min="0" penalty="1" slots="33;15" type="SOFT"/>
      <GA1 max="1" meetings="5,13;" min="1" penalty="1" slots="15;30;29" type="SOFT"/>
      <GA1 max="1" meetings="0,17;" min="1" penalty="1" slots="25;20" type="SOFT"/>
      <GA1 max="0" meetings="8,0;" min="0" penalty="1" slots="2;25;29" type="SOFT"/>
      <GA1 max="1" meetings="8,14;12,7;" min="0" penalty="1" slots="13;6;25;11" type="SOFT"/>
      <GA1 max="0" meetings="16,13;" min="0" penalty="1" slots="5" type="SOFT"/>
      <GA1 max="1" meetings="2,6;7,12;17,13;" min="0" penalty="1" slots="30" type="SOFT"/>
      <GA1 max="1" meetings="15,2;" min="1" penalty="1" slots="2" type="SOFT"/>
      <GA1 max="2" meetings="3,0;9,13;14,3;15,11;" min="0" penalty="1" slots="6" type="SOFT"/>
      <GA1 max="0" meetings="15,16;" min="0" penalty="1" slots="4" type="SOFT"/>
      <GA1 max="2" meetings="4,0;7,6;11,14;15,1;" min="0" penalty="1" slots="14" type="SOFT"/>
      <GA1 max="4" meetings="2,12;4,6;6,7;12,4;" min="2" penalty="1" slots="8" type="SOFT"/>
      <GA1 max="2" meetings="5,1;10,1;" min="1" penalty="1" slots="28;11" type="SOFT"/>
      <GA1 max="1" meetings="15,11;" min="1" penalty="1" slots="6;0" type="SOFT"/>
      <GA1 max="1" meetings="17,4;" min="1" penalty="1" slots="14;22" type="SOFT"/>
      <GA1 max="2" meetings="0,7;9,3;11,1;14,1;" min="0" penalty="1" slots="3" type="SOFT"/>
    </GameConstraints>
    <BreakConstraints>
      <BR1 intp="0" mode1="LEQ" mode2="HA" penalty="1" slots="20" teams="6" type="HARD"/>
      <BR1 intp="0" mode1="LEQ" mode2="HA" penalty="1" slots="9" teams="14" type="HARD"/>
      <BR1 intp="1" mode1="LEQ" mode2="HA" penalty="1" slots="14;15;32" teams="6" type="HARD"/>
      <BR1 intp="1" mode1="LEQ" mode2="HA" penalty="1" slots="16;1;4" teams="7" type="HARD"/>
      <BR1 intp="1" mode1="LEQ" mode2="HA" penalty="1" slots="6;18;5" teams="5" type="HARD"/>
      <BR1 intp="0" mode1="LEQ" mode2="HA" penalty="1" slots="9" teams="4" type="HARD"/>
      <BR1 intp="0" mode1="LEQ" mode2="HA" penalty="1" slots="13" teams="8" type="HARD"/>
      <BR1 intp="0" mode1="LEQ" mode2="HA" penalty="1" slots="22" teams="8" type="HARD"/>
      <BR1 intp="2" mode1="LEQ" mode2="HA" penalty="1" slots="6;11;22;32;23;29" teams="13" type="HARD"/>
      <BR1 intp="2" mode1="LEQ" mode2="HA" penalty="1" slots="2;19;26;21;18;32" teams="16" type="HARD"/>
      <BR1 intp="1" mode1="LEQ" mode2="HA" penalty="1" slots="2;16;15" teams="5" type="HARD"/>
      <BR1 intp="0" mode1="LEQ" mode2="HA" penalty="1" slots="0" teams="4" type="HARD"/>
      <BR1 intp="0" mode1="LEQ" mode2="HA" penalty="1" slots="24" teams="17" type="HARD"/>
      <BR1 intp="2" mode1="LEQ" mode2="HA" penalty="1" slots="14;19;12;24;0;1" teams="15" type="HARD"/>
      <BR1 intp="1" mode1="LEQ" mode2="HA" penalty="1" slots="26;20;23" teams="6" type="HARD"/>
      <BR1 intp="0" mode1="LEQ" mode2="HA" penalty="1" slots="11" teams="17" type="HARD"/>
      <BR1 intp="2" mode1="LEQ" mode2="HA" penalty="1" slots="6;12;11;24;23;29" teams="3" type="HARD"/>
      <BR1 intp="0" mode1="LEQ" mode2="HA" penalty="1" slots="9" teams="2" type="HARD"/>
      <BR1 intp="1" mode1="LEQ" mode2="HA" penalty="1" slots="14;8;3" teams="17" type="HARD"/>
      <BR1 intp="1" mode1="LEQ" mode2="HA" penalty="1" slots="33;7;23" teams="16" type="HARD"/>
      <BR1 intp="2" mode1="LEQ" mode2="HA" penalty="1" slots="13;6;28;20;31;4" teams="8" type="HARD"/>
      <BR1 intp="0" mode1="LEQ" mode2="HA" penalty="1" slots="10" teams="16" type="HARD"/>
      <BR1 intp="2" mode1="LEQ" mode2="HA" penalty="1" slots="14;9;15;11;21;0" teams="11" type="HARD"/>
      <BR1 intp="1" mode1="LEQ" mode2="HA" penalty="1" slots="9;15;22" teams="11" type="HARD"/>
      <BR1 intp="1" mode1="LEQ" mode2="HA" penalty="1" slots="10;21;24" teams="14" type="HARD"/>
      <BR1 intp="1" mode1="LEQ" mode2="HA" penalty="1" slots="21;31;17" teams="16" type="HARD"/>
      <BR1 intp="0" mode1="LEQ" mode2="HA" penalty="1" slots="12" teams="1" type="HARD"/>
      <BR1 intp="2" mode1="LEQ" mode2="HA" penalty="1" slots="26;10;15;28;18;24" teams="7" type="HARD"/>
      <BR1 intp="0" mode1="LEQ" mode2="HA" penalty="1" slots="24" teams="6" type="HARD"/>
      <BR1 intp="0" mode1="LEQ" mode2="HA" penalty="1" slots="4" teams="10" type="HARD"/>
      <BR1 intp="1" mode1="LEQ" mode2="HA" penalty="1" slots="10;11;30" teams="8" type="HARD"/>
      <BR1 intp="2" mode1="LEQ" mode2="HA" penalty="1" slots="25;28;20;30;1;4" teams="17" type="HARD"/>
      <BR1 intp="1" mode1="LEQ" mode2="HA" penalty="1" slots="22;23;1" teams="16" type="HARD"/>
      <BR1 intp="2" mode1="LEQ" mode2="HA" penalty="1" slots="26;11;30;31;29;4" teams="6" type="HARD"/>
      <BR1 intp="2" mode1="LEQ" mode2="HA" penalty="1" slots="6;24;30;32;31;0" teams="0" type="HARD"/>
      <BR1 intp="2" mode1="LEQ" mode2="HA" penalty="1" slots="26;9;21;23;17;4" teams="10" type="HARD"/>
      <BR1 intp="1" mode1="LEQ" mode2="HA" penalty="1" slots="27;18;23" teams="11" type="HARD"/>
      <BR1 intp="0" mode1="LEQ" mode2="HA" penalty="1" slots="0" teams="2" type="HARD"/>
      <BR1 intp="1" mode1="LEQ" mode2="HA" penalty="1" slots="27;10;28" teams="9" type="HARD"/>
    </BreakConstraints>
    <FairnessConstraints>
      <FA2 intp="2" mode="H" penalty="10" slots="13;14;27;2;6;8;19;26;25;10;9;16;33;15;28;12;11;7;21;18;24;22;5;20;30;32;31;23;29;17;0;1;4;3" teams="12;14;17;11;8;15;16;9;10;13;4;7;2;5;3;0;6;1" type="SOFT"/>
    </FairnessConstraints>
    <SeparationConstraints/>
  </Constraints>
</Instance>
