<?xml version="1.0" encoding="UTF-8"?>
<Instance>
  <MetaData>
    <InstanceName>Early 9</InstanceName>
    <DataType>A</DataType>
    <Contributor>ITC2021</Contributor>
    <Date year="2020" month="10"/>
  </MetaData>
  <Structure>
    <Format leagueIds="0">
      <numberRoundRobin>2</numberRoundRobin>
      <compactness>C</compactness>
      <gameMode>NULL</gameMode>
    </Format>
  </Structure>
  <ObjectiveFunction>
    <Objective>SC</Objective>
  </ObjectiveFunction>
  <Resources>
    <Leagues>
      <league id="0" name="League 0"/>
    </Leagues>
    <Teams>
      <team id="0" league="0" name="Team 0"/>
      <team id="1" league="0" name="Team 1"/>
      <team id="2" league="0" name="Team 2"/>
      <team id="3" league="0" name="Team 3"/>
      <team id="4" league="0" name="Team 4"/>
      <team id="5" league="0" name="Team 5"/>
      <team id="6" league="0" name="Team 6"/>
      <team id="7" league="0" name="Team 7"/>
      <team id="8" league="0" name="Team 8"/>
      <team id="9" league="0" name="Team 9"/>
      <team id="10" league="0" name="Team 10"/>
      <team id="11" league="0" name="Team 11"/>
      <team id="12" league="0" name="Team 12"/>
      <team id="13" league="0" name="Team 13"/>
      <team id="14" league="0" name="Team 14"/>
      <team id="15" league="0" name="Team 15"/>
      <team id="16" league="0" name="Team 16"/>
      <team id="17" league="0" name="Team 17"/>
    </Teams>
    <Slots>
      <slot id="0" name="Slot 0"/>
      <slot id="1" name="Slot 1"/>
      <slot id="2" name="Slot 2"/>
      <slot id="3" name="Slot 3"/>
      <slot id="4" name="Slot 4"/>
      <slot id="5" name="Slot 5"/>
      <slot id="6" name="Slot 6"/>
      <slot id="7" name="Slot 7"/>
      <slot id="8" name="Slot 8"/>
      <slot id="9" name="Slot 9"/>
      <slot id="10" name="Slot 10"/>
      <slot id="11" name="Slot 11"/>
      <slot id="12" name="Slot 12"/>
      <slot id="13" name="Slot 13"/>
      <slot id="14" name="Slot 14"/>
      <slot id="15" name="Slot 15"/>
      <slot id="16" name="Slot 16"/>
      <slot id="17" name="Slot 17"/>
      <slot id="18" name="Slot 18"/>
      <slot id="19" name="Slot 19"/>
      <slot id="20" name="Slot 20"/>
      <slot id="21" name="Slot 21"/>
      <slot id="22" name="Slot 22"/>
      <slot id="23" name="Slot 23"/>
      <slot id="24" name="Slot 24"/>
      <slot id="25" name="Slot 25"/>
      <slot id="26" name="Slot 26"/>
      <slot id="27" name="Slot 27"/>
      <slot id="28" name="Slot 28"/>
      <slot id="29" name="Slot 29"/>
      <slot id="30" name="Slot 30"/>
      <slot id="31" name="Slot 31"/>
      <slot id="32" name="Slot 32"/>
      <slot id="33" name="Slot 33"/>
    </Slots>
  </Resources>
  <Constraints>
    <BasicConstraints/>
    <CapacityConstraints>
      <CA1 max="1" min="0" mode="A" penalty="1" slots="22;1;30" teams="11" type="HARD"/>
      <CA1 max="0" min="0" mode="A" penalty="1" slots="21" teams="14" type="HARD"/>
      <CA1 max="0" min="0" mode="H" penalty="1" slots="7" teams="2" type="HARD"/>
      <CA1 max="0" min="0" mode="A" penalty="1" slots="4" teams="12" type="HARD"/>
      <CA1 max="1" min="0" mode="A" penalty="1" slots="14;16;15" teams="2" type="HARD"/>
      <CA1 max="1" min="0" mode="A" penalty="1" slots="26;2;3;28" teams="10" type="HARD"/>
      <CA1 max="0" min="0" mode="H" penalty="1" slots="16" teams="6" type="HARD"/>
      <CA1 max="1" min="0" mode="A" penalty="1" slots="5;31" teams="4" type="HARD"/>
      <CA1 max="0" min="0" mode="A" penalty="1" slots="2" teams="12" type="HARD"/>
      <CA1 max="1" min="0" mode="H" penalty="1" slots="18;7;32" teams="1" type="HARD"/>
      <CA1 max="0" min="0" mode="A" penalty="1" slots="13" teams="7" type="HARD"/>
      <CA1 max="2" min="0" mode="A" penalty="1" slots="20;0;3;33" teams="14" type="HARD"/>
      <CA1 max="0" min="0" mode="H" penalty="1" slots="15" teams="4" type="HARD"/>
      <CA1 max="1" min="0" mode="A" penalty="1" slots="1;16;15" teams="5" type="HARD"/>
      <CA1 max="1" min="0" mode="A" penalty="1" slots="18;26;17;3" teams="10" type="HARD"/>
      <CA1 max="0" min="0" mode="H" penalty="1" slots="9" teams="12" type="HARD"/>
      <CA1 max="0" min="0" mode="H" penalty="1" slots="26" teams="15" type="HARD"/>
      <CA1 max="0" min="0" mode="A" penalty="1" slots="4" teams="6" type="HARD"/>
      <CA1 max="1" min="0" mode="A" penalty="1" slots="18;29" teams="16" type="HARD"/>
      <CA1 max="0" min="0" mode="A" penalty="1" slots="17" teams="2" type="HARD"/>
      <CA1 max="1" min="0" mode="H" penalty="1" slots="14;20;28;16" teams="1" type="HARD"/>
      <CA1 max="0" min="0" mode="A" penalty="1" slots="4" teams="12" type="HARD"/>
      <CA1 max="0" min="0" mode="H" penalty="1" slots="29" teams="10" type="HARD"/>
      <CA1 max="1" min="0" mode="H" penalty="1" slots="29;28;21" teams="11" type="HARD"/>
      <CA1 max="2" min="0" mode="A" penalty="1" slots="20;12;5;21" teams="6" type="HARD"/>
      <CA1 max="1" min="0" mode="A" penalty="1" slots="20;8;17;23" teams="2" type="HARD"/>
      <CA1 max="2" min="0" mode="A" penalty="1" slots="6;29;17;5" teams="6" type="HARD"/>
      <CA1 max="1" min="0" mode="A" penalty="1" slots="18;26;31" teams="14" type="HARD"/>
      <CA1 max="1" min="0" mode="H" penalty="1" slots="9;13;32" teams="6" type="HARD"/>
      <CA1 max="1" min="0" mode="A" penalty="1" slots="20;8;3;30" teams="2" type="HARD"/>
      <CA1 max="1" min="0" mode="H" penalty="1" slots="9;33" teams="0" type="HARD"/>
      <CA1 max="1" min="0" mode="A" penalty="1" slots="18;23;5" teams="2" type="HARD"/>
      <CA1 max="1" min="0" mode="A" penalty="1" slots="0;21;32" teams="13" type="HARD"/>
      <CA1 max="1" min="0" mode="H" penalty="1" slots="18;23" teams="11" type="HARD"/>
      <CA1 max="1" min="0" mode="A" penalty="1" slots="11;19" teams="4" type="HARD"/>
      <CA1 max="1" min="0" mode="A" penalty="1" slots="1;17" teams="5" type="HARD"/>
      <CA1 max="0" min="0" mode="A" penalty="1" slots="27" teams="6" type="HARD"/>
      <CA1 max="0" min="0" mode="H" penalty="1" slots="14" teams="3" type="HARD"/>
      <CA1 max="0" min="0" mode="A" penalty="1" slots="3" teams="7" type="HARD"/>
      <CA2 max="0" min="0" mode1="H" mode2="GLOBAL" penalty="1" slots="14" teams1="16" teams2="2" type="HARD"/>
      <CA2 max="0" min="0" mode1="A" mode2="GLOBAL" penalty="1" slots="24" teams1="2" teams2="7" type="HARD"/>
      <CA2 max="1" min="0" mode1="HA" mode2="GLOBAL" penalty="1" slots="22;6;29;12;2" teams1="11" teams2="8;0;3;5;2" type="HARD"/>
      <CA2 max="0" min="0" mode1="H" mode2="GLOBAL" penalty="1" slots="11" teams1="5" teams2="4" type="HARD"/>
      <CA2 max="2" min="0" mode1="HA" mode2="GLOBAL" penalty="1" slots="29;19;0;5;15;33" teams1="5" teams2="15;16;0;1;11;2" type="HARD"/>
      <CA2 max="0" min="0" mode1="H" mode2="GLOBAL" penalty="1" slots="5" teams1="5" teams2="3" type="HARD"/>
      <CA2 max="0" min="0" mode1="A" mode2="GLOBAL" penalty="1" slots="4" teams1="16" teams2="3" type="HARD"/>
      <CA2 max="2" min="0" mode1="HA" mode2="GLOBAL" penalty="1" slots="6;11;25;1;17;31" teams1="1" teams2="9;8;16;14;5;2" type="HARD"/>
      <CA2 max="2" min="0" mode1="HA" mode2="GLOBAL" penalty="1" slots="13;7;19;26;17;33" teams1="6" teams2="17;13;1;11;4;2" type="HARD"/>
      <CA2 max="2" min="0" mode1="HA" mode2="GLOBAL" penalty="1" slots="29;11;17;30;21" teams1="1" teams2="9;12;0;3;6" type="HARD"/>
      <CA2 max="0" min="0" mode1="H" mode2="GLOBAL" penalty="1" slots="3" teams1="7" teams2="10" type="HARD"/>
      <CA2 max="0" min="0" mode1="A" mode2="GLOBAL" penalty="1" slots="33" teams1="16" teams2="3" type="HARD"/>
      <CA2 max="0" min="0" mode1="A" mode2="GLOBAL" penalty="1" slots="33" teams1="12" teams2="13" type="HARD"/>
      <CA2 max="0" min="0" mode1="A" mode2="GLOBAL" penalty="1" slots="19" teams1="0" teams2="6" type="HARD"/>
      <CA3 intp="4" max="2" min="0" mode1="H" mode2="SLOTS" penalty="5" teams1="3" teams2="17;8;0;11;4" type="SOFT"/>
      <CA3 intp="4" max="2" min="0" mode1="HA" mode2="SLOTS" penalty="5" teams1="16" teams2="15;1;5;6;2" type="SOFT"/>
      <CA3 intp="4" max="2" min="0" mode1="H" mode2="SLOTS" penalty="5" teams1="15" teams2="17;7;1;3;5;4" type="SOFT"/>
      <CA3 intp="4" max="2" min="0" mode1="A" mode2="SLOTS" penalty="5" teams1="2" teams2="9;7;10;0;11;5;6" type="SOFT"/>
      <CA3 intp="4" max="2" min="0" mode1="A" mode2="SLOTS" penalty="5" teams1="2" teams2="17;8;13;1;11" type="SOFT"/>
      <CA3 intp="4" max="2" min="0" mode1="HA" mode2="SLOTS" penalty="5" teams1="1" teams2="17;15;12;14;3;4" type="SOFT"/>
      <CA3 intp="4" max="2" min="0" mode1="H" mode2="SLOTS" penalty="5" teams1="14" teams2="9;17;8;16;12;13;2" type="SOFT"/>
      <CA3 intp="4" max="2" min="0" mode1="HA" mode2="SLOTS" penalty="5" teams1="16" teams2="9;15;10;13;6" type="SOFT"/>
      <CA3 intp="4" max="2" min="0" mode1="HA" mode2="SLOTS" penalty="5" teams1="17" teams2="8;15;10;16;6;2" type="SOFT"/>
      <CA3 intp="4" max="2" min="0" mode1="A" mode2="SLOTS" penalty="5" teams1="8" teams2="9;17;10;14;1;11;4" type="SOFT"/>
      <CA3 intp="4" max="2" min="0" mode1="HA" mode2="SLOTS" penalty="5" teams1="5" teams2="9;7;0;4;6" type="SOFT"/>
      <CA3 intp="4" max="2" min="0" mode1="H" mode2="SLOTS" penalty="5" teams1="15" teams2="12;13;1;4;6" type="SOFT"/>
      <CA3 intp="4" max="2" min="0" mode1="HA" mode2="SLOTS" penalty="5" teams1="14" teams2="17;7;10;16;12;0;11" type="SOFT"/>
      <CA3 intp="4" max="2" min="0" mode1="A" mode2="SLOTS" penalty="5" teams1="5" teams2="16;13;0;3;4" type="SOFT"/>
      <CA3 intp="4" max="2" min="0" mode1="HA" mode2="SLOTS" penalty="5" teams1="13" teams2="8;15;7;16;11;4;6" type="SOFT"/>
      <CA3 intp="4" max="2" min="0" mode1="A" mode2="SLOTS" penalty="5" teams1="7" teams2="9;17;8;1;2" type="SOFT"/>
      <CA3 intp="4" max="2" min="0" mode1="HA" mode2="SLOTS" penalty="5" teams1="17" teams2="8;10;13;4;6;2" type="SOFT"/>
      <CA3 intp="4" max="2" min="0" mode1="HA" mode2="SLOTS" penalty="5" teams1="3" teams2="17;7;12;13;0" type="SOFT"/>
      <CA3 intp="4" max="2" min="0" mode1="HA" mode2="SLOTS" penalty="5" teams1="1" teams2="9;17;7;10;4;6" type="SOFT"/>
      <CA3 intp="4" max="2" min="0" mode1="HA" mode2="SLOTS" penalty="5" teams1="16" teams2="17;10;12;14;3;4" type="SOFT"/>
      <CA3 intp="4" max="2" min="0" mode1="HA" mode2="SLOTS" penalty="5" teams1="9" teams2="7;12;14;3;5;6" type="SOFT"/>
      <CA3 intp="4" max="2" min="0" mode1="H" mode2="SLOTS" penalty="5" teams1="11" teams2="15;16;5;6;2" type="SOFT"/>
      <CA3 intp="4" max="2" min="0" mode1="HA" mode2="SLOTS" penalty="5" teams1="0" teams2="9;16;1;5;2" type="SOFT"/>
      <CA3 intp="4" max="2" min="0" mode1="HA" mode2="SLOTS" penalty="5" teams1="13" teams2="9;15;7;6;2" type="SOFT"/>
      <CA3 intp="4" max="2" min="0" mode1="H" mode2="SLOTS" penalty="5" teams1="9" teams2="8;16;14;13;0;11" type="SOFT"/>
      <CA3 intp="4" max="2" min="0" mode1="A" mode2="SLOTS" penalty="5" teams1="16" teams2="9;7;12;14;5;4" type="SOFT"/>
      <CA3 intp="4" max="2" min="0" mode1="A" mode2="SLOTS" penalty="5" teams1="5" teams2="9;17;8;7;10;13;2" type="SOFT"/>
      <CA3 intp="4" max="2" min="0" mode1="A" mode2="SLOTS" penalty="5" teams1="8" teams2="16;13;0;4;6;2" type="SOFT"/>
      <CA3 intp="4" max="2" min="0" mode1="A" mode2="SLOTS" penalty="5" teams1="8" teams2="15;14;13;3;4" type="SOFT"/>
      <CA3 intp="4" max="2" min="0" mode1="HA" mode2="SLOTS" penalty="5" teams1="16" teams2="15;13;1;3;5;4;2" type="SOFT"/>
      <CA3 intp="4" max="2" min="0" mode1="H" mode2="SLOTS" penalty="5" teams1="11" teams2="8;15;10;12;0;5" type="SOFT"/>
      <CA3 intp="4" max="2" min="0" mode1="H" mode2="SLOTS" penalty="5" teams1="2" teams2="7;16;12;13;6" type="SOFT"/>
      <CA3 intp="4" max="2" min="0" mode1="A" mode2="SLOTS" penalty="5" teams1="17" teams2="8;15;13;3;2" type="SOFT"/>
      <CA3 intp="4" max="2" min="0" mode1="HA" mode2="SLOTS" penalty="5" teams1="7" teams2="9;10;0;11;2" type="SOFT"/>
      <CA3 intp="4" max="2" min="0" mode1="HA" mode2="SLOTS" penalty="5" teams1="11" teams2="9;17;15;10;12;14;2" type="SOFT"/>
      <CA3 intp="4" max="2" min="0" mode1="HA" mode2="SLOTS" penalty="5" teams1="4" teams2="15;7;10;0;3" type="SOFT"/>
      <CA3 intp="4" max="2" min="0" mode1="A" mode2="SLOTS" penalty="5" teams1="12" teams2="17;8;10;16;13;11;4" type="SOFT"/>
      <CA3 intp="4" max="2" min="0" mode1="H" mode2="SLOTS" penalty="5" teams1="5" teams2="17;8;16;1;11;2" type="SOFT"/>
      <CA3 intp="4" max="2" min="0" mode1="A" mode2="SLOTS" penalty="5" teams1="1" teams2="9;15;7;12;13" type="SOFT"/>
      <CA3 intp="4" max="2" min="0" mode1="H" mode2="SLOTS" penalty="5" teams1="11" teams2="8;15;16;13;5" type="SOFT"/>
      <CA3 intp="4" max="2" min="0" mode1="H" mode2="SLOTS" penalty="5" teams1="2" teams2="9;17;16;0;1;4" type="SOFT"/>
      <CA3 intp="4" max="2" min="0" mode1="H" mode2="SLOTS" penalty="5" teams1="13" teams2="15;10;16;0;6" type="SOFT"/>
      <CA3 intp="4" max="2" min="0" mode1="H" mode2="SLOTS" penalty="5" teams1="8" teams2="15;16;12;1;4;2" type="SOFT"/>
      <CA3 intp="4" max="2" min="0" mode1="A" mode2="SLOTS" penalty="5" teams1="10" teams2="17;16;12;13;1;3;4" type="SOFT"/>
      <CA3 intp="4" max="2" min="0" mode1="H" mode2="SLOTS" penalty="5" teams1="3" teams2="17;15;10;1;6" type="SOFT"/>
      <CA3 intp="4" max="2" min="0" mode1="A" mode2="SLOTS" penalty="5" teams1="3" teams2="8;12;13;5;4;6;2" type="SOFT"/>
      <CA3 intp="4" max="2" min="0" mode1="A" mode2="SLOTS" penalty="5" teams1="6" teams2="9;17;8;7;10;0;3" type="SOFT"/>
      <CA3 intp="4" max="2" min="0" mode1="A" mode2="SLOTS" penalty="5" teams1="1" teams2="9;17;12;14;0;5;2" type="SOFT"/>
      <CA3 intp="4" max="2" min="0" mode1="A" mode2="SLOTS" penalty="5" teams1="2" teams2="8;15;10;3;4" type="SOFT"/>
      <CA3 intp="4" max="2" min="0" mode1="H" mode2="SLOTS" penalty="5" teams1="4" teams2="17;8;15;10;0" type="SOFT"/>
      <CA3 intp="4" max="2" min="0" mode1="A" mode2="SLOTS" penalty="5" teams1="16" teams2="7;10;13;1;3;2" type="SOFT"/>
      <CA3 intp="4" max="2" min="0" mode1="H" mode2="SLOTS" penalty="5" teams1="7" teams2="9;8;10;14;1" type="SOFT"/>
      <CA3 intp="4" max="2" min="0" mode1="A" mode2="SLOTS" penalty="5" teams1="3" teams2="13;11;5;4;2" type="SOFT"/>
      <CA3 intp="4" max="2" min="0" mode1="H" mode2="SLOTS" penalty="5" teams1="8" teams2="9;12;14;1;3;4" type="SOFT"/>
      <CA3 intp="4" max="2" min="0" mode1="H" mode2="SLOTS" penalty="5" teams1="6" teams2="17;10;14;13;1;11;3" type="SOFT"/>
      <CA3 intp="4" max="2" min="0" mode1="H" mode2="SLOTS" penalty="5" teams1="17" teams2="9;14;13;0;3" type="SOFT"/>
      <CA3 intp="4" max="2" min="0" mode1="H" mode2="SLOTS" penalty="5" teams1="16" teams2="9;8;13;3;5" type="SOFT"/>
      <CA3 intp="4" max="2" min="0" mode1="H" mode2="SLOTS" penalty="5" teams1="4" teams2="9;17;12;14;3;5" type="SOFT"/>
      <CA3 intp="4" max="2" min="0" mode1="HA" mode2="SLOTS" penalty="5" teams1="4" teams2="17;8;7;12;11;5;2" type="SOFT"/>
      <CA3 intp="4" max="2" min="0" mode1="H" mode2="SLOTS" penalty="5" teams1="11" teams2="15;14;0;1;4;2" type="SOFT"/>
      <CA3 intp="4" max="2" min="0" mode1="A" mode2="SLOTS" penalty="5" teams1="7" teams2="17;16;14;0;11;3;6" type="SOFT"/>
      <CA3 intp="4" max="2" min="0" mode1="HA" mode2="SLOTS" penalty="5" teams1="16" teams2="8;10;0;11;3;6;2" type="SOFT"/>
      <CA3 intp="4" max="2" min="0" mode1="H" mode2="SLOTS" penalty="5" teams1="15" teams2="17;10;12;11;5;4;6" type="SOFT"/>
      <CA3 intp="4" max="2" min="0" mode1="A" mode2="SLOTS" penalty="5" teams1="11" teams2="17;15;10;14;0;4" type="SOFT"/>
      <CA3 intp="4" max="2" min="0" mode1="HA" mode2="SLOTS" penalty="5" teams1="13" teams2="7;10;12;5;4" type="SOFT"/>
      <CA3 intp="4" max="2" min="0" mode1="A" mode2="SLOTS" penalty="5" teams1="4" teams2="15;7;12;0;5" type="SOFT"/>
      <CA3 intp="4" max="2" min="0" mode1="A" mode2="SLOTS" penalty="5" teams1="10" teams2="15;16;12;3;6;2" type="SOFT"/>
      <CA3 intp="4" max="2" min="0" mode1="A" mode2="SLOTS" penalty="5" teams1="14" teams2="9;15;10;12;0;6;2" type="SOFT"/>
      <CA3 intp="4" max="2" min="0" mode1="A" mode2="SLOTS" penalty="5" teams1="2" teams2="8;10;16;14;13;0" type="SOFT"/>
      <CA3 intp="4" max="2" min="0" mode1="A" mode2="SLOTS" penalty="5" teams1="8" teams2="9;16;13;0;11;3;6" type="SOFT"/>
      <CA3 intp="4" max="2" min="0" mode1="HA" mode2="SLOTS" penalty="5" teams1="1" teams2="8;16;12;13;0;4" type="SOFT"/>
      <CA3 intp="4" max="2" min="0" mode1="A" mode2="SLOTS" penalty="5" teams1="12" teams2="15;13;0;5;4;2" type="SOFT"/>
      <CA3 intp="4" max="2" min="0" mode1="HA" mode2="SLOTS" penalty="5" teams1="9" teams2="8;15;12;3;5;6" type="SOFT"/>
      <CA3 intp="4" max="2" min="0" mode1="A" mode2="SLOTS" penalty="5" teams1="5" teams2="15;7;16;13;3" type="SOFT"/>
      <CA3 intp="4" max="2" min="0" mode1="HA" mode2="SLOTS" penalty="5" teams1="4" teams2="17;8;10;13;1;11;5" type="SOFT"/>
      <CA3 intp="4" max="2" min="0" mode1="HA" mode2="SLOTS" penalty="5" teams1="17" teams2="8;15;16;6;2" type="SOFT"/>
      <CA3 intp="4" max="2" min="0" mode1="H" mode2="SLOTS" penalty="5" teams1="2" teams2="17;10;16;3;5" type="SOFT"/>
      <CA3 intp="4" max="2" min="0" mode1="H" mode2="SLOTS" penalty="5" teams1="11" teams2="15;12;14;1;3;6" type="SOFT"/>
      <CA3 intp="4" max="2" min="0" mode1="A" mode2="SLOTS" penalty="5" teams1="10" teams2="8;14;13;0;1;5;4" type="SOFT"/>
      <CA3 intp="4" max="2" min="0" mode1="H" mode2="SLOTS" penalty="5" teams1="13" teams2="9;17;10;16;1;5;4" type="SOFT"/>
      <CA3 intp="4" max="2" min="0" mode1="A" mode2="SLOTS" penalty="5" teams1="6" teams2="15;16;11;3;5;4" type="SOFT"/>
      <CA3 intp="4" max="2" min="0" mode1="A" mode2="SLOTS" penalty="5" teams1="1" teams2="8;10;14;13;4" type="SOFT"/>
      <CA3 intp="4" max="2" min="0" mode1="A" mode2="SLOTS" penalty="5" teams1="16" teams2="15;7;14;3;2" type="SOFT"/>
      <CA3 intp="4" max="2" min="0" mode1="HA" mode2="SLOTS" penalty="5" teams1="14" teams2="15;10;16;12;13;1;2" type="SOFT"/>
      <CA3 intp="4" max="2" min="0" mode1="A" mode2="SLOTS" penalty="5" teams1="13" teams2="15;12;14;1;11;2" type="SOFT"/>
      <CA3 intp="4" max="2" min="0" mode1="H" mode2="SLOTS" penalty="5" teams1="17" teams2="8;12;11;3;5;6" type="SOFT"/>
      <CA3 intp="4" max="2" min="0" mode1="HA" mode2="SLOTS" penalty="5" teams1="10" teams2="8;16;12;0;5;4;6" type="SOFT"/>
      <CA3 intp="4" max="2" min="0" mode1="A" mode2="SLOTS" penalty="5" teams1="1" teams2="7;10;14;13;11;3;2" type="SOFT"/>
    </CapacityConstraints>
    <GameConstraints>
      <GA1 max="0" meetings="8,5;" min="0" penalty="1" slots="4" type="HARD"/>
      <GA1 max="4" meetings="2,15;3,1;7,12;14,13;" min="2" penalty="1" slots="24;8;17;28" type="HARD"/>
      <GA1 max="1" meetings="0,17;3,1;8,1;" min="0" penalty="1" slots="24;19;17" type="HARD"/>
      <GA1 max="2" meetings="7,16;14,4;" min="1" penalty="1" slots="13;1" type="HARD"/>
      <GA1 max="1" meetings="5,2;" min="1" penalty="1" slots="13" type="HARD"/>
      <GA1 max="0" meetings="9,7;" min="0" penalty="1" slots="19" type="HARD"/>
      <GA1 max="0" meetings="0,9;" min="0" penalty="1" slots="25" type="HARD"/>
      <GA1 max="0" meetings="6,15;" min="0" penalty="1" slots="14" type="HARD"/>
      <GA1 max="2" meetings="7,12;10,3;" min="1" penalty="1" slots="24;8" type="HARD"/>
      <GA1 max="2" meetings="1,12;4,2;7,9;8,12;" min="0" penalty="1" slots="2;0;15;31" type="HARD"/>
      <GA1 max="1" meetings="0,3;4,3;13,0;" min="0" penalty="1" slots="20;2;32" type="HARD"/>
      <GA1 max="4" meetings="3,5;3,17;9,2;9,11;" min="2" penalty="1" slots="18;29;26;30" type="HARD"/>
      <GA1 max="0" meetings="6,16;" min="0" penalty="1" slots="24" type="HARD"/>
      <GA1 max="4" meetings="2,11;3,14;4,1;9,12;" min="2" penalty="1" slots="12;0;5;31" type="HARD"/>
      <GA1 max="3" meetings="11,9;15,3;17,4;" min="2" penalty="1" slots="13;11;26" type="SOFT"/>
      <GA1 max="2" meetings="5,4;7,16;" min="1" penalty="1" slots="19" type="SOFT"/>
    </GameConstraints>
    <BreakConstraints>
      <BR1 intp="1" mode1="LEQ" mode2="HA" penalty="1" slots="9;12;16" teams="4" type="HARD"/>
      <BR1 intp="0" mode1="LEQ" mode2="HA" penalty="1" slots="28" teams="5" type="HARD"/>
      <BR1 intp="2" mode1="LEQ" mode2="HA" penalty="1" slots="22;14;25;1;0;31" teams="8" type="HARD"/>
      <BR1 intp="2" mode1="LEQ" mode2="HA" penalty="1" slots="11;8;2;0;28;31" teams="13" type="HARD"/>
      <BR1 intp="2" mode1="LEQ" mode2="HA" penalty="1" slots="11;25;7;4;5;21" teams="15" type="HARD"/>
      <BR1 intp="1" mode1="LEQ" mode2="HA" penalty="1" slots="9;28;33" teams="11" type="HARD"/>
      <BR1 intp="0" mode1="LEQ" mode2="HA" penalty="1" slots="19" teams="8" type="HARD"/>
      <BR1 intp="1" mode1="LEQ" mode2="HA" penalty="1" slots="9;17;32" teams="17" type="HARD"/>
      <BR1 intp="2" mode1="LEQ" mode2="HA" penalty="1" slots="10;18;11;17;16;15" teams="13" type="HARD"/>
      <BR1 intp="2" mode1="LEQ" mode2="HA" penalty="1" slots="9;18;25;2;28;31" teams="11" type="HARD"/>
      <BR1 intp="0" mode1="LEQ" mode2="HA" penalty="1" slots="25" teams="5" type="HARD"/>
      <BR1 intp="1" mode1="LEQ" mode2="HA" penalty="1" slots="10;11;33" teams="11" type="HARD"/>
      <BR1 intp="2" mode1="LEQ" mode2="HA" penalty="1" slots="9;27;8;23;3;16" teams="13" type="HARD"/>
      <BR1 intp="0" mode1="LEQ" mode2="HA" penalty="1" slots="33" teams="17" type="HARD"/>
      <BR1 intp="2" mode1="LEQ" mode2="HA" penalty="1" slots="6;8;19;4;23;28" teams="11" type="HARD"/>
      <BR1 intp="0" mode1="LEQ" mode2="HA" penalty="1" slots="18" teams="5" type="HARD"/>
      <BR1 intp="0" mode1="LEQ" mode2="HA" penalty="1" slots="17" teams="10" type="HARD"/>
      <BR1 intp="2" mode1="LEQ" mode2="HA" penalty="1" slots="14;20;27;12;19;32" teams="4" type="HARD"/>
      <BR1 intp="0" mode1="LEQ" mode2="HA" penalty="1" slots="11" teams="0" type="HARD"/>
      <BR1 intp="1" mode1="LEQ" mode2="HA" penalty="1" slots="22;24;30" teams="17" type="HARD"/>
      <BR1 intp="0" mode1="LEQ" mode2="HA" penalty="1" slots="31" teams="10" type="HARD"/>
      <BR1 intp="2" mode1="LEQ" mode2="HA" penalty="1" slots="29;12;11;25;1;3" teams="11" type="HARD"/>
      <BR1 intp="2" mode1="LEQ" mode2="HA" penalty="1" slots="10;20;24;4;33;32" teams="1" type="HARD"/>
      <BR1 intp="0" mode1="LEQ" mode2="HA" penalty="5" slots="28" teams="7" type="SOFT"/>
      <BR1 intp="1" mode1="LEQ" mode2="HA" penalty="5" slots="25;4;32" teams="8" type="SOFT"/>
      <BR1 intp="2" mode1="LEQ" mode2="HA" penalty="5" slots="12;11;7;26;21;31" teams="9" type="SOFT"/>
      <BR1 intp="1" mode1="LEQ" mode2="HA" penalty="5" slots="26;4;17" teams="1" type="SOFT"/>
      <BR1 intp="1" mode1="LEQ" mode2="HA" penalty="5" slots="9;27;30" teams="17" type="SOFT"/>
      <BR1 intp="2" mode1="LEQ" mode2="HA" penalty="5" slots="18;1;4;28;21;32" teams="15" type="SOFT"/>
      <BR1 intp="2" mode1="LEQ" mode2="HA" penalty="5" slots="22;14;20;13;25;30" teams="4" type="SOFT"/>
      <BR1 intp="1" mode1="LEQ" mode2="HA" penalty="5" slots="8;26;5" teams="7" type="SOFT"/>
      <BR1 intp="1" mode1="LEQ" mode2="HA" penalty="5" slots="14;11;5" teams="5" type="SOFT"/>
      <BR1 intp="2" mode1="LEQ" mode2="HA" penalty="5" slots="12;11;25;23;30;16" teams="15" type="SOFT"/>
      <BR2 intp="16" homeMode="HA" mode2="LEQ" penalty="10" slots="22;9;10;14;18;20;24;27;6;13;29;12;11;8;25;7;19;1;26;4;2;17;0;23;3;5;28;30;21;16;15;33;31;32" teams="9;17;8;15;7;10;16;12;14;13;0;1;11;3;5;4;6;2" type="SOFT"/>
    </BreakConstraints>
    <FairnessConstraints>
      <FA2 intp="2" mode="H" penalty="10" slots="22;9;10;14;18;20;24;27;6;13;29;12;11;8;25;7;19;1;26;4;2;17;0;23;3;5;28;30;21;16;15;33;31;32" teams="9;17;8;15;7;10;16;12;14;13;0;1;11;3;5;4;6;2" type="SOFT"/>
    </FairnessConstraints>
    <SeparationConstraints/>
  </Constraints>
</Instance>
